instrument_name,currency,expiry_date,strike,option_type,spot_price,mark_price,mark_iv,time_to_expiry_years
BTC-10APR26-50000-C,BTC,2026-04-10 00:00:00+00:00,50000.0,C,71459.02,21459.143706000003,1.1811,0.005306364425241463
BTC-10APR26-56000-C,BTC,2026-04-10 00:00:00+00:00,56000.0,C,71460.87,15464.132268,1.1092,0.005306351148598119
BTC-10APR26-56000-P,BTC,2026-04-10 00:00:00+00:00,56000.0,P,71460.87,7.146087,1.1092,0.005306344287303217
BTC-10APR26-58000-C,BTC,2026-04-10 00:00:00+00:00,58000.0,C,71460.87,13470.373995,1.0714,0.005306335496045326
BTC-10APR26-58000-P,BTC,2026-04-10 00:00:00+00:00,58000.0,P,71460.87,14.292174,1.0714,0.0053063287272162645
BTC-10APR26-60000-C,BTC,2026-04-10 00:00:00+00:00,60000.0,C,71463.9,11477.102339999998,0.9239,0.005306321951003879
BTC-10APR26-60000-P,BTC,2026-04-10 00:00:00+00:00,60000.0,P,71463.9,14.292779999999999,0.9239,0.005306315153528786
BTC-10APR26-62000-C,BTC,2026-04-10 00:00:00+00:00,62000.0,C,71463.9,9483.25953,0.8108,0.00530630847871828
BTC-10APR26-62000-P,BTC,2026-04-10 00:00:00+00:00,62000.0,P,71463.9,21.439169999999997,0.8108,0.0053063016081070806
BTC-10APR26-63000-C,BTC,2026-04-10 00:00:00+00:00,63000.0,C,71463.9,8482.76493,0.7545999999999999,0.005306294878381119
BTC-10APR26-63000-P,BTC,2026-04-10 00:00:00+00:00,63000.0,P,71462.99,21.438897,0.7547,0.005306287770394453
BTC-10APR26-64000-C,BTC,2026-04-10 00:00:00+00:00,64000.0,C,71462.99,7496.467651,0.7049,0.005306281042094456
BTC-10APR26-64000-P,BTC,2026-04-10 00:00:00+00:00,64000.0,P,71462.99,35.731495,0.7049,0.005306273342903136
BTC-10APR26-65000-C,BTC,2026-04-10 00:00:00+00:00,65000.0,C,71462.99,6517.424688000001,0.6654000000000001,0.005306266450237026
BTC-10APR26-65000-P,BTC,2026-04-10 00:00:00+00:00,65000.0,P,71461.77,50.023239000000004,0.6654000000000001,0.0053062592027593985
BTC-10APR26-66000-C,BTC,2026-04-10 00:00:00+00:00,66000.0,C,71461.77,5538.287175,0.6178,0.005306248832135523
BTC-10APR26-66000-P,BTC,2026-04-10 00:00:00+00:00,66000.0,P,71462.96,71.46296000000001,0.6178,0.005306239090995512
BTC-10APR26-67000-C,BTC,2026-04-10 00:00:00+00:00,67000.0,C,71461.77,4573.55328,0.5769,0.005306231952905163
BTC-10APR26-67000-P,BTC,2026-04-10 00:00:00+00:00,67000.0,P,71461.74,114.33878400000002,0.5769,0.005306224921318478
BTC-10APR26-67500-C,BTC,2026-04-10 00:00:00+00:00,67500.0,C,71461.74,4101.903876,0.5598,0.005306215814257104
BTC-10APR26-67500-P,BTC,2026-04-10 00:00:00+00:00,67500.0,P,71461.74,142.92348,0.5598,0.005306208083219256
BTC-10APR26-68000-C,BTC,2026-04-10 00:00:00+00:00,68000.0,C,71461.74,3644.54874,0.5448,0.005306199911241666
BTC-10APR26-68000-P,BTC,2026-04-10 00:00:00+00:00,68000.0,P,71461.96,185.801096,0.5448,0.005306189949584252
BTC-10APR26-68500-C,BTC,2026-04-10 00:00:00+00:00,68500.0,C,71461.96,3201.495808,0.5297,0.005306177859564732
BTC-10APR26-68500-P,BTC,2026-04-10 00:00:00+00:00,68500.0,P,71461.96,235.82446800000002,0.5297,0.005306170986767055
BTC-10APR26-69000-C,BTC,2026-04-10 00:00:00+00:00,69000.0,C,71462.24,2772.7349120000003,0.516,0.005306164033101376
BTC-10APR26-69000-P,BTC,2026-04-10 00:00:00+00:00,69000.0,P,71462.24,307.28763200000003,0.516,0.005306156693379725
BTC-10APR26-69500-C,BTC,2026-04-10 00:00:00+00:00,69500.0,C,71462.4,2358.2592,0.5036,0.0053061344663409135
BTC-10APR26-69500-P,BTC,2026-04-10 00:00:00+00:00,69500.0,P,71462.4,400.18944,0.5036,0.00530612765875732
BTC-10APR26-70000-C,BTC,2026-04-10 00:00:00+00:00,70000.0,C,71462.4,1979.5084799999997,0.49369999999999997,0.0053061209905696256
BTC-10APR26-70000-P,BTC,2026-04-10 00:00:00+00:00,70000.0,P,71462.4,521.67552,0.49369999999999997,0.005306114026066621
BTC-10APR26-70500-C,BTC,2026-04-10 00:00:00+00:00,70500.0,C,71462.4,1629.3427199999999,0.48469999999999996,0.0053061072293203535
BTC-10APR26-70500-P,BTC,2026-04-10 00:00:00+00:00,70500.0,P,71462.82,671.7505080000001,0.48469999999999996,0.005306100157838365
BTC-10APR26-71000-C,BTC,2026-04-10 00:00:00+00:00,71000.0,C,71462.82,1322.0621700000002,0.47859999999999997,0.005306093599386519
BTC-10APR26-71000-P,BTC,2026-04-10 00:00:00+00:00,71000.0,P,71462.82,857.5538400000002,0.47859999999999997,0.005306086574993028
BTC-10APR26-72000-C,BTC,2026-04-10 00:00:00+00:00,72000.0,C,71462.82,807.5298660000001,0.46619999999999995,0.0053060794415291405
BTC-10APR26-72000-P,BTC,2026-04-10 00:00:00+00:00,72000.0,P,71462.82,1343.5010160000002,0.46619999999999995,0.00530606935403833
BTC-10APR26-73000-C,BTC,2026-04-10 00:00:00+00:00,73000.0,C,71462.8,450.21564,0.4582,0.005306059294559789
BTC-10APR26-73000-P,BTC,2026-04-10 00:00:00+00:00,73000.0,P,71462.82,1986.666396,0.4582,0.005306052480923771
BTC-10APR26-74000-C,BTC,2026-04-10 00:00:00+00:00,74000.0,C,71462.8,242.97352,0.4646,0.005306045626473496
BTC-10APR26-74000-P,BTC,2026-04-10 00:00:00+00:00,74000.0,P,71462.82,2779.903698,0.4646,0.005306038696764013
BTC-10APR26-75000-C,BTC,2026-04-10 00:00:00+00:00,75000.0,C,71462.82,135.779358,0.48229999999999995,0.005306031902521105
BTC-10APR26-75000-P,BTC,2026-04-10 00:00:00+00:00,75000.0,P,71462.82,3673.1889480000004,0.48229999999999995,0.005306024899010064
BTC-10APR26-76000-C,BTC,2026-04-10 00:00:00+00:00,76000.0,C,71462.82,78.60910200000001,0.5065999999999999,0.0053060184156589855
BTC-10APR26-76000-P,BTC,2026-04-10 00:00:00+00:00,76000.0,P,71462.82,4616.4981720000005,0.5065999999999999,0.005306011685457702
BTC-10APR26-78000-C,BTC,2026-04-10 00:00:00+00:00,78000.0,C,71462.82,28.585128000000005,0.5650999999999999,0.005306004820360231
BTC-10APR26-78000-P,BTC,2026-04-10 00:00:00+00:00,78000.0,P,71462.78,6567.429482,0.5650999999999999,0.005305997676502649
BTC-10APR26-80000-C,BTC,2026-04-10 00:00:00+00:00,80000.0,C,71462.82,14.292564000000002,0.6297,0.005305989017289021
BTC-10APR26-80000-P,BTC,2026-04-10 00:00:00+00:00,80000.0,P,71462.82,8554.099554,0.6297,0.005305982440394708
BTC-10APR26-83000-C,BTC,2026-04-10 00:00:00+00:00,83000.0,C,71462.68,7.146268,0.7006,0.005305975825854944
BTC-10APR26-83000-P,BTC,2026-04-10 00:00:00+00:00,83000.0,P,71462.68,11541.222819999999,0.7006,0.0053059691043361975
BTC-10APR26-85000-P,BTC,2026-04-10 00:00:00+00:00,85000.0,P,71462.68,13535.031592,0.7041,0.00530595466210992
BTC-11APR26-60000-C,BTC,2026-04-11 00:00:00+00:00,60000.0,C,71456.83,11490.258264,0.8225,0.008043798034704794
BTC-11APR26-60000-P,BTC,2026-04-11 00:00:00+00:00,60000.0,P,71456.83,21.437049,0.8225,0.008043791307070246
BTC-11APR26-61000-C,BTC,2026-04-11 00:00:00+00:00,61000.0,C,71456.83,10497.008327,0.7837000000000001,0.00804378482419449
BTC-11APR26-61000-P,BTC,2026-04-11 00:00:00+00:00,61000.0,P,71456.83,28.582732000000004,0.7837000000000001,0.008043775352149719
BTC-11APR26-62000-C,BTC,2026-04-11 00:00:00+00:00,62000.0,C,71456.83,9503.75839,0.7404999999999999,0.0080437685100578
BTC-11APR26-62000-P,BTC,2026-04-11 00:00:00+00:00,62000.0,P,71456.83,35.728415,0.7404999999999999,0.008043760180748854
BTC-11APR26-63000-C,BTC,2026-04-11 00:00:00+00:00,63000.0,C,71456.83,8517.654136000001,0.6987000000000001,0.008043753756717875
BTC-11APR26-63000-P,BTC,2026-04-11 00:00:00+00:00,63000.0,P,71456.83,50.019781,0.6987000000000001,0.008043744509848658
BTC-11APR26-64000-C,BTC,2026-04-11 00:00:00+00:00,64000.0,C,71456.83,7531.549881999999,0.657,0.008043734003187822
BTC-11APR26-64000-P,BTC,2026-04-11 00:00:00+00:00,64000.0,P,71456.83,64.311147,0.657,0.008043727316621037
BTC-11APR26-65000-C,BTC,2026-04-11 00:00:00+00:00,65000.0,C,71456.83,6559.736994000001,0.6211,0.008043718119723934
BTC-11APR26-65000-P,BTC,2026-04-11 00:00:00+00:00,65000.0,P,71456.83,92.893879,0.6211,0.008043710529159379
BTC-11APR26-65500-C,BTC,2026-04-11 00:00:00+00:00,65500.0,C,71456.83,6073.830550000001,0.6043999999999999,0.008043701532055669
BTC-11APR26-65500-P,BTC,2026-04-11 00:00:00+00:00,65500.0,P,71456.83,107.18524500000001,0.6043999999999999,0.008043694781985956
BTC-11APR26-66000-C,BTC,2026-04-11 00:00:00+00:00,66000.0,C,71456.52,5602.191168,0.5888,0.00804368829179025
BTC-11APR26-66000-P,BTC,2026-04-11 00:00:00+00:00,66000.0,P,71456.52,128.621736,0.5888,0.008043677806772379
BTC-11APR26-66500-C,BTC,2026-04-11 00:00:00+00:00,66500.0,C,71456.52,5130.578136,0.5736,0.008043665479345706
BTC-11APR26-66500-P,BTC,2026-04-11 00:00:00+00:00,66500.0,P,71456.19,164.34923700000002,0.5736,0.008043658583193907
BTC-11APR26-67000-C,BTC,2026-04-11 00:00:00+00:00,67000.0,C,71456.19,4666.089207,0.5590999999999999,0.008043650932105104
BTC-11APR26-67000-P,BTC,2026-04-11 00:00:00+00:00,67000.0,P,71456.19,200.077332,0.5590999999999999,0.008043643621631557
BTC-11APR26-67500-C,BTC,2026-04-11 00:00:00+00:00,67500.0,C,71456.19,4208.769591,0.5453,0.008043637163472507
BTC-11APR26-67500-P,BTC,2026-04-11 00:00:00+00:00,67500.0,P,71456.19,242.951046,0.5453,0.008043630551087535
BTC-11APR26-68000-C,BTC,2026-04-11 00:00:00+00:00,68000.0,C,71456.12,3765.7375239999997,0.5327000000000001,0.008043623647203842
BTC-11APR26-68000-P,BTC,2026-04-11 00:00:00+00:00,68000.0,P,71456.12,300.11570399999994,0.5327000000000001,0.008043616936015414
BTC-11APR26-68500-C,BTC,2026-04-11 00:00:00+00:00,68500.0,C,71456.12,3344.146416,0.524,0.008043610385770781
BTC-11APR26-68500-P,BTC,2026-04-11 00:00:00+00:00,68500.0,P,71456.12,378.71743599999996,0.524,0.008043603482330722
BTC-11APR26-69000-C,BTC,2026-04-11 00:00:00+00:00,69000.0,C,71456.12,2922.5553079999995,0.5084000000000001,0.008043596950401804
BTC-11APR26-69000-P,BTC,2026-04-11 00:00:00+00:00,69000.0,P,71456.12,457.319168,0.5084000000000001,0.008043590130871803
BTC-11APR26-69500-C,BTC,2026-04-11 00:00:00+00:00,69500.0,C,71456.12,2536.69226,0.498,0.008043583446206301
BTC-11APR26-69500-P,BTC,2026-04-11 00:00:00+00:00,69500.0,P,71456.12,564.5033480000001,0.498,0.008043576398395315
BTC-11APR26-70000-C,BTC,2026-04-11 00:00:00+00:00,70000.0,C,71456.12,2165.1204359999997,0.48719999999999997,0.008043565655689913
BTC-11APR26-70000-P,BTC,2026-04-11 00:00:00+00:00,70000.0,P,71456.01,700.2688979999999,0.48719999999999997,0.008043552753314575
BTC-11APR26-70500-C,BTC,2026-04-11 00:00:00+00:00,70500.0,C,71456.01,1822.1282549999999,0.47909999999999997,0.008043545920412199
BTC-11APR26-70500-P,BTC,2026-04-11 00:00:00+00:00,70500.0,P,71456.01,857.4721199999999,0.47909999999999997,0.008043539064092326
BTC-11APR26-71000-C,BTC,2026-04-11 00:00:00+00:00,71000.0,C,71456.01,1522.0130129999998,0.47340000000000004,0.008043532577825944
BTC-11APR26-71000-P,BTC,2026-04-11 00:00:00+00:00,71000.0,P,71456.15,1050.405405,0.47340000000000004,0.008043525873070195
BTC-11APR26-71500-C,BTC,2026-04-11 00:00:00+00:00,71500.0,C,71456.15,1243.3370099999997,0.4667,0.008043518721258905
BTC-11APR26-71500-P,BTC,2026-04-11 00:00:00+00:00,71500.0,P,71456.15,1279.065085,0.4667,0.008043511977685248
BTC-11APR26-72000-C,BTC,2026-04-11 00:00:00+00:00,72000.0,C,71456.15,1000.3860999999999,0.4608,0.008043502856871245
BTC-11APR26-72000-P,BTC,2026-04-11 00:00:00+00:00,72000.0,P,71456.15,1536.3072249999998,0.4608,0.008043496004480694
BTC-11APR26-72500-C,BTC,2026-04-11 00:00:00+00:00,72500.0,C,71456.15,786.0176499999999,0.4547,0.008043489461175755
BTC-11APR26-72500-P,BTC,2026-04-11 00:00:00+00:00,72500.0,P,71456.15,1822.1318249999997,0.4547,0.00804348202388648
BTC-11APR26-73000-C,BTC,2026-04-11 00:00:00+00:00,73000.0,C,71456.15,614.52289,0.45130000000000003,0.008043475134294115
BTC-11APR26-73000-P,BTC,2026-04-11 00:00:00+00:00,73000.0,P,71457.37,2143.7210999999998,0.45130000000000003,0.008043468384921539
BTC-11APR26-74000-C,BTC,2026-04-11 00:00:00+00:00,74000.0,C,71457.37,357.28684999999996,0.4484,0.008043457833041804
BTC-11APR26-74000-P,BTC,2026-04-11 00:00:00+00:00,74000.0,P,71457.37,2886.877748,0.4484,0.008043450969845616
BTC-11APR26-75000-C,BTC,2026-04-11 00:00:00+00:00,75000.0,C,71457.37,200.080636,0.45130000000000003,0.008043444235936828
BTC-11APR26-75000-P,BTC,2026-04-11 00:00:00+00:00,75000.0,P,71460.71,3730.249062000001,0.45130000000000003,0.008043434518372753
BTC-11APR26-76000-C,BTC,2026-04-11 00:00:00+00:00,76000.0,C,71460.71,114.33713600000002,0.4607,0.008043427700300403
BTC-11APR26-76000-P,BTC,2026-04-11 00:00:00+00:00,76000.0,P,71460.71,4644.946150000001,0.4607,0.008043421047291303
BTC-11APR26-77000-C,BTC,2026-04-11 00:00:00+00:00,77000.0,C,71460.71,71.46071,0.4767,0.008043356846813446
BTC-11APR26-77000-P,BTC,2026-04-11 00:00:00+00:00,77000.0,P,71461.33,5595.422138999999,0.4767,0.008043350140473294
BTC-11APR26-78000-C,BTC,2026-04-11 00:00:00+00:00,78000.0,C,71461.33,42.876797999999994,0.49689999999999995,0.008043343630123963
BTC-11APR26-78000-P,BTC,2026-04-11 00:00:00+00:00,78000.0,P,71461.37,6567.299902999999,0.49689999999999995,0.008043336008568458
BTC-11APR26-79000-C,BTC,2026-04-11 00:00:00+00:00,79000.0,C,71461.37,35.730685,0.53,0.00804332940144371
BTC-11APR26-79000-P,BTC,2026-04-11 00:00:00+00:00,79000.0,P,71461.37,7560.612946,0.53,0.008043322643135092
BTC-11APR26-80000-C,BTC,2026-04-11 00:00:00+00:00,80000.0,C,71461.37,21.438410999999995,0.5550999999999999,0.008043315635789793
BTC-11APR26-80000-P,BTC,2026-04-11 00:00:00+00:00,80000.0,P,71461.37,8546.779852,0.5550999999999999,0.008043309227349355
BTC-17APR26-50000-C,BTC,2026-04-17 00:00:00+00:00,50000.0,C,71507.82,21531.004602,0.9206,0.024470407449932823
BTC-17APR26-50000-P,BTC,2026-04-17 00:00:00+00:00,50000.0,P,71507.82,21.452346,0.9206,0.02447040066269298
BTC-17APR26-55000-C,BTC,2026-04-17 00:00:00+00:00,55000.0,C,71507.82,16554.060330000004,0.7746999999999999,0.02447039373558192
BTC-17APR26-55000-P,BTC,2026-04-17 00:00:00+00:00,55000.0,P,71507.82,50.055474000000004,0.7746999999999999,0.024470386914182317
BTC-17APR26-56000-C,BTC,2026-04-17 00:00:00+00:00,56000.0,C,71507.82,15560.101632,0.7401000000000001,0.024470380137621366
BTC-17APR26-56000-P,BTC,2026-04-17 00:00:00+00:00,56000.0,P,71507.82,50.055474000000004,0.7401000000000001,0.024470373451815092
BTC-17APR26-58000-C,BTC,2026-04-17 00:00:00+00:00,58000.0,C,71505.07,13585.963300000001,0.6901999999999999,0.024470366822286864
BTC-17APR26-58000-P,BTC,2026-04-17 00:00:00+00:00,58000.0,P,71505.07,78.65557700000001,0.6901999999999999,0.024470360444964128
BTC-17APR26-60000-C,BTC,2026-04-17 00:00:00+00:00,60000.0,C,71504.91,11626.698366,0.6431999999999999,0.02447035315245773
BTC-17APR26-60000-P,BTC,2026-04-17 00:00:00+00:00,60000.0,P,71505.07,121.55861900000001,0.6431999999999999,0.024470345566614697
BTC-17APR26-62000-C,BTC,2026-04-17 00:00:00+00:00,62000.0,C,71503.31,9695.848836,0.5986,0.024470338709597687
BTC-17APR26-62000-P,BTC,2026-04-17 00:00:00+00:00,62000.0,P,71503.31,185.908606,0.5986,0.02447033210510305
BTC-17APR26-63000-C,BTC,2026-04-17 00:00:00+00:00,63000.0,C,71503.31,8744.854813,0.5783,0.02447032521490861
BTC-17APR26-63000-P,BTC,2026-04-17 00:00:00+00:00,63000.0,P,71504.91,243.116694,0.5783,0.024470318182371283
BTC-17APR26-64000-C,BTC,2026-04-17 00:00:00+00:00,64000.0,C,71503.31,7815.311782999999,0.5593,0.024470310411311376
BTC-17APR26-64000-P,BTC,2026-04-17 00:00:00+00:00,64000.0,P,71503.34,307.464362,0.5593,0.02447029975178721
BTC-17APR26-65000-C,BTC,2026-04-17 00:00:00+00:00,65000.0,C,71503.34,6907.222644,0.5428999999999999,0.024470290942498793
BTC-17APR26-65000-P,BTC,2026-04-17 00:00:00+00:00,65000.0,P,71503.34,400.418704,0.5428999999999999,0.02447028323959997
BTC-17APR26-66000-C,BTC,2026-04-17 00:00:00+00:00,66000.0,C,71504.07,6020.642694,0.525,0.02447027578187188
BTC-17APR26-66000-P,BTC,2026-04-17 00:00:00+00:00,66000.0,P,71504.07,521.9797110000001,0.525,0.024470268738623974
BTC-17APR26-67000-C,BTC,2026-04-17 00:00:00+00:00,67000.0,C,71504.07,5176.894668000001,0.5103,0.024470262010545793
BTC-17APR26-67000-P,BTC,2026-04-17 00:00:00+00:00,67000.0,P,71504.07,679.288665,0.5103,0.02447025514814181
BTC-17APR26-68000-C,BTC,2026-04-17 00:00:00+00:00,68000.0,C,71504.07,4383.199491,0.49700000000000005,0.024470248704147338
BTC-17APR26-68000-P,BTC,2026-04-17 00:00:00+00:00,68000.0,P,71506.72,879.532656,0.49700000000000005,0.02447024187837478
BTC-17APR26-69000-C,BTC,2026-04-17 00:00:00+00:00,69000.0,C,71506.72,3639.6920480000003,0.4844,0.024470234989416178
BTC-17APR26-69000-P,BTC,2026-04-17 00:00:00+00:00,69000.0,P,71506.72,1136.956848,0.4844,0.02447022839636094
BTC-17APR26-70000-C,BTC,2026-04-17 00:00:00+00:00,70000.0,C,71506.77,2960.380278,0.473,0.0244702189630707
BTC-17APR26-70000-P,BTC,2026-04-17 00:00:00+00:00,70000.0,P,71507.53,1458.753612,0.473,0.024470212033963296
BTC-17APR26-71000-C,BTC,2026-04-17 00:00:00+00:00,71000.0,C,71507.5,2359.7475,0.46259999999999996,0.02447020524513905
BTC-17APR26-71000-P,BTC,2026-04-17 00:00:00+00:00,71000.0,P,71507.5,1852.04425,0.46259999999999996,0.024470198232470153
BTC-17APR26-72000-C,BTC,2026-04-17 00:00:00+00:00,72000.0,C,71507.5,1830.592,0.4535,0.0244701916091211
BTC-17APR26-72000-P,BTC,2026-04-17 00:00:00+00:00,72000.0,P,71507.5,2323.99375,0.4535,0.024470185238611303
BTC-17APR26-73000-C,BTC,2026-04-17 00:00:00+00:00,73000.0,C,71507.78,1387.250932,0.4456,0.02447017848980911
BTC-17APR26-73000-P,BTC,2026-04-17 00:00:00+00:00,73000.0,P,71507.78,2881.763534,0.4456,0.024470171673289475
BTC-17APR26-74000-C,BTC,2026-04-17 00:00:00+00:00,74000.0,C,71507.78,1022.561254,0.4387,0.024470164699470175
BTC-17APR26-74000-P,BTC,2026-04-17 00:00:00+00:00,74000.0,P,71507.78,3511.031998,0.4387,0.02447015810403833
BTC-17APR26-75000-C,BTC,2026-04-17 00:00:00+00:00,75000.0,C,71507.68,736.529104,0.434,0.02447014991203387
BTC-17APR26-75000-P,BTC,2026-04-17 00:00:00+00:00,75000.0,P,71507.68,4226.103888,0.434,0.024470142388996627
BTC-17APR26-76000-C,BTC,2026-04-17 00:00:00+00:00,76000.0,C,71507.68,522.0060639999999,0.4321,0.02447013562108652
BTC-17APR26-76000-P,BTC,2026-04-17 00:00:00+00:00,76000.0,P,71507.68,5019.839136,0.4321,0.024470124102371538
BTC-17APR26-80000-C,BTC,2026-04-17 00:00:00+00:00,80000.0,C,71507.68,128.713824,0.44229999999999997,0.024470114657610207
BTC-17APR26-80000-P,BTC,2026-04-17 00:00:00+00:00,80000.0,P,71507.68,8616.675439999999,0.44229999999999997,0.024470108031916245
BTC-17APR26-82000-C,BTC,2026-04-17 00:00:00+00:00,82000.0,C,71507.68,71.50768,0.461,0.024470101001945646
BTC-17APR26-82000-P,BTC,2026-04-17 00:00:00+00:00,82000.0,P,71507.68,10561.684335999998,0.461,0.02447009319634573
BTC-24APR26-40000-C,BTC,2026-04-24 00:00:00+00:00,40000.0,C,71538.69,31548.56229,1.0190000000000001,0.04363504169949553
BTC-24APR26-40000-P,BTC,2026-04-24 00:00:00+00:00,40000.0,P,71538.69,14.307738,1.0190000000000001,0.04363503490525262
BTC-24APR26-45000-C,BTC,2026-04-24 00:00:00+00:00,45000.0,C,71538.69,26569.469466000002,0.9186,0.043635028107840895
BTC-24APR26-45000-P,BTC,2026-04-24 00:00:00+00:00,45000.0,P,71538.69,28.615476,0.9186,0.043635021672877534
BTC-24APR26-50000-C,BTC,2026-04-24 00:00:00+00:00,50000.0,C,71538.69,21604.68438,0.8066,0.043635014892862575
BTC-24APR26-50000-P,BTC,2026-04-24 00:00:00+00:00,50000.0,P,71538.69,64.384821,0.8066,0.04363500800732628
BTC-24APR26-52000-C,BTC,2026-04-24 00:00:00+00:00,52000.0,C,71538.89,19615.963638,0.7467,0.043635000831241916
BTC-24APR26-52000-P,BTC,2026-04-24 00:00:00+00:00,52000.0,P,71538.89,78.692779,0.7467,0.04363499272362283
BTC-24APR26-54000-C,BTC,2026-04-24 00:00:00+00:00,54000.0,C,71538.89,17641.490274,0.7061,0.04363498578272745
BTC-24APR26-54000-P,BTC,2026-04-24 00:00:00+00:00,54000.0,P,71538.53,107.307795,0.7061,0.04363497892384085
BTC-24APR26-55000-C,BTC,2026-04-24 00:00:00+00:00,55000.0,C,71538.53,16661.323636999998,0.6823999999999999,0.04363497211312013
BTC-24APR26-55000-P,BTC,2026-04-24 00:00:00+00:00,55000.0,P,71538.53,121.615501,0.6823999999999999,0.04363496514354704
BTC-24APR26-56000-C,BTC,2026-04-24 00:00:00+00:00,56000.0,C,71538.53,15681.245776,0.6618999999999999,0.043634958320911604
BTC-24APR26-56000-P,BTC,2026-04-24 00:00:00+00:00,56000.0,P,71538.53,143.07706,0.6618,0.04363494925453774
BTC-24APR26-57000-C,BTC,2026-04-24 00:00:00+00:00,57000.0,C,71538.53,14708.321768,0.6426000000000001,0.04363494256667173
BTC-24APR26-57000-P,BTC,2026-04-24 00:00:00+00:00,57000.0,P,71538.53,171.69247199999998,0.6426000000000001,0.043634936179113744
BTC-24APR26-58000-C,BTC,2026-04-24 00:00:00+00:00,58000.0,C,71538.53,13735.39776,0.6223,0.043634929446282354
BTC-24APR26-58000-P,BTC,2026-04-24 00:00:00+00:00,58000.0,P,71538.42,200.30757599999998,0.6223,0.043634922468153474
BTC-24APR26-59000-C,BTC,2026-04-24 00:00:00+00:00,59000.0,C,71538.34,12776.747524,0.6035,0.0436349154628679
BTC-24APR26-59000-P,BTC,2026-04-24 00:00:00+00:00,59000.0,P,71538.34,236.07652199999998,0.6035,0.04363490865170355
BTC-24APR26-60000-C,BTC,2026-04-24 00:00:00+00:00,60000.0,C,71538.34,11825.287602,0.5871,0.04363490055219662
BTC-24APR26-60000-P,BTC,2026-04-24 00:00:00+00:00,60000.0,P,71538.42,286.15368,0.5871,0.043634890826837275
BTC-24APR26-61000-C,BTC,2026-04-24 00:00:00+00:00,61000.0,C,71538.34,10880.981514000001,0.5699000000000001,0.043634884016528507
BTC-24APR26-61000-P,BTC,2026-04-24 00:00:00+00:00,61000.0,P,71538.34,343.38403199999993,0.5699000000000001,0.04363487712326032
BTC-24APR26-62000-C,BTC,2026-04-24 00:00:00+00:00,62000.0,C,71538.34,9958.136927999998,0.5548,0.0436348681945395
BTC-24APR26-62000-P,BTC,2026-04-24 00:00:00+00:00,62000.0,P,71538.34,414.92237199999994,0.5548,0.04363486147736203
BTC-24APR26-63000-C,BTC,2026-04-24 00:00:00+00:00,63000.0,C,71538.04,9049.562059999998,0.5404,0.04363485444203615
BTC-24APR26-63000-P,BTC,2026-04-24 00:00:00+00:00,63000.0,P,71538.04,507.920084,0.5404,0.0436348478503435
BTC-24APR26-64000-C,BTC,2026-04-24 00:00:00+00:00,64000.0,C,71538.04,8162.490363999998,0.5264,0.043634841097358476
BTC-24APR26-64000-P,BTC,2026-04-24 00:00:00+00:00,64000.0,P,71538.34,622.3835579999999,0.5264,0.04363483479472457
BTC-24APR26-65000-C,BTC,2026-04-24 00:00:00+00:00,65000.0,C,71538.34,7304.064514,0.5138,0.04363482682323751
BTC-24APR26-65000-P,BTC,2026-04-24 00:00:00+00:00,65000.0,P,71538.04,765.4570279999999,0.5138,0.04363481993919056
BTC-24APR26-66000-C,BTC,2026-04-24 00:00:00+00:00,66000.0,C,71538.34,6474.21977,0.5018,0.04363481295146019
BTC-24APR26-66000-P,BTC,2026-04-24 00:00:00+00:00,66000.0,P,71538.34,937.152254,0.5018,0.04363480593118615
BTC-24APR26-67000-C,BTC,2026-04-24 00:00:00+00:00,67000.0,C,71538.34,5680.144195999999,0.49,0.04363479916888483
BTC-24APR26-67000-P,BTC,2026-04-24 00:00:00+00:00,67000.0,P,71538.15,1144.6104,0.49,0.04363479192543159
BTC-24APR26-68000-C,BTC,2026-04-24 00:00:00+00:00,68000.0,C,71538.15,4936.13235,0.4797,0.04363478521560575
BTC-24APR26-68000-P,BTC,2026-04-24 00:00:00+00:00,68000.0,P,71538.15,1394.993925,0.4797,0.04363477780205085
BTC-24APR26-69000-C,BTC,2026-04-24 00:00:00+00:00,69000.0,C,71538.15,4227.904665,0.4698,0.043634770796004765
BTC-24APR26-69000-P,BTC,2026-04-24 00:00:00+00:00,69000.0,P,71538.15,1695.4541549999997,0.4698,0.04363476330750754
BTC-24APR26-70000-C,BTC,2026-04-24 00:00:00+00:00,70000.0,C,71537.98,3591.206596,0.46159999999999995,0.043634754483008846
BTC-24APR26-70000-P,BTC,2026-04-24 00:00:00+00:00,70000.0,P,71537.98,2053.140026,0.46159999999999995,0.04363474692096357
BTC-24APR26-71000-C,BTC,2026-04-24 00:00:00+00:00,71000.0,C,71537.98,2997.441362,0.4537,0.04363473934145815
BTC-24APR26-71000-P,BTC,2026-04-24 00:00:00+00:00,71000.0,P,71537.98,2460.906512,0.4537,0.043634729673454255
BTC-24APR26-72000-C,BTC,2026-04-24 00:00:00+00:00,72000.0,C,71539.56,2468.1148200000002,0.446,0.04363472057456841
BTC-24APR26-72000-P,BTC,2026-04-24 00:00:00+00:00,72000.0,P,71537.97,2933.05677,0.446,0.04363471088881917
BTC-24APR26-73000-C,BTC,2026-04-24 00:00:00+00:00,73000.0,C,71539.56,2010.261636,0.43979999999999997,0.043634704342345426
BTC-24APR26-73000-P,BTC,2026-04-24 00:00:00+00:00,73000.0,P,71539.87,3469.6836949999997,0.43979999999999997,0.04363469794296778
BTC-24APR26-74000-C,BTC,2026-04-24 00:00:00+00:00,74000.0,C,71539.87,1609.6470749999999,0.4339,0.043634691556423806
BTC-24APR26-74000-P,BTC,2026-04-24 00:00:00+00:00,74000.0,P,71539.56,4070.6009639999997,0.4339,0.04363468396604938
BTC-24APR26-75000-C,BTC,2026-04-24 00:00:00+00:00,75000.0,C,71539.87,1273.409686,0.4294,0.04363467714100565
BTC-24APR26-75000-P,BTC,2026-04-24 00:00:00+00:00,75000.0,P,71539.87,4728.785407,0.4294,0.04363467023883312
BTC-24APR26-76000-C,BTC,2026-04-24 00:00:00+00:00,76000.0,C,71540.07,987.2529660000001,0.4254,0.04363466340437803
BTC-24APR26-76000-P,BTC,2026-04-24 00:00:00+00:00,76000.0,P,71540.07,5451.353334,0.4254,0.04363465631258397
BTC-24APR26-77000-C,BTC,2026-04-24 00:00:00+00:00,77000.0,C,71540.07,765.478749,0.4236,0.04363464962389408
BTC-24APR26-77000-P,BTC,2026-04-24 00:00:00+00:00,77000.0,P,71540.07,6223.98609,0.4236,0.04363464274216037
BTC-24APR26-78000-C,BTC,2026-04-24 00:00:00+00:00,78000.0,C,71540.07,593.782581,0.4238,0.043634634805625266
BTC-24APR26-78000-P,BTC,2026-04-24 00:00:00+00:00,78000.0,P,71544.42,7054.279812,0.4238,0.04363462831561969
BTC-24APR26-79000-C,BTC,2026-04-24 00:00:00+00:00,79000.0,C,71544.42,457.884288,0.4243,0.043634621640935935
BTC-24APR26-79000-P,BTC,2026-04-24 00:00:00+00:00,79000.0,P,71544.42,7912.812852,0.4243,0.04363461471147996
BTC-24APR26-80000-C,BTC,2026-04-24 00:00:00+00:00,80000.0,C,71540.37,357.70185,0.4294,0.04363460777907699
BTC-24APR26-80000-P,BTC,2026-04-24 00:00:00+00:00,80000.0,P,71544.55,8821.443015,0.4294,0.04363460116482242
BTC-24APR26-81000-C,BTC,2026-04-24 00:00:00+00:00,81000.0,C,71546.76,271.877688,0.4313,0.04363459444707455
BTC-24APR26-81000-P,BTC,2026-04-24 00:00:00+00:00,81000.0,P,71544.55,9737.213255,0.4313,0.043634587502630114
BTC-24APR26-82000-C,BTC,2026-04-24 00:00:00+00:00,82000.0,C,71546.76,221.79495599999998,0.4376,0.043634580774488556
BTC-24APR26-82000-P,BTC,2026-04-24 00:00:00+00:00,82000.0,P,71546.76,10681.931267999998,0.4376,0.04363457331511269
BTC-24APR26-83000-C,BTC,2026-04-24 00:00:00+00:00,83000.0,C,71546.89,171.71253599999997,0.4446,0.043634566521566914
BTC-24APR26-83000-P,BTC,2026-04-24 00:00:00+00:00,83000.0,P,71546.89,11633.524314,0.4446,0.04363455977159226
BTC-24APR26-84000-C,BTC,2026-04-24 00:00:00+00:00,84000.0,C,71546.89,143.09378,0.45289999999999997,0.04363455332243263
BTC-24APR26-84000-P,BTC,2026-04-24 00:00:00+00:00,84000.0,P,71546.89,12599.407329,0.45289999999999997,0.04363454350720587
BTC-24APR26-85000-C,BTC,2026-04-24 00:00:00+00:00,85000.0,C,71546.94,121.629798,0.4664,0.043634534919512254
BTC-24APR26-85000-P,BTC,2026-04-24 00:00:00+00:00,85000.0,P,71546.94,13579.609212,0.4664,0.04363452583273126
BTC-24APR26-86000-C,BTC,2026-04-24 00:00:00+00:00,86000.0,C,71547.12,107.32068,0.4805,0.043634518911862756
BTC-24APR26-86000-P,BTC,2026-04-24 00:00:00+00:00,86000.0,P,71547.12,14559.838919999998,0.4805,0.04363451230172763
BTC-24APR26-88000-C,BTC,2026-04-24 00:00:00+00:00,88000.0,C,71547.12,78.701832,0.49939999999999996,0.043634503922826834
BTC-24APR26-88000-P,BTC,2026-04-24 00:00:00+00:00,88000.0,P,71547.22,16534.562542,0.49939999999999996,0.04363449738532081
BTC-24APR26-90000-C,BTC,2026-04-24 00:00:00+00:00,90000.0,C,71547.22,57.237776000000004,0.5199,0.043634490673054985
BTC-24APR26-90000-P,BTC,2026-04-24 00:00:00+00:00,90000.0,P,71547.12,18509.239943999997,0.5199,0.04363448409004487
BTC-24APR26-92000-C,BTC,2026-04-24 00:00:00+00:00,92000.0,C,71547.22,42.928332,0.54,0.04363447740994245
BTC-24APR26-92000-P,BTC,2026-04-24 00:00:00+00:00,92000.0,P,71547.19,20498.269935,0.54,0.04363447059630644
BTC-24APR26-94000-C,BTC,2026-04-24 00:00:00+00:00,94000.0,C,71547.19,35.773595,0.5599000000000001,0.043634464198418134
BTC-24APR26-94000-P,BTC,2026-04-24 00:00:00+00:00,94000.0,P,71547.19,22487.281817000003,0.5599000000000001,0.04363445769890612
BTC-24APR26-95000-C,BTC,2026-04-24 00:00:00+00:00,95000.0,C,71547.19,35.773595,0.5778,0.043634449271047225
BTC-24APR26-95000-P,BTC,2026-04-24 00:00:00+00:00,95000.0,P,71547.19,23488.942477,0.5778,0.04363444214921287
BTC-24APR26-96000-C,BTC,2026-04-24 00:00:00+00:00,96000.0,C,71547.19,28.618876000000004,0.5788,0.04363443522733034
BTC-24APR26-96000-P,BTC,2026-04-24 00:00:00+00:00,96000.0,P,71547.19,24483.448418,0.5788,0.043634428373925775
BTC-24APR26-98000-C,BTC,2026-04-24 00:00:00+00:00,98000.0,C,71547.22,21.464166,0.6009,0.04363441950183157
BTC-24APR26-98000-P,BTC,2026-04-24 00:00:00+00:00,98000.0,P,71544.2,26471.354,0.601,0.04363441248938449
BTC-24APR26-100000-C,BTC,2026-04-24 00:00:00+00:00,100000.0,C,71547.53,14.309506,0.6147,0.04363440491529774
BTC-24APR26-100000-P,BTC,2026-04-24 00:00:00+00:00,100000.0,P,71544.2,28467.437179999997,0.6147,0.04363439713425609
BTC-24APR26-105000-C,BTC,2026-04-24 00:00:00+00:00,105000.0,C,71547.53,14.309506,0.6923999999999999,0.04363438813575811
BTC-24APR26-105000-P,BTC,2026-04-24 00:00:00+00:00,105000.0,P,71544.2,33468.37676,0.6923999999999999,0.043634381421717744
BTC-24APR26-110000-C,BTC,2026-04-24 00:00:00+00:00,110000.0,C,71543.3,14.308660000000001,0.7413,0.04363437470533247
BTC-24APR26-110000-P,BTC,2026-04-24 00:00:00+00:00,110000.0,P,71544.22,38462.172672,0.7413,0.04363436765571526
BTC-24APR26-120000-C,BTC,2026-04-24 00:00:00+00:00,120000.0,C,71543.3,7.154330000000001,0.8537,0.043634357933334596
BTC-24APR26-120000-P,BTC,2026-04-24 00:00:00+00:00,120000.0,P,71538.82,48460.39666800001,0.8537,0.04363434829841306
BTC-29MAY26-40000-C,BTC,2026-05-29 00:00:00+00:00,40000.0,C,71732.2,31849.0968,0.7656000000000001,0.13945911792756738
BTC-29MAY26-40000-P,BTC,2026-05-29 00:00:00+00:00,40000.0,P,71731.47,114.770352,0.7656000000000001,0.13945911120731616
BTC-29MAY26-45000-C,BTC,2026-05-29 00:00:00+00:00,45000.0,C,71726.94,26926.293276,0.6834,0.1394591040580082
BTC-29MAY26-45000-P,BTC,2026-05-29 00:00:00+00:00,45000.0,P,71731.47,193.674969,0.6834,0.13945909509718737
BTC-29MAY26-48000-C,BTC,2026-05-29 00:00:00+00:00,48000.0,C,71731.47,24008.523009,0.6399,0.1394590858712006
BTC-29MAY26-48000-P,BTC,2026-05-29 00:00:00+00:00,48000.0,P,71726.94,272.562372,0.6399,0.13945907898154486
BTC-29MAY26-50000-C,BTC,2026-05-29 00:00:00+00:00,50000.0,C,71726.94,22070.379438,0.6119,0.13945907227694757
BTC-29MAY26-50000-P,BTC,2026-05-29 00:00:00+00:00,50000.0,P,71726.94,337.116618,0.6119,0.13945906508127995
BTC-29MAY26-52000-C,BTC,2026-05-29 00:00:00+00:00,52000.0,C,71726.94,20148.097446,0.5843,0.13945905831390856
BTC-29MAY26-52000-P,BTC,2026-05-29 00:00:00+00:00,52000.0,P,71724.84,416.00407199999995,0.5843,0.13945905141110224
BTC-29MAY26-54000-C,BTC,2026-05-29 00:00:00+00:00,54000.0,C,71724.84,18268.316747999997,0.5642,0.13945904451723198
BTC-29MAY26-54000-P,BTC,2026-05-29 00:00:00+00:00,54000.0,P,71724.84,545.108784,0.5642,0.13945903755912994
BTC-29MAY26-56000-C,BTC,2026-05-29 00:00:00+00:00,56000.0,C,71724.84,16432.160843999998,0.5447,0.13945902758102643
BTC-29MAY26-56000-P,BTC,2026-05-29 00:00:00+00:00,56000.0,P,71724.84,702.903432,0.5447,0.13945902034546354
BTC-29MAY26-57000-C,BTC,2026-05-29 00:00:00+00:00,57000.0,C,71720.14,15520.238296000001,0.5341,0.13945901342579917
BTC-29MAY26-57000-P,BTC,2026-05-29 00:00:00+00:00,57000.0,P,71720.14,796.093554,0.5341,0.13945900646991533
BTC-29MAY26-58000-C,BTC,2026-05-29 00:00:00+00:00,58000.0,C,71720.14,14630.908559999998,0.5249,0.13945899962278502
BTC-29MAY26-58000-P,BTC,2026-05-29 00:00:00+00:00,58000.0,P,71720.14,903.673764,0.5249,0.13945899301537507
BTC-29MAY26-59000-C,BTC,2026-05-29 00:00:00+00:00,59000.0,C,71721.17,13748.948289,0.5154,0.13945898495756964
BTC-29MAY26-59000-P,BTC,2026-05-29 00:00:00+00:00,59000.0,P,71720.07,1025.597001,0.5154,0.13945897795453394
BTC-29MAY26-60000-C,BTC,2026-05-29 00:00:00+00:00,60000.0,C,71720.07,12888.096579000001,0.5071,0.13945897065391538
BTC-29MAY26-60000-P,BTC,2026-05-29 00:00:00+00:00,60000.0,P,71720.07,1161.8651340000001,0.5071,0.1394589634557761
BTC-29MAY26-61000-C,BTC,2026-05-29 00:00:00+00:00,61000.0,C,71720.07,12041.799753000001,0.499,0.13945895566487948
BTC-29MAY26-61000-P,BTC,2026-05-29 00:00:00+00:00,61000.0,P,71720.68,1319.660512,0.499,0.13945894604611886
BTC-29MAY26-62000-C,BTC,2026-05-29 00:00:00+00:00,62000.0,C,71719.82,11216.979848000003,0.49119999999999997,0.139458937025154
BTC-29MAY26-62000-P,BTC,2026-05-29 00:00:00+00:00,62000.0,P,71719.82,1491.772256,0.49119999999999997,0.13945893019383604
BTC-29MAY26-63000-C,BTC,2026-05-29 00:00:00+00:00,63000.0,C,71719.82,10420.889846000002,0.4849,0.1394589207799706
BTC-29MAY26-63000-P,BTC,2026-05-29 00:00:00+00:00,63000.0,P,71721.0,1699.7876999999999,0.4849,0.139458913309694
BTC-29MAY26-64000-C,BTC,2026-05-29 00:00:00+00:00,64000.0,C,71721.0,9639.302399999999,0.47740000000000005,0.13945890639053665
BTC-29MAY26-64000-P,BTC,2026-05-29 00:00:00+00:00,64000.0,P,71722.15,1922.1536199999998,0.47740000000000005,0.13945889926886076
BTC-29MAY26-65000-C,BTC,2026-05-29 00:00:00+00:00,65000.0,C,71721.0,8893.404,0.47119999999999995,0.1394588925326704
BTC-29MAY26-65000-P,BTC,2026-05-29 00:00:00+00:00,65000.0,P,71722.31,2173.185993,0.47119999999999995,0.13945888555374933
BTC-29MAY26-66000-C,BTC,2026-05-29 00:00:00+00:00,66000.0,C,71722.31,8176.34334,0.4653,0.1394588778894149
BTC-29MAY26-66000-P,BTC,2026-05-29 00:00:00+00:00,66000.0,P,71722.15,2460.069745,0.4653,0.13945886782283823
BTC-29MAY26-67000-C,BTC,2026-05-29 00:00:00+00:00,67000.0,C,71722.15,7487.79246,0.4596,0.13945886079746242
BTC-29MAY26-67000-P,BTC,2026-05-29 00:00:00+00:00,67000.0,P,71722.49,2768.488114,0.4596,0.13945885406060662
BTC-29MAY26-68000-C,BTC,2026-05-29 00:00:00+00:00,68000.0,C,71722.49,6827.981048000001,0.45399999999999996,0.13945884744752454
BTC-29MAY26-68000-P,BTC,2026-05-29 00:00:00+00:00,68000.0,P,71722.49,3105.583817,0.45399999999999996,0.13945884034999492
BTC-29MAY26-69000-C,BTC,2026-05-29 00:00:00+00:00,69000.0,C,71722.49,6203.995385,0.44920000000000004,0.13945883372664586
BTC-29MAY26-69000-P,BTC,2026-05-29 00:00:00+00:00,69000.0,P,71722.31,3485.7042659999997,0.44920000000000004,0.13945882679608082
BTC-29MAY26-70000-C,BTC,2026-05-29 00:00:00+00:00,70000.0,C,71722.49,5608.698718000001,0.44420000000000004,0.1394588198927358
BTC-29MAY26-70000-P,BTC,2026-05-29 00:00:00+00:00,70000.0,P,71726.08,3887.553536,0.44420000000000004,0.13945881253466674
BTC-29MAY26-71000-C,BTC,2026-05-29 00:00:00+00:00,71000.0,C,71722.49,5056.435545,0.43979999999999997,0.1394588054514602
BTC-29MAY26-71000-P,BTC,2026-05-29 00:00:00+00:00,71000.0,P,71722.49,4332.038396000001,0.43979999999999997,0.13945879847795778
BTC-29MAY26-72000-C,BTC,2026-05-29 00:00:00+00:00,72000.0,C,71726.17,4533.093944,0.435,0.13945879137618195
BTC-29MAY26-72000-P,BTC,2026-05-29 00:00:00+00:00,72000.0,P,71726.08,4812.819968000001,0.435,0.13945878480258322
BTC-29MAY26-73000-C,BTC,2026-05-29 00:00:00+00:00,73000.0,C,71726.08,4045.350912,0.43079999999999996,0.13945877605625903
BTC-29MAY26-73000-P,BTC,2026-05-29 00:00:00+00:00,73000.0,P,71726.08,5322.075136,0.43079999999999996,0.13945876605435772
BTC-29MAY26-74000-C,BTC,2026-05-29 00:00:00+00:00,74000.0,C,71726.17,3600.653734,0.42719999999999997,0.13945875902223237
BTC-29MAY26-74000-P,BTC,2026-05-29 00:00:00+00:00,74000.0,P,71726.17,5874.373323,0.42719999999999997,0.1394587523372183
BTC-29MAY26-75000-C,BTC,2026-05-29 00:00:00+00:00,75000.0,C,71726.17,3184.641948,0.4235,0.13945874266829544
BTC-29MAY26-75000-P,BTC,2026-05-29 00:00:00+00:00,75000.0,P,71726.17,6462.527916999999,0.4235,0.13945873578234722
BTC-29MAY26-76000-C,BTC,2026-05-29 00:00:00+00:00,76000.0,C,71726.28,2811.670176,0.4203,0.13945872893169947
BTC-29MAY26-76000-P,BTC,2026-05-29 00:00:00+00:00,76000.0,P,71726.16,7079.371992,0.4203,0.13945872170035112
BTC-29MAY26-77000-C,BTC,2026-05-29 00:00:00+00:00,77000.0,C,71726.16,2467.379904,0.4174,0.13945871519671965
BTC-29MAY26-77000-P,BTC,2026-05-29 00:00:00+00:00,77000.0,P,71726.16,7739.252664,0.4174,0.13945870783510153
BTC-29MAY26-78000-C,BTC,2026-05-29 00:00:00+00:00,78000.0,C,71726.16,2158.957416,0.41509999999999997,0.139458700970923
BTC-29MAY26-78000-P,BTC,2026-05-29 00:00:00+00:00,78000.0,P,71728.56,8435.278655999999,0.41509999999999997,0.13945869409974143
BTC-29MAY26-79000-C,BTC,2026-05-29 00:00:00+00:00,79000.0,C,71726.55,1879.2356100000002,0.41259999999999997,0.13945868723290114
BTC-29MAY26-79000-P,BTC,2026-05-29 00:00:00+00:00,79000.0,P,71726.55,9159.480435000001,0.41259999999999997,0.13945867976839177
BTC-29MAY26-80000-C,BTC,2026-05-29 00:00:00+00:00,80000.0,C,71726.55,1642.5379950000001,0.41100000000000003,0.13945867258463887
BTC-29MAY26-80000-P,BTC,2026-05-29 00:00:00+00:00,80000.0,P,71728.52,9912.881464,0.41100000000000003,0.13945866566110857
BTC-29MAY26-81000-C,BTC,2026-05-29 00:00:00+00:00,81000.0,C,71728.52,1427.3975480000001,0.40979999999999994,0.13945865880649985
BTC-29MAY26-81000-P,BTC,2026-05-29 00:00:00+00:00,81000.0,P,71728.49,10701.890708,0.40979999999999994,0.13945864945851397
BTC-29MAY26-82000-C,BTC,2026-05-29 00:00:00+00:00,82000.0,C,71728.52,1248.076248,0.41009999999999996,0.1394586422475727
BTC-29MAY26-82000-P,BTC,2026-05-29 00:00:00+00:00,82000.0,P,71728.49,11519.595494000001,0.41009999999999996,0.13945863538260195
BTC-29MAY26-83000-C,BTC,2026-05-29 00:00:00+00:00,83000.0,C,71728.45,1083.099595,0.41009999999999996,0.13945862826380967
BTC-29MAY26-83000-P,BTC,2026-05-29 00:00:00+00:00,83000.0,P,71728.49,12358.818827000001,0.41009999999999996,0.13945862157131722
BTC-29MAY26-84000-C,BTC,2026-05-29 00:00:00+00:00,84000.0,C,71728.49,939.6432190000002,0.41009999999999996,0.13945861458298478
BTC-29MAY26-84000-P,BTC,2026-05-29 00:00:00+00:00,84000.0,P,71728.45,13212.38049,0.41009999999999996,0.13945860743548305
BTC-29MAY26-85000-C,BTC,2026-05-29 00:00:00+00:00,85000.0,C,71728.45,817.70433,0.4105,0.13945860056857937
BTC-29MAY26-85000-P,BTC,2026-05-29 00:00:00+00:00,85000.0,P,71728.45,14087.467579999999,0.4105,0.1394585837873286
BTC-29MAY26-86000-C,BTC,2026-05-29 00:00:00+00:00,86000.0,C,71728.45,710.111655,0.4111,0.1394585774172941
BTC-29MAY26-86000-P,BTC,2026-05-29 00:00:00+00:00,86000.0,P,71728.49,14984.081561,0.4111,0.13945857081305296
BTC-29MAY26-88000-C,BTC,2026-05-29 00:00:00+00:00,88000.0,C,71728.49,537.963675,0.413,0.1394585643357543
BTC-29MAY26-88000-P,BTC,2026-05-29 00:00:00+00:00,88000.0,P,71728.45,16805.975835,0.413,0.13945855775090626
BTC-29MAY26-90000-C,BTC,2026-05-29 00:00:00+00:00,90000.0,C,71728.49,416.025242,0.4179,0.139458550788463
BTC-29MAY26-90000-P,BTC,2026-05-29 00:00:00+00:00,90000.0,P,71728.45,18685.261225,0.4179,0.13945854405211422
BTC-29MAY26-92000-C,BTC,2026-05-29 00:00:00+00:00,92000.0,C,71728.49,322.778205,0.42369999999999997,0.1394585372254544
BTC-29MAY26-92000-P,BTC,2026-05-29 00:00:00+00:00,92000.0,P,71728.45,20593.237995,0.42369999999999997,0.1394585306837022
BTC-29MAY26-94000-C,BTC,2026-05-29 00:00:00+00:00,94000.0,C,71728.49,258.22256400000003,0.4301,0.13945851576308083
BTC-29MAY26-94000-P,BTC,2026-05-29 00:00:00+00:00,94000.0,P,71728.45,22529.906144999997,0.4301,0.13945850884854996
BTC-29MAY26-95000-C,BTC,2026-05-29 00:00:00+00:00,95000.0,C,71728.08,229.52985600000002,0.43320000000000003,0.1394585019192207
BTC-29MAY26-95000-P,BTC,2026-05-29 00:00:00+00:00,95000.0,P,71728.08,23498.119008,0.43320000000000003,0.13945849503926153
BTC-29MAY26-96000-C,BTC,2026-05-29 00:00:00+00:00,96000.0,C,71728.08,208.01143199999999,0.4375,0.13945848829346974
BTC-29MAY26-96000-P,BTC,2026-05-29 00:00:00+00:00,96000.0,P,71728.45,24473.74714,0.4375,0.1394584814886113
BTC-29MAY26-98000-C,BTC,2026-05-29 00:00:00+00:00,98000.0,C,71728.08,172.147392,0.44630000000000003,0.13945847503919817
BTC-29MAY26-98000-P,BTC,2026-05-29 00:00:00+00:00,98000.0,P,71727.98,26438.933427999997,0.44630000000000003,0.13945846796375516
BTC-29MAY26-100000-C,BTC,2026-05-29 00:00:00+00:00,100000.0,C,71728.08,143.45616,0.455,0.13945845751207314
BTC-29MAY26-100000-P,BTC,2026-05-29 00:00:00+00:00,100000.0,P,71727.98,28411.452878,0.455,0.1394584509744087
BTC-29MAY26-105000-C,BTC,2026-05-29 00:00:00+00:00,105000.0,C,71727.98,100.41917199999999,0.4817,0.13945844429814055
BTC-29MAY26-105000-P,BTC,2026-05-29 00:00:00+00:00,105000.0,P,71727.98,33367.856296,0.4817,0.1394584372810036
BTC-26JUN26-20000-C,BTC,2026-06-26 00:00:00+00:00,20000.0,C,71898.57,51953.90668200001,1.1461,0.21611825201539409
BTC-26JUN26-20000-P,BTC,2026-06-26 00:00:00+00:00,20000.0,P,71898.57,57.51885600000001,1.1461,0.21611824524938525
BTC-26JUN26-30000-C,BTC,2026-06-26 00:00:00+00:00,30000.0,C,71898.57,42010.33445100001,0.8817,0.2161182305617664
BTC-26JUN26-30000-P,BTC,2026-06-26 00:00:00+00:00,30000.0,P,71898.57,115.03771200000001,0.8817,0.21611822122312851
BTC-26JUN26-40000-C,BTC,2026-06-26 00:00:00+00:00,40000.0,C,71898.57,32145.850647000003,0.701,0.21611821450034222
BTC-26JUN26-40000-P,BTC,2026-06-26 00:00:00+00:00,40000.0,P,71898.57,251.64499500000002,0.701,0.21611820782198266
BTC-26JUN26-45000-C,BTC,2026-06-26 00:00:00+00:00,45000.0,C,71898.57,27299.887029,0.6335999999999999,0.2161182012284521
BTC-26JUN26-45000-P,BTC,2026-06-26 00:00:00+00:00,45000.0,P,71898.57,402.631992,0.6335999999999999,0.2161181939487794
BTC-26JUN26-50000-C,BTC,2026-06-26 00:00:00+00:00,50000.0,C,71898.57,22554.581409000002,0.5769,0.21611818419135168
BTC-26JUN26-50000-P,BTC,2026-06-26 00:00:00+00:00,50000.0,P,71898.57,654.2769870000001,0.5769,0.2161181773021079
BTC-26JUN26-55000-C,BTC,2026-06-26 00:00:00+00:00,55000.0,C,71898.57,17996.212071,0.5304,0.216118170615858
BTC-26JUN26-55000-P,BTC,2026-06-26 00:00:00+00:00,55000.0,P,71898.55,1092.85796,0.5304,0.21611816328145994
BTC-26JUN26-58000-C,BTC,2026-06-26 00:00:00+00:00,58000.0,C,71898.55,15415.049120000001,0.5086999999999999,0.2161181564608842
BTC-26JUN26-58000-P,BTC,2026-06-26 00:00:00+00:00,58000.0,P,71898.55,1517.0594050000002,0.5086999999999999,0.21611814951764394
BTC-26JUN26-60000-C,BTC,2026-06-26 00:00:00+00:00,60000.0,C,71898.55,13761.38247,0.4951,0.21611814307317415
BTC-26JUN26-60000-P,BTC,2026-06-26 00:00:00+00:00,60000.0,P,71898.55,1869.3623,0.4951,0.21611813622458617
BTC-26JUN26-62000-C,BTC,2026-06-26 00:00:00+00:00,62000.0,C,71898.03,12193.905888,0.483,0.21611812970834282
BTC-26JUN26-62000-P,BTC,2026-06-26 00:00:00+00:00,62000.0,P,71898.03,2293.547157,0.483,0.21611811516763
BTC-26JUN26-64000-C,BTC,2026-06-26 00:00:00+00:00,64000.0,C,71898.03,10712.80647,0.4725,0.21611810831523945
BTC-26JUN26-64000-P,BTC,2026-06-26 00:00:00+00:00,64000.0,P,71898.03,2818.402776,0.4725,0.21611810090536035
BTC-26JUN26-65000-C,BTC,2026-06-26 00:00:00+00:00,65000.0,C,71897.34,10008.109728,0.4675,0.2161180943330608
BTC-26JUN26-65000-P,BTC,2026-06-26 00:00:00+00:00,65000.0,P,71897.34,3113.1548219999995,0.4675,0.2161180879636284
BTC-26JUN26-66000-C,BTC,2026-06-26 00:00:00+00:00,66000.0,C,71898.03,9332.364293999999,0.4628,0.2161180812093125
BTC-26JUN26-66000-P,BTC,2026-06-26 00:00:00+00:00,66000.0,P,71897.34,3429.5031179999996,0.4628,0.2161180746441428
BTC-26JUN26-68000-C,BTC,2026-06-26 00:00:00+00:00,68000.0,C,71897.34,8045.312346,0.4543,0.21611806764747638
BTC-26JUN26-68000-P,BTC,2026-06-26 00:00:00+00:00,68000.0,P,71897.24,4148.470748000001,0.4543,0.21611806093004535
BTC-26JUN26-70000-C,BTC,2026-06-26 00:00:00+00:00,70000.0,C,71897.34,6880.575437999999,0.44659999999999994,0.21611805112248714
BTC-26JUN26-70000-P,BTC,2026-06-26 00:00:00+00:00,70000.0,P,71897.24,4982.4787320000005,0.44659999999999994,0.216118041516782
BTC-26JUN26-72000-C,BTC,2026-06-26 00:00:00+00:00,72000.0,C,71897.34,5823.68454,0.4399,0.21611803442048827
BTC-26JUN26-72000-P,BTC,2026-06-26 00:00:00+00:00,72000.0,P,71897.24,5924.332576000001,0.4399,0.2161180276322344
BTC-26JUN26-74000-C,BTC,2026-06-26 00:00:00+00:00,74000.0,C,71897.24,4874.632872,0.4335,0.21611802064741933
BTC-26JUN26-74000-P,BTC,2026-06-26 00:00:00+00:00,74000.0,P,71897.24,6981.222004000001,0.4335,0.21611801334258623
BTC-26JUN26-75000-C,BTC,2026-06-26 00:00:00+00:00,75000.0,C,71897.24,4450.439156,0.4307,0.216118005823922
BTC-26JUN26-75000-P,BTC,2026-06-26 00:00:00+00:00,75000.0,P,71897.24,7549.2102,0.4307,0.21611799881042917
BTC-26JUN26-76000-C,BTC,2026-06-26 00:00:00+00:00,76000.0,C,71897.24,4047.8146120000006,0.4279,0.21611799183882804
BTC-26JUN26-76000-P,BTC,2026-06-26 00:00:00+00:00,76000.0,P,71897.34,8145.968621999999,0.4279,0.2161179850613798
BTC-26JUN26-78000-C,BTC,2026-06-26 00:00:00+00:00,78000.0,C,71897.24,3328.8422120000005,0.4229,0.21611797795535784
BTC-26JUN26-78000-P,BTC,2026-06-26 00:00:00+00:00,78000.0,P,71897.24,9425.728164,0.4229,0.2161179712837795
BTC-26JUN26-80000-C,BTC,2026-06-26 00:00:00+00:00,80000.0,C,71897.24,2717.7156720000003,0.4191,0.21611796229459782
BTC-26JUN26-80000-P,BTC,2026-06-26 00:00:00+00:00,80000.0,P,71897.24,10813.344896,0.4191,0.21611795526297942
BTC-26JUN26-82000-C,BTC,2026-06-26 00:00:00+00:00,82000.0,C,71897.24,2207.245268,0.4168,0.2161179478024628
BTC-26JUN26-82000-P,BTC,2026-06-26 00:00:00+00:00,82000.0,P,71897.24,12308.807488,0.4168,0.216117940614432
BTC-26JUN26-84000-C,BTC,2026-06-26 00:00:00+00:00,84000.0,C,71897.24,1790.241276,0.41490000000000005,0.2161179339805942
BTC-26JUN26-84000-P,BTC,2026-06-26 00:00:00+00:00,84000.0,P,71897.24,13890.546768000002,0.41490000000000005,0.21611792714873754
BTC-26JUN26-85000-C,BTC,2026-06-26 00:00:00+00:00,85000.0,C,71897.24,1610.498176,0.415,0.2161179205777372
BTC-26JUN26-85000-P,BTC,2026-06-26 00:00:00+00:00,85000.0,P,71897.24,14710.175304000002,0.415,0.21611791356738155
BTC-26JUN26-86000-C,BTC,2026-06-26 00:00:00+00:00,86000.0,C,71897.24,1459.513972,0.4155,0.21611790687099144
BTC-26JUN26-86000-P,BTC,2026-06-26 00:00:00+00:00,86000.0,P,71897.14,15558.541096,0.4155,0.21611790009851828
BTC-26JUN26-88000-C,BTC,2026-06-26 00:00:00+00:00,88000.0,C,71897.24,1179.1147360000002,0.4157,0.2161178934398687
BTC-26JUN26-88000-P,BTC,2026-06-26 00:00:00+00:00,88000.0,P,71897.24,17276.906772000002,0.4157,0.21611788647777397
BTC-26JUN26-90000-C,BTC,2026-06-26 00:00:00+00:00,90000.0,C,71897.24,956.233292,0.4169,0.21611787861931836
BTC-26JUN26-90000-P,BTC,2026-06-26 00:00:00+00:00,90000.0,P,71897.24,19059.958324000003,0.4169,0.21611786734783378
BTC-26JUN26-95000-C,BTC,2026-06-26 00:00:00+00:00,95000.0,C,71897.24,567.9881960000001,0.4216,0.21611785849234413
BTC-26JUN26-95000-P,BTC,2026-06-26 00:00:00+00:00,95000.0,P,71897.24,23668.571408,0.4216,0.21611785178511675
BTC-26JUN26-100000-C,BTC,2026-06-26 00:00:00+00:00,100000.0,C,71897.24,373.865648,0.43479999999999996,0.21611784508866327
BTC-26JUN26-100000-P,BTC,2026-06-26 00:00:00+00:00,100000.0,P,71897.24,28471.307040000003,0.43479999999999996,0.21611783834312495
BTC-26JUN26-105000-C,BTC,2026-06-26 00:00:00+00:00,105000.0,C,71897.34,244.45095599999996,0.44549999999999995,0.21611783185651004
BTC-26JUN26-105000-P,BTC,2026-06-26 00:00:00+00:00,105000.0,P,71897.24,33345.939912,0.44549999999999995,0.21611782528563644
BTC-26JUN26-110000-C,BTC,2026-06-26 00:00:00+00:00,110000.0,C,71897.14,165.36342199999999,0.46020000000000005,0.21611781843140795
BTC-26JUN26-110000-P,BTC,2026-06-26 00:00:00+00:00,110000.0,P,71897.24,38270.900852,0.46020000000000005,0.21611781176623063
BTC-26JUN26-115000-C,BTC,2026-06-26 00:00:00+00:00,115000.0,C,71897.21,122.225257,0.47369999999999995,0.21611777261113013
BTC-26JUN26-115000-P,BTC,2026-06-26 00:00:00+00:00,115000.0,P,71897.21,43224.602652,0.47369999999999995,0.21611776564038457
BTC-26JUN26-120000-C,BTC,2026-06-26 00:00:00+00:00,120000.0,C,71897.21,93.466373,0.49219999999999997,0.21611775912461656
BTC-26JUN26-120000-P,BTC,2026-06-26 00:00:00+00:00,120000.0,P,71897.21,48199.889584000004,0.49219999999999997,0.21611775245807668
BTC-26JUN26-125000-C,BTC,2026-06-26 00:00:00+00:00,125000.0,C,71897.17,71.89717,0.5082,0.21611774531745126
BTC-26JUN26-125000-P,BTC,2026-06-26 00:00:00+00:00,125000.0,P,71897.17,53175.146932,0.5082,0.21611773828833622
BTC-26JUN26-130000-C,BTC,2026-06-26 00:00:00+00:00,130000.0,C,71897.17,57.517736,0.5243,0.21611773169353815
BTC-26JUN26-130000-P,BTC,2026-06-26 00:00:00+00:00,130000.0,P,71897.17,58164.81053,0.5243,0.21611772512811495
BTC-26JUN26-135000-C,BTC,2026-06-26 00:00:00+00:00,135000.0,C,71896.54,50.327577999999995,0.5390999999999999,0.2161177182327237
BTC-26JUN26-135000-P,BTC,2026-06-26 00:00:00+00:00,135000.0,P,71896.54,63146.73108199999,0.5390999999999999,0.21611770879471187
BTC-26JUN26-140000-C,BTC,2026-06-26 00:00:00+00:00,140000.0,C,71896.54,35.94827,0.5526,0.2161177021610959
BTC-26JUN26-140000-P,BTC,2026-06-26 00:00:00+00:00,140000.0,P,71897.11,68144.080858,0.5526,0.2161176920123203
BTC-26JUN26-145000-C,BTC,2026-06-26 00:00:00+00:00,145000.0,C,71896.54,28.758616,0.5626,0.2161176813252275
BTC-26JUN26-145000-P,BTC,2026-06-26 00:00:00+00:00,145000.0,P,71896.54,73133.160488,0.5626,0.2161176746815981
BTC-26JUN26-150000-C,BTC,2026-06-26 00:00:00+00:00,150000.0,C,71896.54,28.758616,0.5835,0.2161176678103848
BTC-26JUN26-150000-P,BTC,2026-06-26 00:00:00+00:00,150000.0,P,71896.54,78129.97001799999,0.5835,0.21611765522330598
BTC-26JUN26-155000-C,BTC,2026-06-26 00:00:00+00:00,155000.0,C,71896.54,21.568961999999996,0.5929,0.2161176486414366
BTC-26JUN26-155000-P,BTC,2026-06-26 00:00:00+00:00,155000.0,P,71896.54,83126.77954799999,0.5929,0.2161176416175501
BTC-26JUN26-160000-C,BTC,2026-06-26 00:00:00+00:00,160000.0,C,71897.11,14.379422,0.5974,0.21611763482904278
BTC-26JUN26-160000-P,BTC,2026-06-26 00:00:00+00:00,160000.0,P,71896.54,88116.39942399999,0.5974,0.21611762829011075
BTC-26JUN26-165000-C,BTC,2026-06-26 00:00:00+00:00,165000.0,C,71896.54,14.379308,0.5997,0.2161176217115687
BTC-26JUN26-165000-P,BTC,2026-06-26 00:00:00+00:00,165000.0,P,71896.54,93113.20895399999,0.5997,0.2161176151119857
BTC-26JUN26-170000-C,BTC,2026-06-26 00:00:00+00:00,170000.0,C,71897.11,14.379422,0.6185,0.2161176083586838
BTC-26JUN26-170000-P,BTC,2026-06-26 00:00:00+00:00,170000.0,P,71896.54,98117.20813799999,0.6185,0.21611760153801302
BTC-26JUN26-180000-C,BTC,2026-06-26 00:00:00+00:00,180000.0,C,71896.54,14.379308,0.6544,0.21611759494723934
BTC-26JUN26-180000-P,BTC,2026-06-26 00:00:00+00:00,180000.0,P,71896.54,108118.01685199999,0.6544,0.21611758823262858
BTC-26JUN26-190000-C,BTC,2026-06-26 00:00:00+00:00,190000.0,C,71896.54,14.379308,0.6875,0.21611758161767688
BTC-26JUN26-190000-P,BTC,2026-06-26 00:00:00+00:00,190000.0,P,71896.54,118111.635912,0.6875,0.21611757442780818
BTC-26JUN26-200000-C,BTC,2026-06-26 00:00:00+00:00,200000.0,C,71896.54,7.189654,0.7066,0.21611756751847416
BTC-26JUN26-200000-P,BTC,2026-06-26 00:00:00+00:00,200000.0,P,71896.54,128112.444626,0.7066,0.2161175568655411
BTC-26JUN26-210000-C,BTC,2026-06-26 00:00:00+00:00,210000.0,C,71896.54,7.189654,0.7361,0.21611754749100057
BTC-26JUN26-210000-P,BTC,2026-06-26 00:00:00+00:00,210000.0,P,71896.54,138113.25334,0.7361,0.21611754101145209
BTC-26JUN26-220000-C,BTC,2026-06-26 00:00:00+00:00,220000.0,C,71896.54,7.189654,0.7641,0.21611753408424594
BTC-26JUN26-220000-P,BTC,2026-06-26 00:00:00+00:00,220000.0,P,71896.54,148114.06205399998,0.7641,0.21611752725974093
BTC-26JUN26-230000-C,BTC,2026-06-26 00:00:00+00:00,230000.0,C,71896.54,7.189654,0.7907,0.21611752043935534
BTC-26JUN26-230000-P,BTC,2026-06-26 00:00:00+00:00,230000.0,P,71896.54,158114.87076799996,0.7907,0.21611751099183715
BTC-26JUN26-240000-C,BTC,2026-06-26 00:00:00+00:00,240000.0,C,71896.54,7.189654,0.816,0.21611750107825053
BTC-26JUN26-240000-P,BTC,2026-06-26 00:00:00+00:00,240000.0,P,71896.54,168108.489828,0.816,0.21611749338507996
BTC-26JUN26-250000-C,BTC,2026-06-26 00:00:00+00:00,250000.0,C,71896.54,7.189654,0.8401000000000001,0.21611748678885592
BTC-26JUN26-250000-P,BTC,2026-06-26 00:00:00+00:00,250000.0,P,71896.54,178109.29854199997,0.8401000000000001,0.21611748012035137
BTC-26JUN26-260000-C,BTC,2026-06-26 00:00:00+00:00,260000.0,C,71896.54,7.189654,0.8632,0.21611747233408116
BTC-26JUN26-260000-P,BTC,2026-06-26 00:00:00+00:00,260000.0,P,71896.54,188110.107256,0.8632,0.2161174655277334
BTC-26JUN26-280000-C,BTC,2026-06-26 00:00:00+00:00,280000.0,C,71896.54,14.379308,0.9234,0.2161174590221373
BTC-26JUN26-280000-P,BTC,2026-06-26 00:00:00+00:00,280000.0,P,71896.54,208111.724684,0.9234,0.21611745229554843
BTC-26JUN26-300000-C,BTC,2026-06-26 00:00:00+00:00,300000.0,C,71896.54,14.379308,0.9643999999999999,0.21611744516924605
BTC-26JUN26-300000-P,BTC,2026-06-26 00:00:00+00:00,300000.0,P,71896.54,228113.34211199998,0.9643999999999999,0.2161174308177428
BTC-26JUN26-320000-C,BTC,2026-06-26 00:00:00+00:00,320000.0,C,71896.54,14.379308,1.0018,0.216117423719928
BTC-26JUN26-320000-P,BTC,2026-06-26 00:00:00+00:00,320000.0,P,71896.54,248114.95953999998,1.0018,0.2161174164708026
BTC-26JUN26-340000-C,BTC,2026-06-26 00:00:00+00:00,340000.0,C,71896.54,7.189654,1.0224,0.21611740889532155
BTC-26JUN26-340000-P,BTC,2026-06-26 00:00:00+00:00,340000.0,P,71895.62,268113.146104,1.0224,0.21611740127645954
BTC-26JUN26-360000-C,BTC,2026-06-26 00:00:00+00:00,360000.0,C,71895.9,7.18959,1.0224,0.21611739438439548
BTC-26JUN26-360000-P,BTC,2026-06-26 00:00:00+00:00,360000.0,P,71895.62,288107.318026,1.0224,0.2161173872579347
BTC-26JUN26-380000-C,BTC,2026-06-26 00:00:00+00:00,380000.0,C,71895.62,7.189562,1.0224,0.2161173804879332
BTC-26JUN26-380000-P,BTC,2026-06-26 00:00:00+00:00,380000.0,P,71895.62,308108.67951,1.0224,0.21611737047021953
BTC-25SEP26-30000-C,BTC,2026-09-25 00:00:00+00:00,30000.0,C,72515.9,42885.90326,0.7387999999999999,0.4652617852153205
BTC-25SEP26-30000-P,BTC,2026-09-25 00:00:00+00:00,30000.0,P,72516.24,369.8328240000001,0.7387999999999999,0.46526177818424086
BTC-25SEP26-35000-C,BTC,2026-09-25 00:00:00+00:00,35000.0,C,72515.9,38063.59591,0.6729,0.465261771127272
BTC-25SEP26-35000-P,BTC,2026-09-25 00:00:00+00:00,35000.0,P,72516.24,543.8718,0.6729,0.4652617639494131
BTC-25SEP26-40000-C,BTC,2026-09-25 00:00:00+00:00,40000.0,C,72515.9,33357.314,0.6249,0.4652617528261972
BTC-25SEP26-40000-P,BTC,2026-09-25 00:00:00+00:00,40000.0,P,72515.9,841.1844399999999,0.6249,0.46526174260618675
BTC-25SEP26-45000-C,BTC,2026-09-25 00:00:00+00:00,45000.0,C,72515.9,28759.80594,0.5801,0.46526173522083425
BTC-25SEP26-45000-P,BTC,2026-09-25 00:00:00+00:00,45000.0,P,72515.9,1240.02189,0.5801,0.4652617288254176
BTC-25SEP26-50000-C,BTC,2026-09-25 00:00:00+00:00,50000.0,C,72515.9,24379.845579999997,0.5462,0.4652617219427016
BTC-25SEP26-50000-P,BTC,2026-09-25 00:00:00+00:00,50000.0,P,72515.9,1863.65863,0.5462,0.4652617152537265
BTC-25SEP26-55000-C,BTC,2026-09-25 00:00:00+00:00,55000.0,C,72516.24,20297.295576,0.5204,0.4652617086239131
BTC-25SEP26-55000-P,BTC,2026-09-25 00:00:00+00:00,55000.0,P,72515.9,2777.3589699999998,0.5204,0.465261701174614
BTC-25SEP26-56000-C,BTC,2026-09-25 00:00:00+00:00,56000.0,C,72515.9,19521.28028,0.5158,0.4652616947651279
BTC-25SEP26-56000-P,BTC,2026-09-25 00:00:00+00:00,56000.0,P,72515.9,3002.1582599999997,0.5158,0.4652616878952455
BTC-25SEP26-58000-C,BTC,2026-09-25 00:00:00+00:00,58000.0,C,72515.9,18012.94956,0.5075999999999999,0.4652616810819581
BTC-25SEP26-58000-P,BTC,2026-09-25 00:00:00+00:00,58000.0,P,72515.9,3495.2663799999996,0.5075999999999999,0.46526167457848505
BTC-25SEP26-60000-C,BTC,2026-09-25 00:00:00+00:00,60000.0,C,72515.9,16569.883149999998,0.4999,0.46526166785126244
BTC-25SEP26-60000-P,BTC,2026-09-25 00:00:00+00:00,60000.0,P,72516.24,4053.6578160000004,0.4999,0.4652616595935686
BTC-25SEP26-62000-C,BTC,2026-09-25 00:00:00+00:00,62000.0,C,72515.9,15192.081049999999,0.493,0.46526165242711737
BTC-25SEP26-62000-P,BTC,2026-09-25 00:00:00+00:00,62000.0,P,72516.27,4677.299415,0.493,0.4652616455948171
BTC-25SEP26-64000-C,BTC,2026-09-25 00:00:00+00:00,64000.0,C,72516.27,13894.117332,0.4869,0.46526163413919314
BTC-25SEP26-64000-P,BTC,2026-09-25 00:00:00+00:00,64000.0,P,72516.27,5380.707234,0.4869,0.4652616274712589
BTC-25SEP26-65000-C,BTC,2026-09-25 00:00:00+00:00,65000.0,C,72516.33,13263.236757,0.48369999999999996,0.4652616206715339
BTC-25SEP26-65000-P,BTC,2026-09-25 00:00:00+00:00,65000.0,P,72516.33,5750.544969,0.48369999999999996,0.46526161401367666
BTC-25SEP26-66000-C,BTC,2026-09-25 00:00:00+00:00,66000.0,C,72516.33,12661.351218,0.48100000000000004,0.46526160720219534
BTC-25SEP26-66000-P,BTC,2026-09-25 00:00:00+00:00,66000.0,P,72516.33,6142.133151,0.48100000000000004,0.46526159997217786
BTC-25SEP26-68000-C,BTC,2026-09-25 00:00:00+00:00,68000.0,C,72516.33,11501.089938,0.4756,0.46526159219994545
BTC-25SEP26-68000-P,BTC,2026-09-25 00:00:00+00:00,68000.0,P,72518.78,6983.558513999999,0.4756,0.46526158531108197
BTC-25SEP26-70000-C,BTC,2026-09-25 00:00:00+00:00,70000.0,C,72520.34,10413.920824,0.4706,0.4652615467899333
BTC-25SEP26-70000-P,BTC,2026-09-25 00:00:00+00:00,70000.0,P,72518.78,7897.295142,0.4706,0.4652615401940578
BTC-25SEP26-72000-C,BTC,2026-09-25 00:00:00+00:00,72000.0,C,72520.34,9405.888098,0.46649999999999997,0.46526153357428957
BTC-25SEP26-72000-P,BTC,2026-09-25 00:00:00+00:00,72000.0,P,72520.34,8890.993684,0.46649999999999997,0.46526152613614474
BTC-25SEP26-74000-C,BTC,2026-09-25 00:00:00+00:00,74000.0,C,72519.66,8470.296288000001,0.4623,0.4652615190459033
BTC-25SEP26-74000-P,BTC,2026-09-25 00:00:00+00:00,74000.0,P,72520.34,9949.790647999998,0.4623,0.46526151250792197
BTC-25SEP26-75000-C,BTC,2026-09-25 00:00:00+00:00,75000.0,C,72519.66,8035.178328,0.4607,0.46526150590336396
BTC-25SEP26-75000-P,BTC,2026-09-25 00:00:00+00:00,75000.0,P,72519.62,10515.344899999998,0.4607,0.465261499155766
BTC-25SEP26-76000-C,BTC,2026-09-25 00:00:00+00:00,76000.0,C,72519.66,7607.312334,0.4587,0.4652614922281162
BTC-25SEP26-76000-P,BTC,2026-09-25 00:00:00+00:00,76000.0,P,72519.66,11088.256014,0.4587,0.46526148572407283
BTC-25SEP26-78000-C,BTC,2026-09-25 00:00:00+00:00,78000.0,C,72519.62,6809.592317999999,0.45520000000000005,0.4652614786197303
BTC-25SEP26-78000-P,BTC,2026-09-25 00:00:00+00:00,78000.0,P,72519.62,12292.07559,0.45520000000000005,0.46526147184373967
BTC-25SEP26-80000-C,BTC,2026-09-25 00:00:00+00:00,80000.0,C,72519.62,6084.396118,0.4523,0.4652614652293584
BTC-25SEP26-80000-P,BTC,2026-09-25 00:00:00+00:00,80000.0,P,72519.62,13568.420901999998,0.4523,0.4652614585481469
BTC-25SEP26-82000-C,BTC,2026-09-25 00:00:00+00:00,82000.0,C,72519.66,5431.7225339999995,0.4499,0.46526145169166855
BTC-25SEP26-82000-P,BTC,2026-09-25 00:00:00+00:00,82000.0,P,72519.62,14910.033872,0.4499,0.46526144495997795
BTC-25SEP26-84000-C,BTC,2026-09-25 00:00:00+00:00,84000.0,C,72519.7,4829.81202,0.4475,0.4652614345487299
BTC-25SEP26-84000-P,BTC,2026-09-25 00:00:00+00:00,84000.0,P,72520.21,16309.795229000001,0.4475,0.46526142776823964
BTC-25SEP26-85000-C,BTC,2026-09-25 00:00:00+00:00,85000.0,C,72519.7,4561.48913,0.44659999999999994,0.46526142109992524
BTC-25SEP26-85000-P,BTC,2026-09-25 00:00:00+00:00,85000.0,P,72520.21,17042.249350000002,0.44659999999999994,0.4652614143000101
BTC-25SEP26-86000-C,BTC,2026-09-25 00:00:00+00:00,86000.0,C,72519.7,4293.1662400000005,0.44549999999999995,0.46526140767716806
BTC-25SEP26-86000-P,BTC,2026-09-25 00:00:00+00:00,86000.0,P,72520.21,17774.703471,0.44549999999999995,0.46526139457474586
BTC-25SEP26-88000-C,BTC,2026-09-25 00:00:00+00:00,88000.0,C,72520.27,3821.818229,0.44420000000000004,0.46526138493247265
BTC-25SEP26-88000-P,BTC,2026-09-25 00:00:00+00:00,88000.0,P,72520.21,19297.627881,0.44420000000000004,0.46526137554652447
BTC-25SEP26-90000-C,BTC,2026-09-25 00:00:00+00:00,90000.0,C,72520.27,3386.696609,0.4429,0.4652613683789325
BTC-25SEP26-90000-P,BTC,2026-09-25 00:00:00+00:00,90000.0,P,72520.27,20871.333706,0.4429,0.46526136156697595
BTC-25SEP26-92000-C,BTC,2026-09-25 00:00:00+00:00,92000.0,C,72520.21,3002.336694,0.4416,0.4652613496560575
BTC-25SEP26-92000-P,BTC,2026-09-25 00:00:00+00:00,92000.0,P,72520.27,22481.2837,0.4416,0.46526134304047206
BTC-25SEP26-94000-C,BTC,2026-09-25 00:00:00+00:00,94000.0,C,72520.45,2668.75256,0.4413,0.4652613361640302
BTC-25SEP26-94000-P,BTC,2026-09-25 00:00:00+00:00,94000.0,P,72520.45,24149.30985,0.4413,0.46526132944381066
BTC-25SEP26-95000-C,BTC,2026-09-25 00:00:00+00:00,95000.0,C,72520.27,2516.4533690000003,0.4415,0.46526132250554536
BTC-25SEP26-95000-P,BTC,2026-09-25 00:00:00+00:00,95000.0,P,72520.45,24997.799114999998,0.4415,0.4652613154886937
BTC-25SEP26-96000-C,BTC,2026-09-25 00:00:00+00:00,96000.0,C,72517.64,2371.3268279999998,0.4415,0.4652613086016364
BTC-25SEP26-96000-P,BTC,2026-09-25 00:00:00+00:00,96000.0,P,72517.64,25852.53866,0.4415,0.4652612995288615
BTC-25SEP26-100000-C,BTC,2026-09-25 00:00:00+00:00,100000.0,C,72517.64,1870.955112,0.4414,0.4652612930932327
BTC-25SEP26-100000-P,BTC,2026-09-25 00:00:00+00:00,100000.0,P,72517.64,29347.888908,0.4414,0.46526128625272517
BTC-25SEP26-105000-C,BTC,2026-09-25 00:00:00+00:00,105000.0,C,72517.64,1385.086924,0.4415,0.46526127962636576
BTC-25SEP26-105000-P,BTC,2026-09-25 00:00:00+00:00,105000.0,P,72526.95,33870.08565,0.4415,0.4652612725324486
BTC-25SEP26-110000-C,BTC,2026-09-25 00:00:00+00:00,110000.0,C,72526.95,1037.135385,0.4436,0.46526126592519707
BTC-25SEP26-110000-P,BTC,2026-09-25 00:00:00+00:00,110000.0,P,72526.95,38526.315839999996,0.4437,0.4652612589713096
BTC-25SEP26-115000-C,BTC,2026-09-25 00:00:00+00:00,115000.0,C,72518.32,790.449688,0.447,0.4652612522147439
BTC-25SEP26-115000-P,BTC,2026-09-25 00:00:00+00:00,115000.0,P,72526.95,43276.831065,0.447,0.46526124309459527
BTC-25SEP26-120000-C,BTC,2026-09-25 00:00:00+00:00,120000.0,C,72542.15,609.3540599999999,0.45130000000000003,0.4652612362955675
BTC-25SEP26-120000-P,BTC,2026-09-25 00:00:00+00:00,120000.0,P,72542.15,48102.699665,0.45130000000000003,0.4652612293882298
BTC-25SEP26-125000-C,BTC,2026-09-25 00:00:00+00:00,125000.0,C,72526.95,485.930565,0.4578,0.4652612230035554
BTC-25SEP26-125000-P,BTC,2026-09-25 00:00:00+00:00,125000.0,P,72542.15,52984.78636,0.4578,0.4652612160217824
BTC-25SEP26-130000-C,BTC,2026-09-25 00:00:00+00:00,130000.0,C,72541.71,391.72523400000006,0.4647,0.46526120605515
BTC-25SEP26-130000-P,BTC,2026-09-25 00:00:00+00:00,130000.0,P,72541.71,57881.030409000006,0.4647,0.465261197385004
BTC-25SEP26-135000-C,BTC,2026-09-25 00:00:00+00:00,135000.0,C,72541.71,319.18352400000003,0.4702,0.4652611907014792
BTC-25SEP26-135000-P,BTC,2026-09-25 00:00:00+00:00,135000.0,P,72541.71,62806.61251800001,0.4702,0.46526118398458693
BTC-25SEP26-140000-C,BTC,2026-09-25 00:00:00+00:00,140000.0,C,72532.08,261.11548799999997,0.4771,0.46526117745221435
BTC-25SEP26-140000-P,BTC,2026-09-25 00:00:00+00:00,140000.0,P,72532.08,67708.69668000001,0.4771,0.46526117057583594
BTC-25SEP26-145000-C,BTC,2026-09-25 00:00:00+00:00,145000.0,C,72541.39,217.62417,0.4841,0.46526116403560475
BTC-25SEP26-145000-P,BTC,2026-09-25 00:00:00+00:00,145000.0,P,72532.08,72669.890952,0.4841,0.4652611570943607
BTC-25SEP26-150000-C,BTC,2026-09-25 00:00:00+00:00,150000.0,C,72532.04,188.58330399999997,0.4917,0.4652611479713603
BTC-25SEP26-150000-P,BTC,2026-09-25 00:00:00+00:00,150000.0,P,72530.7,77636.86128,0.4917,0.4652611410625333
BTC-25SEP26-155000-C,BTC,2026-09-25 00:00:00+00:00,155000.0,C,72532.04,159.57048799999998,0.4982,0.46526113411748676
BTC-25SEP26-155000-P,BTC,2026-09-25 00:00:00+00:00,155000.0,P,72530.7,82605.21423,0.4982,0.46526112760491933
BTC-25SEP26-160000-C,BTC,2026-09-25 00:00:00+00:00,160000.0,C,72530.7,137.80832999999998,0.5059,0.46526112081533444
BTC-25SEP26-160000-P,BTC,2026-09-25 00:00:00+00:00,160000.0,P,72521.49,87591.45562200001,0.5059,0.4652611139992902
BTC-25SEP26-165000-C,BTC,2026-09-25 00:00:00+00:00,165000.0,C,72521.49,123.286533,0.5133,0.46526110727396885
BTC-25SEP26-165000-P,BTC,2026-09-25 00:00:00+00:00,165000.0,P,72521.49,92573.681985,0.5133,0.46526110034017165
BTC-25SEP26-170000-C,BTC,2026-09-25 00:00:00+00:00,170000.0,C,72530.2,108.7953,0.5204,0.46526109335871557
BTC-25SEP26-170000-P,BTC,2026-09-25 00:00:00+00:00,170000.0,P,72521.08,97562.608924,0.5204,0.46526108649884657
BTC-25SEP26-175000-C,BTC,2026-09-25 00:00:00+00:00,175000.0,C,72521.08,94.277404,0.5268999999999999,0.46526107964991
BTC-25SEP26-175000-P,BTC,2026-09-25 00:00:00+00:00,175000.0,P,72521.08,102552.059228,0.5268999999999999,0.4652610729352676
BTC-25SEP26-180000-C,BTC,2026-09-25 00:00:00+00:00,180000.0,C,72521.08,87.025296,0.5344,0.4652610662646716
BTC-25SEP26-180000-P,BTC,2026-09-25 00:00:00+00:00,180000.0,P,72521.08,107541.50953200001,0.5344,0.4652610596941149
BTC-25SEP26-190000-C,BTC,2026-09-25 00:00:00+00:00,190000.0,C,72521.08,65.268972,0.5449,0.4652610529262999
BTC-25SEP26-190000-P,BTC,2026-09-25 00:00:00+00:00,190000.0,P,72521.08,117542.16646400001,0.5449,0.46526104611107943
BTC-25SEP26-200000-C,BTC,2026-09-25 00:00:00+00:00,200000.0,C,72520.62,50.764433999999994,0.5564,0.4652610393483979
BTC-25SEP26-200000-P,BTC,2026-09-25 00:00:00+00:00,200000.0,P,72520.62,127527.51026999998,0.5564,0.4652610306769526
BTC-25SEP26-220000-C,BTC,2026-09-25 00:00:00+00:00,220000.0,C,72521.08,36.26054,0.5778,0.46526102119429236
BTC-25SEP26-220000-P,BTC,2026-09-25 00:00:00+00:00,220000.0,P,72521.08,147515.12882800002,0.5778,0.46526101460171243
BTC-25SEP26-240000-C,BTC,2026-09-25 00:00:00+00:00,240000.0,C,72520.62,29.008248,0.607,0.4652610077842422
BTC-25SEP26-240000-P,BTC,2026-09-25 00:00:00+00:00,240000.0,P,72520.62,167508.128076,0.607,0.46526100095355793
BTC-25SEP26-260000-C,BTC,2026-09-25 00:00:00+00:00,260000.0,C,72520.62,21.756185999999996,0.6227,0.4652609908498111
BTC-25SEP26-260000-P,BTC,2026-09-25 00:00:00+00:00,260000.0,P,72520.62,187494.81094799997,0.6227,0.4652609838564086
BTC-25SEP26-280000-C,BTC,2026-09-25 00:00:00+00:00,280000.0,C,72521.08,21.756324,0.6472,0.46526097686877327
BTC-25SEP26-280000-P,BTC,2026-09-25 00:00:00+00:00,280000.0,P,72520.62,207495.997944,0.6472,0.46526097022435164
BTC-25SEP26-300000-C,BTC,2026-09-25 00:00:00+00:00,300000.0,C,72521.08,14.504216000000001,0.6472,0.4652609634565366
BTC-25SEP26-300000-P,BTC,2026-09-25 00:00:00+00:00,300000.0,P,72520.11,227488.333059,0.6472,0.4652609567777968
BTC-25SEP26-320000-C,BTC,2026-09-25 00:00:00+00:00,320000.0,C,72520.11,29.008044,0.7295999999999999,0.46526095003736023
BTC-25SEP26-320000-P,BTC,2026-09-25 00:00:00+00:00,320000.0,P,72520.11,247511.13543,0.7295999999999999,0.4652609432941035
BTC-25DEC26-30000-C,BTC,2026-12-25 00:00:00+00:00,30000.0,C,73293.62,44027.477534,0.6922,0.7144053583500963
BTC-25DEC26-30000-P,BTC,2026-12-25 00:00:00+00:00,30000.0,P,73293.58,732.9358000000001,0.6922,0.7144053517565023
BTC-25DEC26-35000-C,BTC,2026-12-25 00:00:00+00:00,35000.0,C,73293.62,39402.650111999996,0.6473,0.7144053450716151
BTC-25DEC26-35000-P,BTC,2026-12-25 00:00:00+00:00,35000.0,P,73302.39,1106.866089,0.6473,0.7144052539044476
BTC-25DEC26-40000-C,BTC,2026-12-25 00:00:00+00:00,40000.0,C,73307.15,34923.52626,0.6101,0.7144052472926965
BTC-25DEC26-40000-P,BTC,2026-12-25 00:00:00+00:00,40000.0,P,73307.15,1620.088015,0.6101,0.7144052403388724
BTC-25DEC26-45000-C,BTC,2026-12-25 00:00:00+00:00,45000.0,C,73307.15,30576.412265,0.5748,0.714405233773988
BTC-25DEC26-45000-P,BTC,2026-12-25 00:00:00+00:00,45000.0,P,73307.15,2272.5216499999997,0.5748,0.7144052255887013
BTC-25DEC26-50000-C,BTC,2026-12-25 00:00:00+00:00,50000.0,C,73307.15,26485.873294999998,0.5486,0.7144052185806589
BTC-25DEC26-50000-P,BTC,2026-12-25 00:00:00+00:00,50000.0,P,73308.39,3181.584126,0.5486,0.7144052065926433
BTC-25DEC26-54000-C,BTC,2026-12-25 00:00:00+00:00,54000.0,C,73307.32,23443.680936,0.5322,0.714405199763892
BTC-25DEC26-54000-P,BTC,2026-12-25 00:00:00+00:00,54000.0,P,73307.32,4134.532848000001,0.5322,0.7144051931565771
BTC-25DEC26-55000-C,BTC,2026-12-25 00:00:00+00:00,55000.0,C,73308.39,22710.939222,0.5285,0.714405185385739
BTC-25DEC26-55000-P,BTC,2026-12-25 00:00:00+00:00,55000.0,P,73308.61,4405.847461,0.5285,0.714405178991178
BTC-25DEC26-56000-C,BTC,2026-12-25 00:00:00+00:00,56000.0,C,73308.61,21992.583,0.5249,0.7144051724299377
BTC-25DEC26-56000-P,BTC,2026-12-25 00:00:00+00:00,56000.0,P,73308.61,4684.420179,0.5249,0.7144051631050207
BTC-25DEC26-58000-C,BTC,2026-12-25 00:00:00+00:00,58000.0,C,73308.61,20607.050271,0.5185,0.7144051553674551
BTC-25DEC26-58000-P,BTC,2026-12-25 00:00:00+00:00,58000.0,P,73309.25,5300.258775,0.5185,0.7144051487859343
BTC-25DEC26-60000-C,BTC,2026-12-25 00:00:00+00:00,60000.0,C,73309.25,19273.001825000003,0.5124,0.7144051418413948
BTC-25DEC26-60000-P,BTC,2026-12-25 00:00:00+00:00,60000.0,P,73309.25,5960.042025,0.5124,0.7144051354173321
BTC-25DEC26-62000-C,BTC,2026-12-25 00:00:00+00:00,62000.0,C,73309.25,17997.420875,0.5072,0.7144051288426242
BTC-25DEC26-62000-P,BTC,2026-12-25 00:00:00+00:00,62000.0,P,73309.25,6693.134525,0.5072,0.7144051223534742
BTC-25DEC26-64000-C,BTC,2026-12-25 00:00:00+00:00,64000.0,C,73310.92,16788.20068,0.5025,0.7144051152161761
BTC-25DEC26-64000-P,BTC,2026-12-25 00:00:00+00:00,64000.0,P,73310.92,7477.713839999999,0.5025,0.7144051082445115
BTC-25DEC26-65000-C,BTC,2026-12-25 00:00:00+00:00,65000.0,C,73310.92,16209.044412,0.5007,0.7144051015135181
BTC-25DEC26-65000-P,BTC,2026-12-25 00:00:00+00:00,65000.0,P,73309.38,7902.751164000001,0.5007,0.7144050922677896
BTC-25DEC26-66000-C,BTC,2026-12-25 00:00:00+00:00,66000.0,C,73311.78,15637.402673999999,0.4982,0.7144050820948361
BTC-25DEC26-66000-P,BTC,2026-12-25 00:00:00+00:00,66000.0,P,73311.78,8320.88703,0.4982,0.7144050741765218
BTC-25DEC26-68000-C,BTC,2026-12-25 00:00:00+00:00,68000.0,C,73311.78,14545.057152,0.49420000000000003,0.7144050648839898
BTC-25DEC26-68000-P,BTC,2026-12-25 00:00:00+00:00,68000.0,P,73311.78,9229.953102000001,0.49420000000000003,0.7144050580413592
BTC-25DEC26-70000-C,BTC,2026-12-25 00:00:00+00:00,70000.0,C,73311.78,13511.361053999999,0.49079999999999996,0.7144050511576292
BTC-25DEC26-70000-P,BTC,2026-12-25 00:00:00+00:00,70000.0,P,73311.78,10204.999775999999,0.49079999999999996,0.7144050444455852
BTC-25DEC26-72000-C,BTC,2026-12-25 00:00:00+00:00,72000.0,C,73311.78,12543.645558,0.4877,0.7144050358931288
BTC-25DEC26-72000-P,BTC,2026-12-25 00:00:00+00:00,72000.0,P,73311.03,11231.249796,0.4877,0.7144050294702703
BTC-25DEC26-74000-C,BTC,2026-12-25 00:00:00+00:00,74000.0,C,73311.03,11619.798255,0.48460000000000003,0.7144050226875617
BTC-25DEC26-74000-P,BTC,2026-12-25 00:00:00+00:00,74000.0,P,73311.03,12308.921937,0.48460000000000003,0.7144050157399485
BTC-25DEC26-75000-C,BTC,2026-12-25 00:00:00+00:00,75000.0,C,73311.03,11187.263178000001,0.4832,0.7144050084335628
BTC-25DEC26-75000-P,BTC,2026-12-25 00:00:00+00:00,75000.0,P,73311.78,12873.548568,0.4832,0.7144049987756358
BTC-25DEC26-76000-C,BTC,2026-12-25 00:00:00+00:00,76000.0,C,73311.78,10754.838125999999,0.4818,0.7144049921140392
BTC-25DEC26-76000-P,BTC,2026-12-25 00:00:00+00:00,76000.0,P,73311.78,13445.380452000001,0.4818,0.714404985230214
BTC-25DEC26-78000-C,BTC,2026-12-25 00:00:00+00:00,78000.0,C,73311.78,9948.408545999999,0.47909999999999997,0.7144049785611389
BTC-25DEC26-78000-P,BTC,2026-12-25 00:00:00+00:00,78000.0,P,73311.03,14632.881588,0.47909999999999997,0.7144049718673474
BTC-25DEC26-80000-C,BTC,2026-12-25 00:00:00+00:00,80000.0,C,73311.78,9193.297212000001,0.47700000000000004,0.7144049650520635
BTC-25DEC26-80000-P,BTC,2026-12-25 00:00:00+00:00,80000.0,P,73311.15,15886.526204999998,0.47700000000000004,0.714404958571501
BTC-25DEC26-82000-C,BTC,2026-12-25 00:00:00+00:00,82000.0,C,73311.99,8482.197243,0.47450000000000003,0.7144049518322052
BTC-25DEC26-82000-P,BTC,2026-12-25 00:00:00+00:00,82000.0,P,73311.99,17169.668058,0.47450000000000003,0.71440494509855
BTC-25DEC26-84000-C,BTC,2026-12-25 00:00:00+00:00,84000.0,C,73311.15,7822.299704999999,0.4725,0.714404938171819
BTC-25DEC26-84000-P,BTC,2026-12-25 00:00:00+00:00,84000.0,P,73311.15,18511.065375,0.4725,0.7144049316101034
BTC-25DEC26-85000-C,BTC,2026-12-25 00:00:00+00:00,85000.0,C,73311.99,7507.147776000001,0.47159999999999996,0.7144049245789922
BTC-25DEC26-85000-P,BTC,2026-12-25 00:00:00+00:00,85000.0,P,73311.15,19200.190185,0.47159999999999996,0.7144049174580765
BTC-25DEC26-86000-C,BTC,2026-12-25 00:00:00+00:00,86000.0,C,73311.15,7206.486045,0.4707,0.7144049051577432
BTC-25DEC26-86000-P,BTC,2026-12-25 00:00:00+00:00,86000.0,P,73311.12,19896.637967999995,0.4707,0.7144048953504704
BTC-25DEC26-88000-C,BTC,2026-12-25 00:00:00+00:00,88000.0,C,73311.12,6634.656359999999,0.4689,0.7144048886344653
BTC-25DEC26-88000-P,BTC,2026-12-25 00:00:00+00:00,88000.0,P,73311.12,21326.204808,0.4689,0.714404881522771
BTC-25DEC26-90000-C,BTC,2026-12-25 00:00:00+00:00,90000.0,C,73311.12,6106.816296,0.4673,0.7144048747093251
BTC-25DEC26-90000-P,BTC,2026-12-25 00:00:00+00:00,90000.0,P,73311.19,22792.448971,0.4673,0.7144048674176426
BTC-25DEC26-92000-C,BTC,2026-12-25 00:00:00+00:00,92000.0,C,73311.12,5622.962904,0.466,0.7144048600875542
BTC-25DEC26-92000-P,BTC,2026-12-25 00:00:00+00:00,92000.0,P,73311.12,24309.967392,0.466,0.7144048530407572
BTC-25DEC26-94000-C,BTC,2026-12-25 00:00:00+00:00,94000.0,C,73311.12,5168.433959999999,0.4648,0.7144048462643231
BTC-25DEC26-94000-P,BTC,2026-12-25 00:00:00+00:00,94000.0,P,73311.12,25856.832024,0.4648,0.7144048389334423
BTC-25DEC26-95000-C,BTC,2026-12-25 00:00:00+00:00,95000.0,C,73311.21,4963.168917,0.4644,0.7144048323019813
BTC-25DEC26-95000-P,BTC,2026-12-25 00:00:00+00:00,95000.0,P,73311.21,26648.624835000002,0.4644,0.7144048254469605
BTC-25DEC26-96000-C,BTC,2026-12-25 00:00:00+00:00,96000.0,C,73311.21,4757.897529000001,0.46399999999999997,0.7144048184201903
BTC-25DEC26-96000-P,BTC,2026-12-25 00:00:00+00:00,96000.0,P,73311.12,27447.683328,0.46399999999999997,0.7144048074828567
BTC-25DEC26-98000-C,BTC,2026-12-25 00:00:00+00:00,98000.0,C,73311.12,4376.673864,0.4632,0.7144048006954902
BTC-25DEC26-98000-P,BTC,2026-12-25 00:00:00+00:00,98000.0,P,73311.67,29068.077155,0.4632,0.7144047937935077
BTC-25DEC26-100000-C,BTC,2026-12-25 00:00:00+00:00,100000.0,C,73311.12,4032.1115999999997,0.4625,0.7144047872482382
BTC-25DEC26-100000-P,BTC,2026-12-25 00:00:00+00:00,100000.0,P,73311.67,30717.58973,0.4625,0.7144047804918624
BTC-25DEC26-105000-C,BTC,2026-12-25 00:00:00+00:00,105000.0,C,73311.67,3277.0316489999996,0.46159999999999995,0.7144047739833829
BTC-25DEC26-105000-P,BTC,2026-12-25 00:00:00+00:00,105000.0,P,73311.76,34969.70952,0.46159999999999995,0.7144047672173106
BTC-25DEC26-110000-C,BTC,2026-12-25 00:00:00+00:00,110000.0,C,73311.76,2683.210416,0.4617,0.7144047605649035
BTC-25DEC26-110000-P,BTC,2026-12-25 00:00:00+00:00,110000.0,P,73311.67,39368.36679,0.4617,0.7144047522721944
BTC-25DEC26-115000-C,BTC,2026-12-25 00:00:00+00:00,115000.0,C,73311.76,2192.021624,0.4621,0.7144047452509696
BTC-25DEC26-115000-P,BTC,2026-12-25 00:00:00+00:00,115000.0,P,73311.77,43884.425522000005,0.4621,0.714404738704496
BTC-25DEC26-120000-C,BTC,2026-12-25 00:00:00+00:00,120000.0,C,73311.76,1803.469296,0.46299999999999997,0.7144047302673523
BTC-25DEC26-120000-P,BTC,2026-12-25 00:00:00+00:00,120000.0,P,73311.76,48495.72923999999,0.46299999999999997,0.7144047210968515
BTC-25DEC26-125000-C,BTC,2026-12-25 00:00:00+00:00,125000.0,C,73311.76,1495.559904,0.46490000000000004,0.7144047139468465
BTC-25DEC26-125000-P,BTC,2026-12-25 00:00:00+00:00,125000.0,P,73311.02,53187.14501000001,0.46490000000000004,0.7144047068371803
BTC-25DEC26-130000-C,BTC,2026-12-25 00:00:00+00:00,130000.0,C,73311.02,1246.28734,0.46659999999999996,0.7144047001194324
BTC-25DEC26-130000-P,BTC,2026-12-25 00:00:00+00:00,130000.0,P,73311.02,57930.368004,0.46659999999999996,0.7144046933440122
BTC-25DEC26-135000-C,BTC,2026-12-25 00:00:00+00:00,135000.0,C,73311.02,1055.678688,0.4703,0.7144046861106992
BTC-25DEC26-135000-P,BTC,2026-12-25 00:00:00+00:00,135000.0,P,73311.02,62746.902018,0.4703,0.7144046795148237
BTC-25DEC26-140000-C,BTC,2026-12-25 00:00:00+00:00,140000.0,C,73311.02,909.056648,0.47450000000000003,0.7144046719737559
BTC-25DEC26-140000-P,BTC,2026-12-25 00:00:00+00:00,140000.0,P,73311.1,67592.83420000001,0.47450000000000003,0.7144046641664448
BTC-25DEC26-150000-C,BTC,2026-12-25 00:00:00+00:00,150000.0,C,73311.1,652.46879,0.4799,0.7144046572273558
BTC-25DEC26-150000-P,BTC,2026-12-25 00:00:00+00:00,150000.0,P,73311.02,77343.1261,0.4799,0.7144046496385023
BTC-25DEC26-160000-C,BTC,2026-12-25 00:00:00+00:00,160000.0,C,73311.1,505.84659000000005,0.4888,0.71440464124737
BTC-25DEC26-160000-P,BTC,2026-12-25 00:00:00+00:00,160000.0,P,73311.24,87189.057732,0.4888,0.7144046342919296
BTC-25DEC26-170000-C,BTC,2026-12-25 00:00:00+00:00,170000.0,C,73311.1,395.87994000000003,0.49810000000000004,0.7144046274933138
BTC-25DEC26-170000-P,BTC,2026-12-25 00:00:00+00:00,170000.0,P,73311.24,97086.07513200001,0.49810000000000004,0.7144046204071604
BTC-25DEC26-180000-C,BTC,2026-12-25 00:00:00+00:00,180000.0,C,73311.24,315.238332,0.506,0.7144046134978896
BTC-25DEC26-180000-P,BTC,2026-12-25 00:00:00+00:00,180000.0,P,73311.1,107004.88156000001,0.506,0.7144046062428069
BTC-25DEC26-190000-C,BTC,2026-12-25 00:00:00+00:00,190000.0,C,73311.24,263.92046400000004,0.5162,0.714404598692708
BTC-25DEC26-190000-P,BTC,2026-12-25 00:00:00+00:00,190000.0,P,73311.24,116953.421172,0.5162,0.7144045918547037
BTC-25DEC26-200000-C,BTC,2026-12-25 00:00:00+00:00,200000.0,C,73311.24,219.93372000000002,0.5253,0.7144045810978973
BTC-25DEC26-200000-P,BTC,2026-12-25 00:00:00+00:00,200000.0,P,73311.24,126909.08756400002,0.5253,0.7144045745515502
BTC-25DEC26-210000-C,BTC,2026-12-25 00:00:00+00:00,210000.0,C,73311.39,183.27847500000001,0.534,0.714404567906368
BTC-25DEC26-210000-P,BTC,2026-12-25 00:00:00+00:00,210000.0,P,73311.24,136872.08508000002,0.534,0.7144045609142646
BTC-25DEC26-220000-C,BTC,2026-12-25 00:00:00+00:00,220000.0,C,73311.24,161.28472800000003,0.5428000000000001,0.7144045506834171
BTC-25DEC26-220000-P,BTC,2026-12-25 00:00:00+00:00,220000.0,P,73311.29,146849.84499899996,0.5428000000000001,0.7144045405847402
BTC-25DEC26-230000-C,BTC,2026-12-25 00:00:00+00:00,230000.0,C,73311.29,131.960322,0.55,0.7144045333131798
BTC-25DEC26-230000-P,BTC,2026-12-25 00:00:00+00:00,230000.0,P,73311.29,156827.51156800002,0.55,0.714404520376486
BTC-25DEC26-240000-C,BTC,2026-12-25 00:00:00+00:00,240000.0,C,73311.29,117.298064,0.5594,0.7144045094405469
BTC-25DEC26-240000-P,BTC,2026-12-25 00:00:00+00:00,240000.0,P,73311.29,166812.50926599998,0.5594,0.7144045021248447
BTC-25DEC26-250000-C,BTC,2026-12-25 00:00:00+00:00,250000.0,C,73311.29,109.96693499999999,0.5678,0.714404495685445
BTC-25DEC26-250000-P,BTC,2026-12-25 00:00:00+00:00,250000.0,P,73311.29,176797.50696399997,0.5678,0.7144044880956727
BTC-26MAR27-40000-C,BTC,2027-03-26 00:00:00+00:00,40000.0,C,73958.14,36283.863484,0.594,0.9635489019025846
BTC-26MAR27-40000-P,BTC,2027-03-26 00:00:00+00:00,40000.0,P,73958.14,2322.2855959999997,0.594,0.9635488951845513
BTC-26MAR27-50000-C,BTC,2027-03-26 00:00:00+00:00,50000.0,C,73958.14,28333.363434,0.5479999999999999,0.9635488885830988
BTC-26MAR27-50000-P,BTC,2027-03-26 00:00:00+00:00,50000.0,P,73952.7,4370.6045699999995,0.5479999999999999,0.9635488808621061
BTC-26MAR27-55000-C,BTC,2027-03-26 00:00:00+00:00,55000.0,C,73952.7,24788.94504,0.532,0.9635488739691864
BTC-26MAR27-55000-P,BTC,2027-03-26 00:00:00+00:00,55000.0,P,73952.7,5827.47276,0.532,0.9635488668973876
BTC-26MAR27-56000-C,BTC,2027-03-26 00:00:00+00:00,56000.0,C,73952.7,24108.5802,0.5289,0.9635488604378025
BTC-26MAR27-56000-P,BTC,2027-03-26 00:00:00+00:00,56000.0,P,73952.7,6145.469369999999,0.5289,0.9635488535827186
BTC-26MAR27-58000-C,BTC,2027-03-26 00:00:00+00:00,58000.0,C,73950.26,22806.260184,0.524,0.9635488467914545
BTC-26MAR27-58000-P,BTC,2027-03-26 00:00:00+00:00,58000.0,P,73950.26,6847.794075999999,0.524,0.9635488257060423
BTC-26MAR27-60000-C,BTC,2027-03-26 00:00:00+00:00,60000.0,C,73950.26,21549.105763999996,0.5193,0.9635488186673575
BTC-26MAR27-60000-P,BTC,2027-03-26 00:00:00+00:00,60000.0,P,73947.77,7594.435979000001,0.5193,0.9635488116664133
BTC-26MAR27-62000-C,BTC,2027-03-26 00:00:00+00:00,62000.0,C,73947.77,20343.031527000003,0.515,0.9635488051648731
BTC-26MAR27-62000-P,BTC,2027-03-26 00:00:00+00:00,62000.0,P,73947.77,8393.071895000001,0.515,0.9635487978518645
BTC-26MAR27-64000-C,BTC,2027-03-26 00:00:00+00:00,64000.0,C,73947.77,19196.841092000002,0.5109,0.9635487873676706
BTC-26MAR27-64000-P,BTC,2027-03-26 00:00:00+00:00,64000.0,P,73947.66,9243.4575,0.5109,0.9635487775668617
BTC-26MAR27-66000-C,BTC,2027-03-26 00:00:00+00:00,66000.0,C,73947.66,18087.597636000002,0.5071,0.9635487707138694
BTC-26MAR27-66000-P,BTC,2027-03-26 00:00:00+00:00,66000.0,P,73947.66,10138.224186000001,0.5071,0.963548763654619
BTC-26MAR27-68000-C,BTC,2027-03-26 00:00:00+00:00,68000.0,C,73947.66,17037.540864,0.5036999999999999,0.963548756706562
BTC-26MAR27-68000-P,BTC,2027-03-26 00:00:00+00:00,68000.0,P,73947.46,11092.119,0.5036999999999999,0.963548749917009
BTC-26MAR27-70000-C,BTC,2027-03-26 00:00:00+00:00,70000.0,C,73947.46,16031.809328000001,0.5005,0.9635487430474434
BTC-26MAR27-70000-P,BTC,2027-03-26 00:00:00+00:00,70000.0,P,73947.66,12090.442410000001,0.5005,0.9635487358060816
BTC-26MAR27-72000-C,BTC,2027-03-26 00:00:00+00:00,72000.0,C,73947.46,15085.28184,0.4975,0.9635487283208165
BTC-26MAR27-72000-P,BTC,2027-03-26 00:00:00+00:00,72000.0,P,73947.46,13133.068896000002,0.4975,0.9635487218405075
BTC-26MAR27-74000-C,BTC,2027-03-26 00:00:00+00:00,74000.0,C,73947.46,14183.122828000001,0.4949,0.96354871516275
BTC-26MAR27-74000-P,BTC,2027-03-26 00:00:00+00:00,74000.0,P,73947.46,14234.886050000001,0.4949,0.963548708233611
BTC-26MAR27-76000-C,BTC,2027-03-26 00:00:00+00:00,76000.0,C,73947.46,13332.727038,0.4926,0.9635487010665893
BTC-26MAR27-76000-P,BTC,2027-03-26 00:00:00+00:00,76000.0,P,73947.46,15381.071680000001,0.4926,0.9635486939376567
BTC-26MAR27-78000-C,BTC,2027-03-26 00:00:00+00:00,78000.0,C,73947.32,12526.676008,0.4904,0.9635486869177947
BTC-26MAR27-78000-P,BTC,2027-03-26 00:00:00+00:00,78000.0,P,73947.32,16578.989144000003,0.4904,0.9635486799060131
BTC-26MAR27-80000-C,BTC,2027-03-26 00:00:00+00:00,80000.0,C,73947.32,11750.229148000002,0.4882,0.9635486734220917
BTC-26MAR27-80000-P,BTC,2027-03-26 00:00:00+00:00,80000.0,P,73947.32,17806.514656,0.4882,0.9635486656492572
BTC-26MAR27-82000-C,BTC,2027-03-26 00:00:00+00:00,82000.0,C,73947.87,11033.022203999999,0.4864,0.9635486587602036
BTC-26MAR27-82000-P,BTC,2027-03-26 00:00:00+00:00,82000.0,P,73947.87,19085.945247,0.4864,0.9635486522798946
BTC-26MAR27-84000-C,BTC,2027-03-26 00:00:00+00:00,84000.0,C,73947.87,10337.912226,0.4842,0.9635486454787119
BTC-26MAR27-84000-P,BTC,2027-03-26 00:00:00+00:00,84000.0,P,73947.32,20394.670856,0.4842,0.9635486385619629
BTC-26MAR27-86000-C,BTC,2027-03-26 00:00:00+00:00,86000.0,C,73947.87,9701.960544,0.4827,0.9635486317299795
BTC-26MAR27-86000-P,BTC,2027-03-26 00:00:00+00:00,86000.0,P,73947.96,21755.489832000003,0.4827,0.96354862508372
BTC-26MAR27-88000-C,BTC,2027-03-26 00:00:00+00:00,88000.0,C,73947.87,9088.193222999998,0.48109999999999997,0.963548618071558
BTC-26MAR27-88000-P,BTC,2027-03-26 00:00:00+00:00,88000.0,P,73947.87,23145.68331,0.48109999999999997,0.9635486081354094
BTC-26MAR27-90000-C,BTC,2027-03-26 00:00:00+00:00,90000.0,C,73947.96,8511.410196,0.4794,0.9635485996365692
BTC-26MAR27-90000-P,BTC,2027-03-26 00:00:00+00:00,90000.0,P,73947.96,24565.512312000003,0.4794,0.9635485928599132
BTC-26MAR27-92000-C,BTC,2027-03-26 00:00:00+00:00,92000.0,C,73949.84,7979.187735999999,0.4782,0.9635485862021825
BTC-26MAR27-92000-P,BTC,2027-03-26 00:00:00+00:00,92000.0,P,73949.84,26030.343679999998,0.4782,0.963548579365256
BTC-26MAR27-94000-C,BTC,2027-03-26 00:00:00+00:00,94000.0,C,73949.84,7468.93384,0.4767,0.9635485726120174
BTC-26MAR27-94000-P,BTC,2027-03-26 00:00:00+00:00,94000.0,P,73949.84,27524.130447999996,0.4767,0.9635485661061044
BTC-26MAR27-95000-C,BTC,2027-03-26 00:00:00+00:00,95000.0,C,73949.62,7224.877873999999,0.47609999999999997,0.9635485593116397
BTC-26MAR27-95000-P,BTC,2027-03-26 00:00:00+00:00,95000.0,P,73949.62,28278.334688,0.47609999999999997,0.9635485502349355
BTC-26MAR27-96000-C,BTC,2027-03-26 00:00:00+00:00,96000.0,C,73954.74,7003.513878000001,0.4757,0.9635485437444862
BTC-26MAR27-96000-P,BTC,2027-03-26 00:00:00+00:00,96000.0,P,73954.74,29056.817346000003,0.4757,0.9635485369308187
BTC-26MAR27-98000-C,BTC,2027-03-26 00:00:00+00:00,98000.0,C,73958.01,6552.6796859999995,0.4744,0.963548528920577
BTC-26MAR27-98000-P,BTC,2027-03-26 00:00:00+00:00,98000.0,P,73958.01,30603.824537999997,0.4744,0.9635485224795295
BTC-26MAR27-100000-C,BTC,2027-03-26 00:00:00+00:00,100000.0,C,73958.01,6138.51483,0.4736,0.9635485152535365
BTC-26MAR27-100000-P,BTC,2027-03-26 00:00:00+00:00,100000.0,P,73954.99,32192.607147000002,0.4736,0.9635485064431389
BTC-26MAR27-105000-C,BTC,2027-03-26 00:00:00+00:00,105000.0,C,73964.8,5214.5184,0.4717,0.9635484994093024
BTC-26MAR27-105000-P,BTC,2027-03-26 00:00:00+00:00,105000.0,P,73964.8,36264.94144,0.4717,0.9635484927877596
BTC-26MAR27-110000-C,BTC,2027-03-26 00:00:00+00:00,110000.0,C,73964.8,4437.888,0.4705,0.9635484856542006
BTC-26MAR27-110000-P,BTC,2027-03-26 00:00:00+00:00,110000.0,P,73964.8,40488.33152,0.4705,0.9635484789011521
BTC-26MAR27-115000-C,BTC,2027-03-26 00:00:00+00:00,115000.0,C,73964.8,3794.39424,0.47009999999999996,0.9635484723053084
BTC-26MAR27-115000-P,BTC,2027-03-26 00:00:00+00:00,115000.0,P,73968.35,44839.61377,0.47009999999999996,0.963548464416559
BTC-26MAR27-120000-C,BTC,2027-03-26 00:00:00+00:00,120000.0,C,73968.35,3247.2105650000003,0.4702,0.9635484576284953
BTC-26MAR27-120000-P,BTC,2027-03-26 00:00:00+00:00,120000.0,P,73964.95,49297.639175,0.4702,0.9635484506735619
BTC-26MAR27-130000-C,BTC,2027-03-26 00:00:00+00:00,130000.0,C,73968.35,2389.1777050000005,0.4702,0.9635484429095368
BTC-26MAR27-130000-P,BTC,2027-03-26 00:00:00+00:00,130000.0,P,73965.28,58425.174672,0.4702,0.9635484334361929
BTC-26MAR27-140000-C,BTC,2027-03-26 00:00:00+00:00,140000.0,C,73965.28,1789.959776,0.4722,0.9635484227959985
BTC-26MAR27-140000-P,BTC,2027-03-26 00:00:00+00:00,140000.0,P,73965.28,67826.16176,0.4722,0.9635484160093607
BTC-26MAR27-150000-C,BTC,2027-03-26 00:00:00+00:00,150000.0,C,73965.28,1368.3576799999998,0.47509999999999997,0.9635484092632837
BTC-26MAR27-150000-P,BTC,2027-03-26 00:00:00+00:00,150000.0,P,73965.25,77397.2376,0.47509999999999997,0.963548398285009
BTC-26MAR27-160000-C,BTC,2027-03-26 00:00:00+00:00,160000.0,C,73963.79,1079.871334,0.4806,0.9635483911658048
BTC-26MAR27-160000-P,BTC,2027-03-26 00:00:00+00:00,160000.0,P,73965.25,87108.874925,0.4806,0.9635483845067114
BTC-26MAR27-170000-C,BTC,2027-03-26 00:00:00+00:00,170000.0,C,73963.79,872.7727219999999,0.4869,0.9635483766706278
BTC-26MAR27-170000-P,BTC,2027-03-26 00:00:00+00:00,170000.0,P,73962.26,96905.35305199999,0.4869,0.9635483675754811
BTC-26MAR27-180000-C,BTC,2027-03-26 00:00:00+00:00,180000.0,C,73962.26,695.245244,0.4913,0.9635483585965029
BTC-26MAR27-180000-P,BTC,2027-03-26 00:00:00+00:00,180000.0,P,73962.26,106727.54118,0.4913,0.963548351842282
ETH-10APR26-1600-C,ETH,2026-04-10 00:00:00+00:00,1600.0,C,2234.53,634.8299730000001,1.6108000000000002,0.005299912585399397
ETH-10APR26-1600-P,ETH,2026-04-10 00:00:00+00:00,1600.0,P,2234.53,0.22345300000000004,1.6108000000000002,0.005299902851515958
ETH-10APR26-1800-C,ETH,2026-04-10 00:00:00+00:00,1800.0,C,2234.52,435.507948,1.228,0.005299896043932365
ETH-10APR26-1800-P,ETH,2026-04-10 00:00:00+00:00,1800.0,P,2234.52,0.893808,1.228,0.0052998891246482625
ETH-10APR26-1850-C,ETH,2026-04-10 00:00:00+00:00,1850.0,C,2234.52,385.678152,1.1273,0.0052998820628945165
ETH-10APR26-1850-P,ETH,2026-04-10 00:00:00+00:00,1850.0,P,2234.52,1.11726,1.1273,0.005299874587674601
ETH-10APR26-1900-C,ETH,2026-04-10 00:00:00+00:00,1900.0,C,2234.39,336.052256,1.0409,0.005299866009107156
ETH-10APR26-1900-P,ETH,2026-04-10 00:00:00+00:00,1900.0,P,2234.39,1.5640729999999998,1.0409,0.0052998590625712985
ETH-10APR26-1950-C,ETH,2026-04-10 00:00:00+00:00,1950.0,C,2234.07,286.407774,0.9431999999999999,0.005299852669753087
ETH-10APR26-1950-P,ETH,2026-04-10 00:00:00+00:00,1950.0,P,2234.09,2.010681,0.9431999999999999,0.005299845943069182
ETH-10APR26-2000-C,ETH,2026-04-10 00:00:00+00:00,2000.0,C,2234.07,237.48164100000002,0.8554999999999999,0.005299839110388623
ETH-10APR26-2000-P,ETH,2026-04-10 00:00:00+00:00,2000.0,P,2234.09,2.9043170000000003,0.8554999999999999,0.0052998322039698835
ETH-10APR26-2050-C,ETH,2026-04-10 00:00:00+00:00,2050.0,C,2234.07,189.449136,0.7881999999999999,0.005299825401012751
ETH-10APR26-2050-P,ETH,2026-04-10 00:00:00+00:00,2050.0,P,2233.66,5.137417999999999,0.7881999999999999,0.005299816989156336
ETH-10APR26-2075-C,ETH,2026-04-10 00:00:00+00:00,2075.0,C,2233.66,166.18430399999997,0.7648999999999999,0.005299807391975309
ETH-10APR26-2075-P,ETH,2026-04-10 00:00:00+00:00,2075.0,P,2233.66,6.924345999999999,0.7648999999999999,0.005299800279203741
ETH-10APR26-2100-C,ETH,2026-04-10 00:00:00+00:00,2100.0,C,2233.66,143.624338,0.7431,0.0052997937957892875
ETH-10APR26-2100-P,ETH,2026-04-10 00:00:00+00:00,2100.0,P,2233.66,9.381371999999999,0.7431,0.005299786994796816
ETH-10APR26-2125-C,ETH,2026-04-10 00:00:00+00:00,2125.0,C,2233.66,122.18120199999998,0.728,0.005299778726709255
ETH-10APR26-2125-P,ETH,2026-04-10 00:00:00+00:00,2125.0,P,2233.66,13.178593999999999,0.728,0.005299771565454914
ETH-10APR26-2150-C,ETH,2026-04-10 00:00:00+00:00,2150.0,C,2233.66,102.301628,0.7134,0.005299764535864578
ETH-10APR26-2150-P,ETH,2026-04-10 00:00:00+00:00,2150.0,P,2233.69,18.316258,0.7134,0.005299755521459173
ETH-10APR26-2175-C,ETH,2026-04-10 00:00:00+00:00,2175.0,C,2233.67,83.539258,0.7025,0.005299745693810682
ETH-10APR26-2175-P,ETH,2026-04-10 00:00:00+00:00,2175.0,P,2233.69,24.793959,0.7025,0.005299737158814359
ETH-10APR26-2200-C,ETH,2026-04-10 00:00:00+00:00,2200.0,C,2233.69,67.23406899999999,0.6979000000000001,0.005299730603943266
ETH-10APR26-2200-P,ETH,2026-04-10 00:00:00+00:00,2200.0,P,2233.69,33.728719000000005,0.6979000000000001,0.005299723501850585
ETH-10APR26-2250-C,ETH,2026-04-10 00:00:00+00:00,2250.0,C,2233.73,41.100632,0.6920000000000001,0.005299717099177376
ETH-10APR26-2250-P,ETH,2026-04-10 00:00:00+00:00,2250.0,P,2233.69,57.405833,0.6920000000000001,0.005299710078523081
ETH-10APR26-2300-C,ETH,2026-04-10 00:00:00+00:00,2300.0,C,2233.69,23.900482999999998,0.7049,0.005299701479802012
ETH-10APR26-2300-P,ETH,2026-04-10 00:00:00+00:00,2300.0,P,2233.73,90.24269199999999,0.7049,0.005299692242882855
ETH-10APR26-2400-C,ETH,2026-04-10 00:00:00+00:00,2400.0,C,2233.73,7.818055,0.7623000000000001,0.00529968162417294
ETH-10APR26-2400-P,ETH,2026-04-10 00:00:00+00:00,2400.0,P,2233.73,174.23094,0.7623000000000001,0.005299674630073263
ETH-10APR26-2500-C,ETH,2026-04-10 00:00:00+00:00,2500.0,C,2233.77,2.903901,0.8393999999999999,0.005299667736076255
ETH-10APR26-2500-P,ETH,2026-04-10 00:00:00+00:00,2500.0,P,2233.77,269.169285,0.8393999999999999,0.005299660861345603
ETH-10APR26-2600-C,ETH,2026-04-10 00:00:00+00:00,2600.0,C,2233.79,1.340274,0.9412999999999999,0.005299654136214415
ETH-10APR26-2600-P,ETH,2026-04-10 00:00:00+00:00,2600.0,P,2233.77,367.678542,0.9412999999999999,0.005299647582452405
ETH-10APR26-2800-C,ETH,2026-04-10 00:00:00+00:00,2800.0,C,2233.77,0.44675400000000004,1.1629,0.005299640456530282
ETH-10APR26-2800-P,ETH,2026-04-10 00:00:00+00:00,2800.0,P,2233.79,566.7125229999999,1.1629,0.005299633700186325
ETH-11APR26-1800-C,ETH,2026-04-11 00:00:00+00:00,1800.0,C,2233.56,435.32084399999997,1.1013,0.008037477403985095
ETH-11APR26-1800-P,ETH,2026-04-11 00:00:00+00:00,1800.0,P,2233.56,1.5634919999999999,1.1013,0.008037470891766168
ETH-11APR26-1900-C,ETH,2026-04-11 00:00:00+00:00,1900.0,C,2233.56,336.374136,0.9429000000000001,0.008037464321462975
ETH-11APR26-1900-P,ETH,2026-04-11 00:00:00+00:00,1900.0,P,2233.56,2.456916,0.9429000000000001,0.008037457992591325
ETH-11APR26-1925-C,ETH,2026-04-11 00:00:00+00:00,1925.0,C,2233.46,311.791016,0.9068,0.008037451312235405
ETH-11APR26-1925-P,ETH,2026-04-11 00:00:00+00:00,1925.0,P,2233.46,2.903498,0.9068,0.008037443958539305
ETH-11APR26-1950-C,ETH,2026-04-11 00:00:00+00:00,1950.0,C,2233.46,287.446302,0.8721,0.008037437195794358
ETH-11APR26-1950-P,ETH,2026-04-11 00:00:00+00:00,1950.0,P,2233.46,3.5735360000000003,0.8721,0.008037430254487034
ETH-11APR26-1975-C,ETH,2026-04-11 00:00:00+00:00,1975.0,C,2233.67,263.349693,0.8423,0.008037423240613987
ETH-11APR26-1975-P,ETH,2026-04-11 00:00:00+00:00,1975.0,P,2233.67,4.46734,0.8423,0.008037414055694983
ETH-11APR26-2000-C,ETH,2026-04-11 00:00:00+00:00,2000.0,C,2233.67,239.44942400000002,0.8159000000000001,0.008037400880833776
ETH-11APR26-2000-P,ETH,2026-04-11 00:00:00+00:00,2000.0,P,2233.67,5.584175,0.8159000000000001,0.008037394250735163
ETH-11APR26-2025-C,ETH,2026-04-11 00:00:00+00:00,2025.0,C,2233.94,216.021998,0.7902,0.008037387710503968
ETH-11APR26-2025-P,ETH,2026-04-11 00:00:00+00:00,2025.0,P,2233.94,6.9252139999999995,0.7902,0.00803738078599133
ETH-11APR26-2050-C,ETH,2026-04-11 00:00:00+00:00,2050.0,C,2233.94,193.012416,0.7675,0.00803737359723173
ETH-11APR26-2050-P,ETH,2026-04-11 00:00:00+00:00,2050.0,P,2233.94,8.93576,0.7675,0.008037366752858264
ETH-11APR26-2075-C,ETH,2026-04-11 00:00:00+00:00,2075.0,C,2233.94,170.673016,0.748,0.008037360077255556
ETH-11APR26-2075-P,ETH,2026-04-11 00:00:00+00:00,2075.0,P,2233.96,11.616591999999999,0.748,0.008037353357226152
ETH-11APR26-2100-C,ETH,2026-04-11 00:00:00+00:00,2100.0,C,2233.94,149.227192,0.7312000000000001,0.008037346453405836
ETH-11APR26-2100-P,ETH,2026-04-11 00:00:00+00:00,2100.0,P,2233.96,15.190928,0.7312000000000001,0.008037338764703273
ETH-11APR26-2125-C,ETH,2026-04-11 00:00:00+00:00,2125.0,C,2233.96,129.122888,0.7173999999999999,0.008037331832363678
ETH-11APR26-2125-P,ETH,2026-04-11 00:00:00+00:00,2125.0,P,2233.95,19.65876,0.7173999999999999,0.008037324823529039
ETH-11APR26-2150-C,ETH,2026-04-11 00:00:00+00:00,2150.0,C,2233.95,109.91033999999999,0.7042,0.008037318189342661
ETH-11APR26-2150-P,ETH,2026-04-11 00:00:00+00:00,2150.0,P,2233.95,25.467029999999998,0.7042,0.00803731148002383
ETH-11APR26-2175-C,ETH,2026-04-11 00:00:00+00:00,2175.0,C,2233.95,92.48553,0.6969,0.008037304781985955
ETH-11APR26-2175-P,ETH,2026-04-11 00:00:00+00:00,2175.0,P,2233.98,33.062904,0.6969,0.008037297773721704
ETH-11APR26-2200-C,ETH,2026-04-11 00:00:00+00:00,2200.0,C,2233.98,76.625514,0.6908,0.008037290960339191
ETH-11APR26-2200-P,ETH,2026-04-11 00:00:00+00:00,2200.0,P,2233.98,42.222222,0.6908,0.008037283518581894
ETH-11APR26-2225-C,ETH,2026-04-11 00:00:00+00:00,2225.0,C,2233.98,62.998236,0.6909000000000001,0.0080372769198228
ETH-11APR26-2225-P,ETH,2026-04-11 00:00:00+00:00,2225.0,P,2233.98,53.615520000000004,0.6909000000000001,0.00803726871964281
ETH-11APR26-2250-C,ETH,2026-04-11 00:00:00+00:00,2250.0,C,2233.97,50.934515999999995,0.6890000000000001,0.008037262172598677
ETH-11APR26-2250-P,ETH,2026-04-11 00:00:00+00:00,2250.0,P,2233.97,66.34890899999999,0.6890000000000001,0.00803725553790529
ETH-11APR26-2275-C,ETH,2026-04-11 00:00:00+00:00,2275.0,C,2233.97,40.434857,0.6865000000000001,0.008037248907109539
ETH-11APR26-2275-P,ETH,2026-04-11 00:00:00+00:00,2275.0,P,2233.97,80.869714,0.6865000000000001,0.008037241428689126
ETH-11APR26-2300-C,ETH,2026-04-11 00:00:00+00:00,2300.0,C,2233.97,31.945770999999997,0.6904,0.008037231907971456
ETH-11APR26-2300-P,ETH,2026-04-11 00:00:00+00:00,2300.0,P,2233.97,97.624489,0.6904,0.008037221123691282
ETH-11APR26-2325-C,ETH,2026-04-11 00:00:00+00:00,2325.0,C,2233.97,25.020463999999997,0.6939,0.008037214215878268
ETH-11APR26-2325-P,ETH,2026-04-11 00:00:00+00:00,2325.0,P,2233.97,115.71964599999998,0.6939,0.008037207134763101
ETH-11APR26-2350-C,ETH,2026-04-11 00:00:00+00:00,2350.0,C,2234.11,19.436757,0.7003,0.008037200452442517
ETH-11APR26-2350-P,ETH,2026-04-11 00:00:00+00:00,2350.0,P,2234.11,135.163655,0.7003,0.008037193360173143
ETH-11APR26-2375-C,ETH,2026-04-11 00:00:00+00:00,2375.0,C,2234.11,15.191948,0.7079000000000001,0.008037186879832434
ETH-11APR26-2375-P,ETH,2026-04-11 00:00:00+00:00,2375.0,P,2234.11,155.717467,0.7079000000000001,0.008037179877620605
ETH-11APR26-2400-C,ETH,2026-04-11 00:00:00+00:00,2400.0,C,2234.11,11.840783,0.7193999999999999,0.00803717223999924
ETH-11APR26-2400-P,ETH,2026-04-11 00:00:00+00:00,2400.0,P,2233.93,177.37404199999997,0.7193999999999999,0.008037165655151215
ETH-11APR26-2425-C,ETH,2026-04-11 00:00:00+00:00,2425.0,C,2233.93,9.382506,0.7332,0.008037159096667681
ETH-11APR26-2425-P,ETH,2026-04-11 00:00:00+00:00,2425.0,P,2233.93,199.93673499999997,0.7332,0.008037152188696226
ETH-11APR26-2450-C,ETH,2026-04-11 00:00:00+00:00,2450.0,C,2233.93,7.595361999999999,0.7483,0.008037145468349938
ETH-11APR26-2450-P,ETH,2026-04-11 00:00:00+00:00,2450.0,P,2233.36,223.11266400000002,0.7483,0.008037138696193626
ETH-11APR26-2500-C,ETH,2026-04-11 00:00:00+00:00,2500.0,C,2233.36,4.913392000000001,0.7812,0.008037131823586077
ETH-11APR26-2500-P,ETH,2026-04-11 00:00:00+00:00,2500.0,P,2233.36,270.459896,0.7812,0.00803712499271174
ETH-11APR26-2600-C,ETH,2026-04-11 00:00:00+00:00,2600.0,C,2233.36,2.4566960000000004,0.8676,0.008037118354849545
ETH-11APR26-2600-P,ETH,2026-04-11 00:00:00+00:00,2600.0,P,2233.36,368.057728,0.8676,0.008037111850457575
ETH-17APR26-1600-C,ETH,2026-04-17 00:00:00+00:00,1600.0,C,2234.6,636.8609999999999,1.0151000000000001,0.024464209993884198
ETH-17APR26-1600-P,ETH,2026-04-17 00:00:00+00:00,1600.0,P,2234.77,2.23477,1.0151000000000001,0.024464203008657186
ETH-17APR26-1700-C,ETH,2026-04-17 00:00:00+00:00,1700.0,C,2234.77,538.132616,0.9213,0.02446419562159353
ETH-17APR26-1700-P,ETH,2026-04-17 00:00:00+00:00,1700.0,P,2234.6,3.57536,0.9213,0.024464188602428574
ETH-17APR26-1800-C,ETH,2026-04-17 00:00:00+00:00,1800.0,C,2234.62,440.6670639999999,0.8447,0.024464181952081276
ETH-17APR26-1800-P,ETH,2026-04-17 00:00:00+00:00,1800.0,P,2234.62,6.256936,0.8447,0.024464172609292213
ETH-17APR26-1850-C,ETH,2026-04-17 00:00:00+00:00,1850.0,C,2234.62,393.069658,0.8109999999999999,0.024464158038697493
ETH-17APR26-1850-P,ETH,2026-04-17 00:00:00+00:00,1850.0,P,2234.61,8.491518000000001,0.8109999999999999,0.02446414754626461
ETH-17APR26-1900-C,ETH,2026-04-17 00:00:00+00:00,1900.0,C,2234.62,346.36609999999996,0.7837000000000001,0.024464140848860498
ETH-17APR26-1900-P,ETH,2026-04-17 00:00:00+00:00,1900.0,P,2234.61,11.619972,0.7837000000000001,0.024464134494796813
ETH-17APR26-1950-C,ETH,2026-04-17 00:00:00+00:00,1950.0,C,2234.61,300.55504500000006,0.753,0.02446412761829163
ETH-17APR26-1950-P,ETH,2026-04-17 00:00:00+00:00,1950.0,P,2234.61,16.089192,0.753,0.02446412088707633
ETH-17APR26-2000-C,ETH,2026-04-17 00:00:00+00:00,2000.0,C,2234.54,256.9721,0.7292000000000001,0.02446411380849621
ETH-17APR26-2000-P,ETH,2026-04-17 00:00:00+00:00,2000.0,P,2234.61,22.346100000000003,0.7292000000000001,0.02446410738379978
ETH-17APR26-2050-C,ETH,2026-04-17 00:00:00+00:00,2050.0,C,2234.54,215.40965599999998,0.7064,0.024464100412705657
ETH-17APR26-2050-P,ETH,2026-04-17 00:00:00+00:00,2050.0,P,2234.54,30.613198,0.7064,0.02446409216718001
ETH-17APR26-2100-C,ETH,2026-04-17 00:00:00+00:00,2100.0,C,2234.44,176.96764800000003,0.6904,0.024464085795244252
ETH-17APR26-2100-P,ETH,2026-04-17 00:00:00+00:00,2100.0,P,2234.44,42.45436,0.6904,0.02446407908937942
ETH-17APR26-2150-C,ETH,2026-04-17 00:00:00+00:00,2150.0,C,2234.44,142.55727199999998,0.6773,0.024464071390663426
ETH-17APR26-2150-P,ETH,2026-04-17 00:00:00+00:00,2150.0,P,2234.54,58.09804,0.6773,0.024464063943360714
ETH-17APR26-2200-C,ETH,2026-04-17 00:00:00+00:00,2200.0,C,2234.45,112.39283499999999,0.669,0.02446405700782062
ETH-17APR26-2200-P,ETH,2026-04-17 00:00:00+00:00,2200.0,P,2234.44,77.981956,0.669,0.024464049785408264
ETH-17APR26-2250-C,ETH,2026-04-17 00:00:00+00:00,2250.0,C,2234.45,87.14354999999999,0.6656,0.024464042934443687
ETH-17APR26-2250-P,ETH,2026-04-17 00:00:00+00:00,2250.0,P,2234.45,102.78469999999999,0.6656,0.024464036095108627
ETH-17APR26-2300-C,ETH,2026-04-17 00:00:00+00:00,2300.0,C,2234.45,66.13972,0.6622,0.02446402958393541
ETH-17APR26-2300-P,ETH,2026-04-17 00:00:00+00:00,2300.0,P,2234.45,131.83254999999997,0.6622,0.02446402279197404
ETH-17APR26-2350-C,ETH,2026-04-17 00:00:00+00:00,2350.0,C,2234.45,49.381344999999996,0.6624,0.024464015843917154
ETH-17APR26-2350-P,ETH,2026-04-17 00:00:00+00:00,2350.0,P,2234.45,165.12585499999997,0.6624,0.024464008817685755
ETH-17APR26-2400-C,ETH,2026-04-17 00:00:00+00:00,2400.0,C,2234.45,36.64498,0.6654000000000001,0.024464001844975537
ETH-17APR26-2400-P,ETH,2026-04-17 00:00:00+00:00,2400.0,P,2234.33,202.206865,0.6654000000000001,0.024463995022593606
ETH-17APR26-2600-C,ETH,2026-04-17 00:00:00+00:00,2600.0,C,2234.45,10.948804999999998,0.7025,0.024463988292994395
ETH-17APR26-2600-P,ETH,2026-04-17 00:00:00+00:00,2600.0,P,2234.33,376.484605,0.7025,0.02446397834366365
ETH-24APR26-1200-C,ETH,2026-04-24 00:00:00+00:00,1200.0,C,2235.13,1036.2062680000001,1.2219,0.04362892353978123
ETH-24APR26-1200-P,ETH,2026-04-24 00:00:00+00:00,1200.0,P,2235.05,1.117525,1.2219,0.04362891630380637
ETH-24APR26-1300-C,ETH,2026-04-24 00:00:00+00:00,1300.0,C,2235.05,936.709455,1.1205,0.043628909775077954
ETH-24APR26-1300-P,ETH,2026-04-24 00:00:00+00:00,1300.0,P,2235.02,1.564514,1.1205,0.04362890326783406
ETH-24APR26-1400-C,ETH,2026-04-24 00:00:00+00:00,1400.0,C,2235.02,837.238492,1.0369,0.04362889675960783
ETH-24APR26-1400-P,ETH,2026-04-24 00:00:00+00:00,1400.0,P,2235.05,2.23505,1.0369,0.04362889005925672
ETH-24APR26-1500-C,ETH,2026-04-24 00:00:00+00:00,1500.0,C,2235.05,738.4605200000001,0.9559000000000001,0.04362888294632671
ETH-24APR26-1500-P,ETH,2026-04-24 00:00:00+00:00,1500.0,P,2235.04,3.35256,0.9559000000000001,0.043628874137513624
ETH-24APR26-1600-C,ETH,2026-04-24 00:00:00+00:00,1600.0,C,2235.05,640.5653300000001,0.8978,0.04362886748884579
ETH-24APR26-1600-P,ETH,2026-04-24 00:00:00+00:00,1600.0,P,2235.05,5.587625000000001,0.8978,0.04362886068408244
ETH-24APR26-1700-C,ETH,2026-04-24 00:00:00+00:00,1700.0,C,2235.04,544.2322399999999,0.8406,0.04362885411536365
ETH-24APR26-1700-P,ETH,2026-04-24 00:00:00+00:00,1700.0,P,2235.02,9.163582,0.8406,0.043628847456682385
ETH-24APR26-1750-C,ETH,2026-04-24 00:00:00+00:00,1750.0,C,2235.04,496.84939199999997,0.8134999999999999,0.04362884056680483
ETH-24APR26-1750-P,ETH,2026-04-24 00:00:00+00:00,1750.0,P,2235.02,11.845606,0.8134999999999999,0.04362883128295561
ETH-24APR26-1800-C,ETH,2026-04-24 00:00:00+00:00,1800.0,C,2235.02,450.13302799999997,0.789,0.04362882415697011
ETH-24APR26-1800-P,ETH,2026-04-24 00:00:00+00:00,1800.0,P,2235.02,15.198136,0.7889,0.04362881734773874
ETH-24APR26-1850-C,ETH,2026-04-24 00:00:00+00:00,1850.0,C,2235.02,404.53862,0.7644,0.043628810299072174
ETH-24APR26-1850-P,ETH,2026-04-24 00:00:00+00:00,1850.0,P,2235.02,19.444674,0.7644,0.04362880364035922
ETH-24APR26-1900-C,ETH,2026-04-24 00:00:00+00:00,1900.0,C,2235.02,360.061722,0.7415999999999999,0.043628797088688616
ETH-24APR26-1900-P,ETH,2026-04-24 00:00:00+00:00,1900.0,P,2235.02,25.032224,0.7415999999999999,0.04362879060806272
ETH-24APR26-1950-C,ETH,2026-04-24 00:00:00+00:00,1950.0,C,2235.06,317.602026,0.7249,0.04362878390638071
ETH-24APR26-1950-P,ETH,2026-04-24 00:00:00+00:00,1950.0,P,2235.06,32.631876,0.7249,0.04362877672925065
ETH-24APR26-2000-C,ETH,2026-04-24 00:00:00+00:00,2000.0,C,2235.06,276.923934,0.7077,0.04362877009401856
ETH-24APR26-2000-P,ETH,2026-04-24 00:00:00+00:00,2000.0,P,2235.06,41.795622,0.7077,0.04362876350479758
ETH-24APR26-2050-C,ETH,2026-04-24 00:00:00+00:00,2050.0,C,2235.06,238.927914,0.6947,0.043628752790453015
ETH-24APR26-2050-P,ETH,2026-04-24 00:00:00+00:00,2050.0,P,2235.17,53.867597,0.6947,0.04362874318630061
ETH-24APR26-2100-C,ETH,2026-04-24 00:00:00+00:00,2100.0,C,2235.17,203.40047,0.6823999999999999,0.04362873604741806
ETH-24APR26-2100-P,ETH,2026-04-24 00:00:00+00:00,2100.0,P,2235.06,68.39283599999999,0.6823999999999999,0.043628729155068824
ETH-24APR26-2150-C,ETH,2026-04-24 00:00:00+00:00,2150.0,C,2235.15,171.43600500000002,0.6731999999999999,0.04362872245712602
ETH-24APR26-2150-P,ETH,2026-04-24 00:00:00+00:00,2150.0,P,2235.17,86.277562,0.6731999999999999,0.04362871546774787
ETH-24APR26-2200-C,ETH,2026-04-24 00:00:00+00:00,2200.0,C,2235.15,142.60257,0.6663,0.04362870875934799
ETH-24APR26-2200-P,ETH,2026-04-24 00:00:00+00:00,2200.0,P,2235.17,107.51167699999999,0.6663,0.043628701894440645
ETH-24APR26-2250-C,ETH,2026-04-24 00:00:00+00:00,2250.0,C,2235.17,117.56994200000001,0.6612,0.04362869525398003
ETH-24APR26-2250-P,ETH,2026-04-24 00:00:00+00:00,2250.0,P,2235.15,132.32088000000002,0.6612,0.04362868622439603
ETH-24APR26-2300-C,ETH,2026-04-24 00:00:00+00:00,2300.0,C,2235.15,95.887935,0.6586,0.04362867942983623
ETH-24APR26-2300-P,ETH,2026-04-24 00:00:00+00:00,2300.0,P,2235.09,160.70297100000002,0.6586,0.04362867249838391
ETH-24APR26-2350-C,ETH,2026-04-24 00:00:00+00:00,2350.0,C,2235.09,77.781132,0.6587999999999999,0.04362866571488326
ETH-24APR26-2350-P,ETH,2026-04-24 00:00:00+00:00,2350.0,P,2235.09,192.664758,0.6587999999999999,0.04362865835475448
ETH-24APR26-2400-C,ETH,2026-04-24 00:00:00+00:00,2400.0,C,2235.05,62.357895000000006,0.6587000000000001,0.043628651543843634
ETH-24APR26-2400-P,ETH,2026-04-24 00:00:00+00:00,2400.0,P,2235.05,227.304585,0.6587000000000001,0.043628642383292775
ETH-24APR26-2450-C,ETH,2026-04-24 00:00:00+00:00,2450.0,C,2235.05,49.61811000000001,0.6589,0.04362863576656653
ETH-24APR26-2450-P,ETH,2026-04-24 00:00:00+00:00,2450.0,P,2235.05,264.62992,0.6589,0.04362862907286993
ETH-24APR26-2500-C,ETH,2026-04-24 00:00:00+00:00,2500.0,C,2235.05,39.33688000000001,0.6609,0.04362862247956118
ETH-24APR26-2500-P,ETH,2026-04-24 00:00:00+00:00,2500.0,P,2235.05,304.41381,0.6609,0.0436286155083403
ETH-24APR26-2550-C,ETH,2026-04-24 00:00:00+00:00,2550.0,C,2235.05,31.290700000000005,0.6646,0.04362860868725758
ETH-24APR26-2550-P,ETH,2026-04-24 00:00:00+00:00,2550.0,P,2235.05,346.20924500000007,0.6646,0.04362860177795523
ETH-24APR26-2600-C,ETH,2026-04-24 00:00:00+00:00,2600.0,C,2235.06,24.809166,0.67,0.04362859501688975
ETH-24APR26-2600-P,ETH,2026-04-24 00:00:00+00:00,2600.0,P,2235.06,389.794464,0.67,0.04362858800437929
ETH-24APR26-2700-C,ETH,2026-04-24 00:00:00+00:00,2700.0,C,2235.06,15.868926,0.6857,0.04362857795212564
ETH-24APR26-2700-P,ETH,2026-04-24 00:00:00+00:00,2700.0,P,2235.06,480.984912,0.6857,0.043628569316076
ETH-24APR26-2800-C,ETH,2026-04-24 00:00:00+00:00,2800.0,C,2235.06,10.504782,0.7029000000000001,0.04362855992873349
ETH-24APR26-2800-P,ETH,2026-04-24 00:00:00+00:00,2800.0,P,2235.05,575.3018700000001,0.7029000000000001,0.04362855331283114
ETH-24APR26-2900-C,ETH,2026-04-24 00:00:00+00:00,2900.0,C,2235.06,6.928686,0.7222,0.04362854651535605
ETH-24APR26-2900-P,ETH,2026-04-24 00:00:00+00:00,2900.0,P,2235.06,671.859036,0.7222,0.043628540005735544
ETH-24APR26-3000-C,ETH,2026-04-24 00:00:00+00:00,3000.0,C,2235.06,4.9171320000000005,0.7454000000000001,0.043628533457645696
ETH-24APR26-3000-P,ETH,2026-04-24 00:00:00+00:00,3000.0,P,2235.06,769.7546639999999,0.7454000000000001,0.04362852666146982
ETH-24APR26-3100-C,ETH,2026-04-24 00:00:00+00:00,3100.0,C,2235.06,3.576096,0.769,0.043628519895429305
ETH-24APR26-3100-P,ETH,2026-04-24 00:00:00+00:00,3100.0,P,2235.06,868.544316,0.769,0.04362851295044617
ETH-24APR26-3200-C,ETH,2026-04-24 00:00:00+00:00,3200.0,C,2235.05,2.4585550000000005,0.7893000000000001,0.043628506032176086
ETH-24APR26-3200-P,ETH,2026-04-24 00:00:00+00:00,3200.0,P,2235.04,967.325312,0.7892,0.0436284994315157
ETH-24APR26-3300-C,ETH,2026-04-24 00:00:00+00:00,3300.0,C,2235.04,1.788032,0.8140000000000001,0.04362849260149694
ETH-24APR26-3300-P,ETH,2026-04-24 00:00:00+00:00,3300.0,P,2235.04,1066.784592,0.8140000000000001,0.04362848586403909
ETH-24APR26-3400-C,ETH,2026-04-24 00:00:00+00:00,3400.0,C,2235.04,1.3410239999999998,0.8362,0.043628479172877536
ETH-24APR26-3400-P,ETH,2026-04-24 00:00:00+00:00,3400.0,P,2235.02,1166.456938,0.8362,0.04362847238906
ETH-24APR26-3500-C,ETH,2026-04-24 00:00:00+00:00,3500.0,C,2235.02,0.894008,0.8456,0.0436284658328897
ETH-24APR26-3500-P,ETH,2026-04-24 00:00:00+00:00,3500.0,P,2235.04,1265.926656,0.8456,0.04362845744350014
ETH-24APR26-3600-C,ETH,2026-04-24 00:00:00+00:00,3600.0,C,2235.02,0.894008,0.8772,0.04362844906063833
ETH-24APR26-3600-P,ETH,2026-04-24 00:00:00+00:00,3600.0,P,2235.04,1365.832944,0.8772,0.04362844240129161
ETH-24APR26-3800-C,ETH,2026-04-24 00:00:00+00:00,3800.0,C,2234.77,0.6704309999999999,0.9483,0.0436284355658225
ETH-24APR26-3800-P,ETH,2026-04-24 00:00:00+00:00,3800.0,P,2234.77,1565.456385,0.9483,0.04362842850590666
ETH-24APR26-4000-C,ETH,2026-04-24 00:00:00+00:00,4000.0,C,2235.03,0.44700600000000007,0.993,0.043628419823465665
ETH-24APR26-4000-P,ETH,2026-04-24 00:00:00+00:00,4000.0,P,2235.03,1765.4501970000003,0.993,0.04362841323706492
ETH-24APR26-4500-C,ETH,2026-04-24 00:00:00+00:00,4500.0,C,2234.55,0.4469100000000001,1.139,0.0436284062255368
ETH-24APR26-4500-P,ETH,2026-04-24 00:00:00+00:00,4500.0,P,2234.77,2265.1628720000003,1.139,0.043628399391683774
ETH-24APR26-5000-C,ETH,2026-04-24 00:00:00+00:00,5000.0,C,2234.55,0.22345500000000004,1.2087999999999999,0.043628390188829316
ETH-24APR26-5000-P,ETH,2026-04-24 00:00:00+00:00,5000.0,P,2234.77,2764.857444,1.2087999999999999,0.04362838038884453
ETH-29MAY26-1000-C,ETH,2026-05-29 00:00:00+00:00,1000.0,C,2239.28,1242.352544,0.9971,0.13945315132839634
ETH-29MAY26-1000-P,ETH,2026-05-29 00:00:00+00:00,1000.0,P,2239.57,3.1353980000000004,0.9971,0.1394531446664195
ETH-29MAY26-1200-C,ETH,2026-05-29 00:00:00+00:00,1200.0,C,2239.57,1046.3271040000002,0.9017000000000001,0.13945313442764976
ETH-29MAY26-1200-P,ETH,2026-05-29 00:00:00+00:00,1200.0,P,2239.57,6.942667,0.9017000000000001,0.1394531277317033
ETH-29MAY26-1400-C,ETH,2026-05-29 00:00:00+00:00,1400.0,C,2239.57,854.3959550000001,0.8229000000000001,0.13945312105758992
ETH-29MAY26-1400-P,ETH,2026-05-29 00:00:00+00:00,1400.0,P,2239.6,15.00532,0.8229000000000001,0.13945311417712372
ETH-29MAY26-1500-C,ETH,2026-05-29 00:00:00+00:00,1500.0,C,2239.6,761.2400399999999,0.7878000000000001,0.1394531074412186
ETH-29MAY26-1500-P,ETH,2026-05-29 00:00:00+00:00,1500.0,P,2239.6,21.500159999999997,0.7878000000000001,0.13945310049173576
ETH-29MAY26-1600-C,ETH,2026-05-29 00:00:00+00:00,1600.0,C,2239.6,670.98416,0.7606,0.13945309402356326
ETH-29MAY26-1600-P,ETH,2026-05-29 00:00:00+00:00,1600.0,P,2239.6,31.3544,0.7606,0.13945308711125054
ETH-29MAY26-1700-C,ETH,2026-05-29 00:00:00+00:00,1700.0,C,2239.6,584.31164,0.7361,0.1394530801007998
ETH-29MAY26-1700-P,ETH,2026-05-29 00:00:00+00:00,1700.0,P,2239.6,44.56804,0.7361,0.13945307321393263
ETH-29MAY26-1750-C,ETH,2026-05-29 00:00:00+00:00,1750.0,C,2239.6,542.43112,0.7243,0.13945306646475017
ETH-29MAY26-1750-P,ETH,2026-05-29 00:00:00+00:00,1750.0,P,2239.6,52.85456,0.7243,0.13945305981890257
ETH-29MAY26-1800-C,ETH,2026-05-29 00:00:00+00:00,1800.0,C,2239.4,502.07348,0.7143,0.13945305293564783
ETH-29MAY26-1800-P,ETH,2026-05-29 00:00:00+00:00,1800.0,P,2239.4,62.479260000000004,0.7143,0.13945304605030168
ETH-29MAY26-1850-C,ETH,2026-05-29 00:00:00+00:00,1850.0,C,2239.58,463.145144,0.705,0.13945303940369358
ETH-29MAY26-1850-P,ETH,2026-05-29 00:00:00+00:00,1850.0,P,2239.4,73.45232000000001,0.705,0.13945303236427992
ETH-29MAY26-1900-C,ETH,2026-05-29 00:00:00+00:00,1900.0,C,2239.58,425.74415799999997,0.6969,0.13945302589369912
ETH-29MAY26-1900-P,ETH,2026-05-29 00:00:00+00:00,1900.0,P,2239.37,86.215745,0.6969,0.13945301910905772
ETH-29MAY26-1950-C,ETH,2026-05-29 00:00:00+00:00,1950.0,C,2239.37,389.874317,0.6894,0.13945301193642737
ETH-29MAY26-1950-P,ETH,2026-05-29 00:00:00+00:00,1950.0,P,2239.37,100.547713,0.6894,0.13945300462671434
ETH-29MAY26-2000-C,ETH,2026-05-29 00:00:00+00:00,2000.0,C,2239.37,356.05983,0.6829000000000001,0.13945299766671101
ETH-29MAY26-2000-P,ETH,2026-05-29 00:00:00+00:00,2000.0,P,2239.39,116.672219,0.6829000000000001,0.13945298812219561
ETH-29MAY26-2050-C,ETH,2026-05-29 00:00:00+00:00,2050.0,C,2239.39,324.263672,0.6773,0.13945297684225036
ETH-29MAY26-2050-P,ETH,2026-05-29 00:00:00+00:00,2050.0,P,2239.36,134.809472,0.6773,0.13945296995690418
ETH-29MAY26-2100-C,ETH,2026-05-29 00:00:00+00:00,2100.0,C,2239.39,294.25584599999996,0.6728000000000001,0.13945296296866683
ETH-29MAY26-2100-P,ETH,2026-05-29 00:00:00+00:00,2100.0,P,2239.44,154.969248,0.6728000000000001,0.13945295627538215
ETH-29MAY26-2150-C,ETH,2026-05-29 00:00:00+00:00,2150.0,C,2239.44,266.26941600000004,0.6684,0.13945294925165413
ETH-29MAY26-2150-P,ETH,2026-05-29 00:00:00+00:00,2150.0,P,2239.44,176.91576,0.6684,0.13945294118871523
ETH-29MAY26-2200-C,ETH,2026-05-29 00:00:00+00:00,2200.0,C,2239.44,240.51585599999999,0.6652,0.13945293466651457
ETH-29MAY26-2200-P,ETH,2026-05-29 00:00:00+00:00,2200.0,P,2239.44,201.10171200000002,0.6652,0.13945292804497172
ETH-29MAY26-2250-C,ETH,2026-05-29 00:00:00+00:00,2250.0,C,2239.59,216.34439400000002,0.6617000000000001,0.13945292169749918
ETH-29MAY26-2250-P,ETH,2026-05-29 00:00:00+00:00,2250.0,P,2239.59,226.87046700000002,0.6617000000000001,0.139452911883128
ETH-29MAY26-2300-C,ETH,2026-05-29 00:00:00+00:00,2300.0,C,2239.59,194.39641200000003,0.6598999999999999,0.1394529051912693
ETH-29MAY26-2300-P,ETH,2026-05-29 00:00:00+00:00,2300.0,P,2239.59,255.089301,0.6598999999999999,0.1394528982248333
ETH-29MAY26-2350-C,ETH,2026-05-29 00:00:00+00:00,2350.0,C,2239.58,174.463282,0.6585,0.1394528914084721
ETH-29MAY26-2350-P,ETH,2026-05-29 00:00:00+00:00,2350.0,P,2239.61,284.878392,0.6585,0.13945288492537455
ETH-29MAY26-2400-C,ETH,2026-05-29 00:00:00+00:00,2400.0,C,2239.61,155.876856,0.6567000000000001,0.13945287826117955
ETH-29MAY26-2400-P,ETH,2026-05-29 00:00:00+00:00,2400.0,P,2239.58,316.22869599999996,0.6567000000000001,0.13945287174512638
ETH-29MAY26-2450-C,ETH,2026-05-29 00:00:00+00:00,2450.0,C,2239.61,139.527703,0.6567000000000001,0.13945286486561081
ETH-29MAY26-2450-P,ETH,2026-05-29 00:00:00+00:00,2450.0,P,2239.52,349.813024,0.6567000000000001,0.13945285838172106
ETH-29MAY26-2500-C,ETH,2026-05-29 00:00:00+00:00,2500.0,C,2239.52,124.51731199999999,0.6567000000000001,0.13945285170409027
ETH-29MAY26-2500-P,ETH,2026-05-29 00:00:00+00:00,2500.0,P,2239.52,384.973488,0.6567000000000001,0.1394528448191244
ETH-29MAY26-2550-C,ETH,2026-05-29 00:00:00+00:00,2550.0,C,2239.52,111.080192,0.6567000000000001,0.1394528382924557
ETH-29MAY26-2550-P,ETH,2026-05-29 00:00:00+00:00,2550.0,P,2239.6,421.49272,0.6567000000000001,0.13945283184868304
ETH-29MAY26-2600-C,ETH,2026-05-29 00:00:00+00:00,2600.0,C,2239.44,98.759304,0.6567000000000001,0.13945282513074503
ETH-29MAY26-2600-P,ETH,2026-05-29 00:00:00+00:00,2600.0,P,2239.44,459.309144,0.6567000000000001,0.13945281334103354
ETH-29MAY26-2650-C,ETH,2026-05-29 00:00:00+00:00,2650.0,C,2239.44,87.786048,0.6568,0.13945280261667556
ETH-29MAY26-2650-P,ETH,2026-05-29 00:00:00+00:00,2650.0,P,2239.49,498.286525,0.6568,0.13945279296245597
ETH-29MAY26-2700-C,ETH,2026-05-29 00:00:00+00:00,2700.0,C,2239.49,77.710303,0.657,0.13945278559069763
ETH-29MAY26-2700-P,ETH,2026-05-29 00:00:00+00:00,2700.0,P,2239.49,538.373396,0.657,0.1394527786313915
ETH-29MAY26-2800-C,ETH,2026-05-29 00:00:00+00:00,2800.0,C,2239.49,61.36202599999999,0.6591,0.13945277180656956
ETH-29MAY26-2800-P,ETH,2026-05-29 00:00:00+00:00,2800.0,P,2239.48,621.903596,0.6591,0.13945276538478843
ETH-29MAY26-2900-C,ETH,2026-05-29 00:00:00+00:00,2900.0,C,2239.48,48.372768,0.6623,0.13945275862651152
ETH-29MAY26-2900-P,ETH,2026-05-29 00:00:00+00:00,2900.0,P,2239.37,708.9845419999999,0.6623,0.139452750326419
ETH-29MAY26-3000-C,ETH,2026-05-29 00:00:00+00:00,3000.0,C,2239.37,38.06929,0.6652,0.13945274156453596
ETH-29MAY26-3000-P,ETH,2026-05-29 00:00:00+00:00,3000.0,P,2239.25,798.7404750000001,0.6652,0.13945273475419548
ETH-29MAY26-3200-C,ETH,2026-05-29 00:00:00+00:00,3200.0,C,2239.25,24.63175,0.6781999999999999,0.13945272811208712
ETH-29MAY26-3200-P,ETH,2026-05-29 00:00:00+00:00,3200.0,P,2239.36,985.0944640000001,0.6781999999999999,0.1394527218357543
ETH-29MAY26-3400-C,ETH,2026-05-29 00:00:00+00:00,3400.0,C,2239.36,15.899456000000002,0.6889,0.13945271480232974
ETH-29MAY26-3400-P,ETH,2026-05-29 00:00:00+00:00,3400.0,P,2239.36,1176.335808,0.6889,0.1394527083464205
ETH-29MAY26-3600-C,ETH,2026-05-29 00:00:00+00:00,3600.0,C,2239.25,10.748399999999998,0.7042,0.13945270146192992
ETH-29MAY26-3600-P,ETH,2026-05-29 00:00:00+00:00,3600.0,P,2239.31,1371.353444,0.7042,0.13945269124372575
ETH-29MAY26-3800-C,ETH,2026-05-29 00:00:00+00:00,3800.0,C,2239.25,7.1656,0.7175,0.13945268449422643
ETH-29MAY26-3800-P,ETH,2026-05-29 00:00:00+00:00,3800.0,P,2239.31,1567.964862,0.7175,0.13945267766848554
ETH-29MAY26-4000-C,ETH,2026-05-29 00:00:00+00:00,4000.0,C,2239.3,4.9264600000000005,0.7306999999999999,0.13945267096518746
ETH-29MAY26-4000-P,ETH,2026-05-29 00:00:00+00:00,4000.0,P,2239.3,1765.6880500000002,0.7306999999999999,0.1394526642639808
ETH-29MAY26-4200-C,ETH,2026-05-29 00:00:00+00:00,4200.0,C,2239.3,3.5828800000000003,0.7447,0.13945265780401553
ETH-29MAY26-4200-P,ETH,2026-05-29 00:00:00+00:00,4200.0,P,2239.3,1964.3139600000002,0.7447,0.13945265113595456
ETH-26JUN26-500-C,ETH,2026-06-26 00:00:00+00:00,500.0,C,2245.22,1746.1075939999998,1.2422,0.21611246677662435
ETH-26JUN26-500-P,ETH,2026-06-26 00:00:00+00:00,500.0,P,2245.22,0.898088,1.2422,0.21611245967934825
ETH-26JUN26-1000-C,ETH,2026-06-26 00:00:00+00:00,1000.0,C,2245.22,1252.1591939999998,0.9162,0.21611245010976754
ETH-26JUN26-1000-P,ETH,2026-06-26 00:00:00+00:00,1000.0,P,2245.22,6.960181999999999,0.9162,0.21611244050523484
ETH-26JUN26-1200-C,ETH,2026-06-26 00:00:00+00:00,1200.0,C,2245.23,1059.973083,0.8393,0.21611243381169667
ETH-26JUN26-1200-P,ETH,2026-06-26 00:00:00+00:00,1200.0,P,2245.23,14.593995,0.8393,0.21611242684548257
ETH-26JUN26-1400-C,ETH,2026-06-26 00:00:00+00:00,1400.0,C,2245.59,873.5345100000001,0.7741,0.21611241998393413
ETH-26JUN26-1400-P,ETH,2026-06-26 00:00:00+00:00,1400.0,P,2245.23,28.289898,0.7741,0.2161124130500418
ETH-26JUN26-1500-C,ETH,2026-06-26 00:00:00+00:00,1500.0,C,2245.59,784.833705,0.7517,0.2161124063302659
ETH-26JUN26-1500-P,ETH,2026-06-26 00:00:00+00:00,1500.0,P,2245.59,39.297825,0.7517,0.21611239916406824
ETH-26JUN26-1600-C,ETH,2026-06-26 00:00:00+00:00,1600.0,C,2245.55,699.488825,0.7311,0.21611239241409358
ETH-26JUN26-1600-P,ETH,2026-06-26 00:00:00+00:00,1600.0,P,2245.55,53.89320000000001,0.7311,0.21611238547126527
ETH-26JUN26-1700-C,ETH,2026-06-26 00:00:00+00:00,1700.0,C,2245.59,617.7618090000001,0.7121999999999999,0.21611237855746318
ETH-26JUN26-1700-P,ETH,2026-06-26 00:00:00+00:00,1700.0,P,2245.55,72.30671000000001,0.7121999999999999,0.2161123716280072
ETH-26JUN26-1800-C,ETH,2026-06-26 00:00:00+00:00,1800.0,C,2245.55,541.62666,0.6986,0.2161123650535212
ETH-26JUN26-1800-P,ETH,2026-06-26 00:00:00+00:00,1800.0,P,2245.57,96.11039600000001,0.6986,0.21611235852558497
ETH-26JUN26-1900-C,ETH,2026-06-26 00:00:00+00:00,1900.0,C,2245.57,471.120586,0.6868000000000001,0.2161123520877063
ETH-26JUN26-1900-P,ETH,2026-06-26 00:00:00+00:00,1900.0,P,2245.55,125.526245,0.6868000000000001,0.21611234547145539
ETH-26JUN26-2000-C,ETH,2026-06-26 00:00:00+00:00,2000.0,C,2245.79,406.71256900000003,0.6779000000000001,0.21611233815588005
ETH-26JUN26-2000-P,ETH,2026-06-26 00:00:00+00:00,2000.0,P,2245.79,161.247722,0.6779000000000001,0.2161123309847707
ETH-26JUN26-2100-C,ETH,2026-06-26 00:00:00+00:00,2100.0,C,2245.58,348.514016,0.6704000000000001,0.21611232429040866
ETH-26JUN26-2100-P,ETH,2026-06-26 00:00:00+00:00,2100.0,P,2245.58,203.000432,0.6704000000000001,0.21611231770343753
ETH-26JUN26-2200-C,ETH,2026-06-26 00:00:00+00:00,2200.0,C,2245.58,297.090234,0.6652,0.21611231111535728
ETH-26JUN26-2200-P,ETH,2026-06-26 00:00:00+00:00,2200.0,P,2245.78,251.52736000000002,0.6652,0.21611230446320379
ETH-26JUN26-2300-C,ETH,2026-06-26 00:00:00+00:00,2300.0,C,2245.78,251.976516,0.6612,0.21611229656190586
ETH-26JUN26-2300-P,ETH,2026-06-26 00:00:00+00:00,2300.0,P,2245.61,306.301204,0.6612,0.21611228853071845
ETH-26JUN26-2400-C,ETH,2026-06-26 00:00:00+00:00,2400.0,C,2245.78,212.67536600000003,0.6585,0.21611228192365706
ETH-26JUN26-2400-P,ETH,2026-06-26 00:00:00+00:00,2400.0,P,2245.6,366.93103999999994,0.6585,0.21611227103471112
ETH-26JUN26-2500-C,ETH,2026-06-26 00:00:00+00:00,2500.0,C,2245.6,178.97431999999998,0.657,0.21611226091534208
ETH-26JUN26-2500-P,ETH,2026-06-26 00:00:00+00:00,2500.0,P,2245.57,433.170453,0.657,0.21611225413608764
ETH-26JUN26-2600-C,ETH,2026-06-26 00:00:00+00:00,2600.0,C,2245.6,150.4552,0.6572,0.21611224736954013
ETH-26JUN26-2600-P,ETH,2026-06-26 00:00:00+00:00,2600.0,P,2245.59,504.80863200000005,0.6572,0.2161122403216658
ETH-26JUN26-2700-C,ETH,2026-06-26 00:00:00+00:00,2700.0,C,2245.59,125.977599,0.6573,0.21611223390074022
ETH-26JUN26-2700-P,ETH,2026-06-26 00:00:00+00:00,2700.0,P,2245.59,580.4850150000001,0.6573,0.2161122272316336
ETH-26JUN26-2800-C,ETH,2026-06-26 00:00:00+00:00,2800.0,C,2245.57,105.54179,0.6581,0.21611222072936473
ETH-26JUN26-2800-P,ETH,2026-06-26 00:00:00+00:00,2800.0,P,2245.58,659.975962,0.6581,0.21611221373060685
ETH-26JUN26-2900-C,ETH,2026-06-26 00:00:00+00:00,2900.0,C,2245.62,88.70199,0.6602,0.21611219662109918
ETH-26JUN26-2900-P,ETH,2026-06-26 00:00:00+00:00,2900.0,P,2245.58,743.0624220000001,0.6602,0.2161121898837681
ETH-26JUN26-3000-C,ETH,2026-06-26 00:00:00+00:00,3000.0,C,2245.62,73.88089799999999,0.6606000000000001,0.21611218321649936
ETH-26JUN26-3000-P,ETH,2026-06-26 00:00:00+00:00,3000.0,P,2245.62,828.184656,0.6606000000000001,0.2161121766102302
ETH-26JUN26-3100-C,ETH,2026-06-26 00:00:00+00:00,3100.0,C,2245.61,62.652519000000005,0.6651,0.21611216934988722
ETH-26JUN26-3100-P,ETH,2026-06-26 00:00:00+00:00,3100.0,P,2245.62,916.8866459999999,0.6651,0.21611216225378355
ETH-26JUN26-3200-C,ETH,2026-06-26 00:00:00+00:00,3200.0,C,2245.62,52.77207,0.6679999999999999,0.21611215542950035
ETH-26JUN26-3200-P,ETH,2026-06-26 00:00:00+00:00,3200.0,P,2245.6,1007.1516,0.6679999999999999,0.21611214892580552
ETH-26JUN26-3400-C,ETH,2026-06-26 00:00:00+00:00,3400.0,C,2245.6,37.726079999999996,0.6751,0.21611214231399092
ETH-26JUN26-3400-P,ETH,2026-06-26 00:00:00+00:00,3400.0,P,2245.6,1192.18904,0.6751,0.21611213569301846
ETH-26JUN26-3500-C,ETH,2026-06-26 00:00:00+00:00,3500.0,C,2245.53,31.886526000000003,0.6783,0.21611212897089765
ETH-26JUN26-3500-P,ETH,2026-06-26 00:00:00+00:00,3500.0,P,2245.53,1286.2395840000001,0.6783,0.21611212216790882
ETH-26JUN26-3600-C,ETH,2026-06-26 00:00:00+00:00,3600.0,C,2245.53,26.946360000000002,0.6811,0.21611211344037567
ETH-26JUN26-3600-P,ETH,2026-06-26 00:00:00+00:00,3600.0,P,2245.53,1381.4500560000001,0.6811,0.21611210675444267
ETH-26JUN26-3800-C,ETH,2026-06-26 00:00:00+00:00,3800.0,C,2245.53,19.985217000000002,0.6917,0.2161120980855325
ETH-26JUN26-3800-P,ETH,2026-06-26 00:00:00+00:00,3800.0,P,2245.53,1574.5656360000003,0.6917,0.2161120882789566
ETH-26JUN26-4000-C,ETH,2026-06-26 00:00:00+00:00,4000.0,C,2245.54,14.59601,0.6967,0.2161120779823244
ETH-26JUN26-4000-P,ETH,2026-06-26 00:00:00+00:00,4000.0,P,2245.54,1769.036412,0.6967,0.21611207115341471
ETH-26JUN26-4200-C,ETH,2026-06-26 00:00:00+00:00,4200.0,C,2245.54,11.452254,0.7103,0.21611206416828277
ETH-26JUN26-4200-P,ETH,2026-06-26 00:00:00+00:00,4200.0,P,2245.54,1965.745716,0.7103,0.21611205767197122
ETH-26JUN26-4400-C,ETH,2026-06-26 00:00:00+00:00,4400.0,C,2245.53,8.533014000000001,0.7168000000000001,0.21611205075905643
ETH-26JUN26-4400-P,ETH,2026-06-26 00:00:00+00:00,4400.0,P,2245.53,2162.894496,0.7168000000000001,0.2161120430880042
ETH-26JUN26-4500-C,ETH,2026-06-26 00:00:00+00:00,4500.0,C,2245.6,7.41048,0.7217,0.21611203642732654
ETH-26JUN26-4500-P,ETH,2026-06-26 00:00:00+00:00,4500.0,P,2245.53,2261.9223690000003,0.7217,0.21611202957762948
ETH-26JUN26-4600-C,ETH,2026-06-26 00:00:00+00:00,4600.0,C,2245.6,6.512239999999999,0.7265,0.21611202208190738
ETH-26JUN26-4600-P,ETH,2026-06-26 00:00:00+00:00,4600.0,P,2245.64,2361.0658959999996,0.7265,0.21611201544084466
ETH-26JUN26-4800-C,ETH,2026-06-26 00:00:00+00:00,4800.0,C,2245.6,5.16488,0.7348,0.21611200868389865
ETH-26JUN26-4800-P,ETH,2026-06-26 00:00:00+00:00,4800.0,P,2245.6,2559.5348799999997,0.7348,0.2161120013404695
ETH-26JUN26-5000-C,ETH,2026-06-26 00:00:00+00:00,5000.0,C,2245.6,4.0420799999999995,0.743,0.2161119940543958
ETH-26JUN26-5000-P,ETH,2026-06-26 00:00:00+00:00,5000.0,P,2245.66,2758.344178,0.743,0.2161119874000241
ETH-26JUN26-5200-C,ETH,2026-06-26 00:00:00+00:00,5200.0,C,2245.63,3.3684450000000004,0.7539,0.21611198077553426
ETH-26JUN26-5200-P,ETH,2026-06-26 00:00:00+00:00,5200.0,P,2245.63,2957.719273,0.7539,0.21611197367163534
ETH-26JUN26-5400-C,ETH,2026-06-26 00:00:00+00:00,5400.0,C,2245.63,2.694756,0.7612000000000001,0.21611196660633253
ETH-26JUN26-5400-P,ETH,2026-06-26 00:00:00+00:00,5400.0,P,2245.66,3156.9488279999996,0.7612000000000001,0.21611196004566255
ETH-26JUN26-5500-C,ETH,2026-06-26 00:00:00+00:00,5500.0,C,2245.66,2.24566,0.764,0.2161119532669468
ETH-26JUN26-5500-P,ETH,2026-06-26 00:00:00+00:00,5500.0,P,2245.66,3256.6561319999996,0.764,0.21611194660690292
ETH-26JUN26-5600-C,ETH,2026-06-26 00:00:00+00:00,5600.0,C,2245.68,2.2456799999999997,0.7719,0.21611193983281363
ETH-26JUN26-5600-P,ETH,2026-06-26 00:00:00+00:00,5600.0,P,2245.66,3356.5880019999995,0.7719,0.216111933043419
ETH-26JUN26-5800-C,ETH,2026-06-26 00:00:00+00:00,5800.0,C,2245.65,2.0210850000000002,0.7902,0.21611192596658174
ETH-26JUN26-5800-P,ETH,2026-06-26 00:00:00+00:00,5800.0,P,2245.69,3556.4992530000004,0.7902,0.2161119192462672
ETH-26JUN26-6000-C,ETH,2026-06-26 00:00:00+00:00,6000.0,C,2245.69,2.021121,0.8098000000000001,0.21611190821675286
ETH-26JUN26-6000-P,ETH,2026-06-26 00:00:00+00:00,6000.0,P,2245.69,3756.365663,0.8098000000000001,0.21611189803251835
ETH-26JUN26-6200-C,ETH,2026-06-26 00:00:00+00:00,6200.0,C,2245.78,1.572046,0.8099,0.21611188598489747
ETH-26JUN26-6200-P,ETH,2026-06-26 00:00:00+00:00,6200.0,P,2245.78,3956.1660480000005,0.8099,0.21611187945673943
ETH-26JUN26-6400-C,ETH,2026-06-26 00:00:00+00:00,6400.0,C,2245.65,1.122825,0.81,0.21611187269234672
ETH-26JUN26-6400-P,ETH,2026-06-26 00:00:00+00:00,6400.0,P,2245.78,4155.366734,0.81,0.21611186557216014
ETH-26JUN26-6500-C,ETH,2026-06-26 00:00:00+00:00,6500.0,C,2245.78,1.1228900000000002,0.8173999999999999,0.2161118586215999
ETH-26JUN26-6500-P,ETH,2026-06-26 00:00:00+00:00,6500.0,P,2245.75,4255.2471000000005,0.8173999999999999,0.2161118520807666
ETH-26JUN26-6600-C,ETH,2026-06-26 00:00:00+00:00,6600.0,C,2245.78,0.8983120000000001,0.8173999999999999,0.21611184496973787
ETH-26JUN26-6600-P,ETH,2026-06-26 00:00:00+00:00,6600.0,P,2245.78,4355.241154,0.8173999999999999,0.21611183830763428
ETH-26JUN26-6800-C,ETH,2026-06-26 00:00:00+00:00,6800.0,C,2245.82,0.8983280000000001,0.8329000000000001,0.21611183151050778
ETH-26JUN26-6800-P,ETH,2026-06-26 00:00:00+00:00,6800.0,P,2245.82,4555.4212880000005,0.8329000000000001,0.21611182473549953
ETH-26JUN26-7000-C,ETH,2026-06-26 00:00:00+00:00,7000.0,C,2245.82,0.8983280000000001,0.8454999999999999,0.21611181808106444
ETH-26JUN26-7000-P,ETH,2026-06-26 00:00:00+00:00,7000.0,P,2245.82,4755.299268000001,0.8454999999999999,0.21611181132202703
ETH-26JUN26-7200-C,ETH,2026-06-26 00:00:00+00:00,7200.0,C,2245.75,0.8983000000000001,0.8634000000000001,0.21611180469094604
ETH-26JUN26-7200-P,ETH,2026-06-26 00:00:00+00:00,7200.0,P,2245.82,4954.952666000001,0.8634000000000001,0.21611179784470302
ETH-26JUN26-7400-C,ETH,2026-06-26 00:00:00+00:00,7400.0,C,2245.91,0.8983639999999999,0.8737999999999999,0.21611178959844854
ETH-26JUN26-7400-P,ETH,2026-06-26 00:00:00+00:00,7400.0,P,2245.91,5155.2618139999995,0.8737999999999999,0.21611178282949275
ETH-26JUN26-7500-C,ETH,2026-06-26 00:00:00+00:00,7500.0,C,2245.91,0.8983639999999999,0.8818,0.21611177623276168
ETH-26JUN26-7500-P,ETH,2026-06-26 00:00:00+00:00,7500.0,P,2245.91,5254.980218,0.8818,0.21611176980049177
ETH-26JUN26-8000-C,ETH,2026-06-26 00:00:00+00:00,8000.0,C,2246.01,0.673803,0.9074,0.216111762981754
ETH-26JUN26-8000-P,ETH,2026-06-26 00:00:00+00:00,8000.0,P,2245.91,5754.695193,0.9074,0.2161117561241666
ETH-26JUN26-8500-C,ETH,2026-06-26 00:00:00+00:00,8500.0,C,2245.91,0.44918199999999997,0.9179999999999999,0.21611174951973533
ETH-26JUN26-8500-P,ETH,2026-06-26 00:00:00+00:00,8500.0,P,2246.01,6254.913249,0.9179999999999999,0.21611174260406368
ETH-26JUN26-9000-C,ETH,2026-06-26 00:00:00+00:00,9000.0,C,2246.02,0.449204,0.9521,0.2161117339723236
ETH-26JUN26-9000-P,ETH,2026-06-26 00:00:00+00:00,9000.0,P,2246.02,6754.455946,0.9521,0.2161117214508708
ETH-26JUN26-10000-C,ETH,2026-06-26 00:00:00+00:00,10000.0,C,2246.05,0.44921000000000005,1.0134999999999998,0.2161117127686833
ETH-26JUN26-10000-P,ETH,2026-06-26 00:00:00+00:00,10000.0,P,2246.08,7754.5912,1.0134999999999998,0.21611170630859128
ETH-26JUN26-11000-C,ETH,2026-06-26 00:00:00+00:00,11000.0,C,2246.08,0.449216,1.0464,0.21611169965925797
ETH-26JUN26-11000-P,ETH,2026-06-26 00:00:00+00:00,11000.0,P,2246.05,8754.20448,1.0464,0.21611169305954828
ETH-26JUN26-12000-C,ETH,2026-06-26 00:00:00+00:00,12000.0,C,2246.08,0.224608,1.0559,0.21611168648477705
ETH-26JUN26-12000-P,ETH,2026-06-26 00:00:00+00:00,12000.0,P,2246.08,9754.276224000001,1.0559,0.21611167964506173
ETH-26JUN26-13000-C,ETH,2026-06-26 00:00:00+00:00,13000.0,C,2246.05,0.22460500000000003,1.0987,0.2161116728527201
ETH-26JUN26-13000-P,ETH,2026-06-26 00:00:00+00:00,13000.0,P,2246.05,10754.087400000002,1.0987,0.21611166598961898
ETH-26JUN26-14000-C,ETH,2026-06-26 00:00:00+00:00,14000.0,C,2246.05,0.22460500000000003,1.1,0.21611165901221893
ETH-26JUN26-14000-P,ETH,2026-06-26 00:00:00+00:00,14000.0,P,2246.05,11754.02886,1.1,0.21611165224332649
ETH-26JUN26-15000-P,ETH,2026-06-26 00:00:00+00:00,15000.0,P,2246.08,12754.140672,1.1,0.21611163870731617
ETH-25SEP26-1000-C,ETH,2026-09-25 00:00:00+00:00,1000.0,C,2265.69,1291.669869,0.8186,0.46525605178568713
ETH-25SEP26-1000-P,ETH,2026-09-25 00:00:00+00:00,1000.0,P,2265.66,26.055089999999996,0.8186,0.46525604444602886
ETH-25SEP26-1200-C,ETH,2026-09-25 00:00:00+00:00,1200.0,C,2265.68,1112.44888,0.7698,0.46525603755637307
ETH-25SEP26-1200-P,ETH,2026-09-25 00:00:00+00:00,1200.0,P,2265.69,46.673214,0.7698,0.4652560306660203
ETH-25SEP26-1400-C,ETH,2026-09-25 00:00:00+00:00,1400.0,C,2265.69,944.1130230000001,0.7332,0.4652560241156805
ETH-25SEP26-1400-P,ETH,2026-09-25 00:00:00+00:00,1400.0,P,2265.69,78.392874,0.7332,0.4652560176143623
ETH-25SEP26-1500-C,ETH,2026-09-25 00:00:00+00:00,1500.0,C,2265.69,865.040442,0.7182999999999999,0.46525601083723095
ETH-25SEP26-1500-P,ETH,2026-09-25 00:00:00+00:00,1500.0,P,2265.69,99.463791,0.7182999999999999,0.465256003260229
ETH-25SEP26-1600-C,ETH,2026-09-25 00:00:00+00:00,1600.0,C,2265.69,790.7258099999999,0.7073999999999999,0.46525599649466376
ETH-25SEP26-1600-P,ETH,2026-09-25 00:00:00+00:00,1600.0,P,2265.69,124.83951900000001,0.7073999999999999,0.4652559893458945
ETH-25SEP26-1700-C,ETH,2026-09-25 00:00:00+00:00,1700.0,C,2265.69,720.2628510000001,0.6973999999999999,0.465255982721373
ETH-25SEP26-1700-P,ETH,2026-09-25 00:00:00+00:00,1700.0,P,2265.68,154.519376,0.6973999999999999,0.4652559762893566
ETH-25SEP26-1800-C,ETH,2026-09-25 00:00:00+00:00,1800.0,C,2265.67,654.552063,0.6897,0.4652559683793444
ETH-25SEP26-1800-P,ETH,2026-09-25 00:00:00+00:00,1800.0,P,2265.67,188.95687800000002,0.6897,0.46525595804110575
ETH-25SEP26-1900-C,ETH,2026-09-25 00:00:00+00:00,1900.0,C,2265.67,593.60554,0.6834,0.4652559509354957
ETH-25SEP26-1900-P,ETH,2026-09-25 00:00:00+00:00,1900.0,P,2265.68,227.92740799999999,0.6834,0.4652559438990924
ETH-25SEP26-2000-C,ETH,2026-09-25 00:00:00+00:00,2000.0,C,2265.61,537.402692,0.6783,0.4652559372915241
ETH-25SEP26-2000-P,ETH,2026-09-25 00:00:00+00:00,2000.0,P,2265.68,271.655032,0.6783,0.46525593008413185
ETH-25SEP26-2100-C,ETH,2026-09-25 00:00:00+00:00,2100.0,C,2265.68,485.53522399999997,0.6740999999999999,0.4652559205173714
ETH-25SEP26-2100-P,ETH,2026-09-25 00:00:00+00:00,2100.0,P,2265.37,319.87024399999996,0.6740999999999999,0.46525591354906587
ETH-25SEP26-2200-C,ETH,2026-09-25 00:00:00+00:00,2200.0,C,2265.59,438.165106,0.6706,0.4652559069021725
ETH-25SEP26-2200-P,ETH,2026-09-25 00:00:00+00:00,2200.0,P,2265.37,372.42682799999994,0.6706,0.4652558999455282
ETH-25SEP26-2300-C,ETH,2026-09-25 00:00:00+00:00,2300.0,C,2265.59,395.118896,0.6681,0.4652558929365034
ETH-25SEP26-2300-P,ETH,2026-09-25 00:00:00+00:00,2300.0,P,2265.59,429.32930500000003,0.6681,0.4652558861806348
ETH-25SEP26-2400-C,ETH,2026-09-25 00:00:00+00:00,2400.0,C,2265.16,355.856636,0.6664,0.4652558789738763
ETH-25SEP26-2400-P,ETH,2026-09-25 00:00:00+00:00,2400.0,P,2265.16,490.40713999999997,0.6664,0.4652558721584975
ETH-25SEP26-2500-C,ETH,2026-09-25 00:00:00+00:00,2500.0,C,2265.16,320.52013999999997,0.665,0.4652558656830684
ETH-25SEP26-2500-P,ETH,2026-09-25 00:00:00+00:00,2500.0,P,2265.16,554.9642,0.665,0.46525585606094894
ETH-25SEP26-2600-C,ETH,2026-09-25 00:00:00+00:00,2600.0,C,2265.3,288.59922000000006,0.664,0.46525584958187566
ETH-25SEP26-2600-P,ETH,2026-09-25 00:00:00+00:00,2600.0,P,2265.3,623.41056,0.664,0.46525584275417015
ETH-25SEP26-2700-C,ETH,2026-09-25 00:00:00+00:00,2700.0,C,2265.16,259.813852,0.6633,0.4652558356751464
ETH-25SEP26-2700-P,ETH,2026-09-25 00:00:00+00:00,2700.0,P,2265.16,694.4980559999999,0.6633,0.46525582890514483
ETH-25SEP26-2800-C,ETH,2026-09-25 00:00:00+00:00,2800.0,C,2265.16,234.44405999999998,0.6636,0.46525582210719446
ETH-25SEP26-2800-P,ETH,2026-09-25 00:00:00+00:00,2800.0,P,2265.3,769.2958800000001,0.6635,0.465255815429944
ETH-25SEP26-2900-C,ETH,2026-09-25 00:00:00+00:00,2900.0,C,2265.3,211.35249000000002,0.6639,0.4652558081861422
ETH-25SEP26-2900-P,ETH,2026-09-25 00:00:00+00:00,2900.0,P,2265.3,846.31608,0.6639,0.46525580133181865
ETH-25SEP26-3000-C,ETH,2026-09-25 00:00:00+00:00,3000.0,C,2265.3,190.96479000000002,0.6647,0.4652557889508708
ETH-25SEP26-3000-P,ETH,2026-09-25 00:00:00+00:00,3000.0,P,2265.28,925.5934080000001,0.6647,0.46525577876283364
ETH-25SEP26-3100-C,ETH,2026-09-25 00:00:00+00:00,3100.0,C,2265.28,172.61433600000004,0.6657,0.46525577175279487
ETH-25SEP26-3100-P,ETH,2026-09-25 00:00:00+00:00,3100.0,P,2265.28,1007.143488,0.6657,0.46525576536542707
ETH-25SEP26-3200-C,ETH,2026-09-25 00:00:00+00:00,3200.0,C,2265.33,155.854704,0.6663,0.4652557588774178
ETH-25SEP26-3200-P,ETH,2026-09-25 00:00:00+00:00,3200.0,P,2265.27,1090.500978,0.6663,0.4652557516810214
ETH-25SEP26-3300-C,ETH,2026-09-25 00:00:00+00:00,3300.0,C,2265.21,141.122583,0.6674,0.4652557446947803
ETH-25SEP26-3300-P,ETH,2026-09-25 00:00:00+00:00,3300.0,P,2265.21,1175.64399,0.6674,0.46525573805473164
ETH-25SEP26-3400-C,ETH,2026-09-25 00:00:00+00:00,3400.0,C,2265.27,127.761228,0.6685,0.4652557307564897
ETH-25SEP26-3400-P,ETH,2026-09-25 00:00:00+00:00,3400.0,P,2265.23,1262.412679,0.6685,0.46525572417157834
ETH-25SEP26-3500-C,ETH,2026-09-25 00:00:00+00:00,3500.0,C,2265.21,115.52570999999999,0.6694,0.46525571737245547
ETH-25SEP26-3500-P,ETH,2026-09-25 00:00:00+00:00,3500.0,P,2265.21,1350.291681,0.6694,0.4652557041132088
ETH-25SEP26-3600-C,ETH,2026-09-25 00:00:00+00:00,3600.0,C,2265.21,104.87922300000001,0.6708,0.46525569732203964
ETH-25SEP26-3600-P,ETH,2026-09-25 00:00:00+00:00,3600.0,P,2265.23,1439.7801880000002,0.6708,0.4652556905225999
ETH-25SEP26-3800-C,ETH,2026-09-25 00:00:00+00:00,3800.0,C,2265.22,86.53140399999998,0.6733,0.4652556836463166
ETH-25SEP26-3800-P,ETH,2026-09-25 00:00:00+00:00,3800.0,P,2265.22,1621.444476,0.6733,0.46525567654964256
ETH-25SEP26-4000-C,ETH,2026-09-25 00:00:00+00:00,4000.0,C,2265.22,71.80747399999998,0.6762,0.46525567005672164
ETH-25SEP26-4000-P,ETH,2026-09-25 00:00:00+00:00,4000.0,P,2265.23,1806.7474479999998,0.6762,0.46525566334689583
ETH-25SEP26-4200-C,ETH,2026-09-25 00:00:00+00:00,4200.0,C,2265.22,60.25485199999999,0.6801,0.46525565657838364
ETH-25SEP26-4200-P,ETH,2026-09-25 00:00:00+00:00,4200.0,P,2265.22,1994.9792539999999,0.6801,0.46525564993291635
ETH-25SEP26-4400-C,ETH,2026-09-25 00:00:00+00:00,4400.0,C,2265.21,50.514183,0.6834,0.46525564312206885
ETH-25SEP26-4400-P,ETH,2026-09-25 00:00:00+00:00,4400.0,P,2265.22,2185.257734,0.6834,0.46525563654083324
ETH-25SEP26-4500-C,ETH,2026-09-25 00:00:00+00:00,4500.0,C,2265.22,46.663532,0.6861,0.46525562823950484
ETH-25SEP26-4500-P,ETH,2026-09-25 00:00:00+00:00,4500.0,P,2265.22,2281.303062,0.6861,0.46525562139250126
ETH-25SEP26-4600-C,ETH,2026-09-25 00:00:00+00:00,4600.0,C,2265.29,42.813981,0.6881999999999999,0.465255614446314
ETH-25SEP26-4600-P,ETH,2026-09-25 00:00:00+00:00,4600.0,P,2265.29,2377.648384,0.6881999999999999,0.46525560580180364
ETH-25SEP26-4800-C,ETH,2026-09-25 00:00:00+00:00,4800.0,C,2265.26,36.697212,0.6927,0.4652555960871549
ETH-25SEP26-4800-P,ETH,2026-09-25 00:00:00+00:00,4800.0,P,2265.29,2571.5572079999997,0.6927,0.46525558946070045
ETH-25SEP26-5000-C,ETH,2026-09-25 00:00:00+00:00,5000.0,C,2265.26,31.487114000000002,0.6979000000000001,0.46525558281234947
ETH-25SEP26-5000-P,ETH,2026-09-25 00:00:00+00:00,5000.0,P,2265.26,2766.3355120000006,0.6979000000000001,0.465255575385644
ETH-25SEP26-5200-C,ETH,2026-09-25 00:00:00+00:00,5200.0,C,2265.29,26.956951,0.7016,0.4652555684384111
ETH-25SEP26-5200-P,ETH,2026-09-25 00:00:00+00:00,5200.0,P,2265.25,2961.8143750000004,0.7016,0.4652555614958362
ETH-25SEP26-5400-C,ETH,2026-09-25 00:00:00+00:00,5400.0,C,2265.25,23.332075,0.7051999999999999,0.46525555476912056
ETH-25SEP26-5400-P,ETH,2026-09-25 00:00:00+00:00,5400.0,P,2265.26,3157.998966,0.7051999999999999,0.4652555482962266
ETH-25SEP26-5500-C,ETH,2026-09-25 00:00:00+00:00,5500.0,C,2265.26,21.51997,0.7062999999999999,0.46525554182545564
ETH-25SEP26-5500-P,ETH,2026-09-25 00:00:00+00:00,5500.0,P,2265.26,3256.31125,0.7062999999999999,0.4652555342962076
ETH-25SEP26-5600-C,ETH,2026-09-25 00:00:00+00:00,5600.0,C,2265.26,20.387340000000002,0.7095,0.4652555272798945
ETH-25SEP26-5600-P,ETH,2026-09-25 00:00:00+00:00,5600.0,P,2265.26,3355.0765860000006,0.7095,0.46525551988703195
ETH-25SEP26-5800-C,ETH,2026-09-25 00:00:00+00:00,5800.0,C,2265.26,17.442502,0.7118000000000001,0.465255513100616
ETH-25SEP26-5800-P,ETH,2026-09-25 00:00:00+00:00,5800.0,P,2265.22,3552.091482,0.7118000000000001,0.4652555064259006
ETH-25SEP26-6000-C,ETH,2026-09-25 00:00:00+00:00,6000.0,C,2265.24,15.177107999999999,0.7151000000000001,0.4652554994965714
ETH-25SEP26-6000-P,ETH,2026-09-25 00:00:00+00:00,6000.0,P,2265.22,3749.845188,0.7151000000000001,0.4652554928093391
ETH-25SEP26-6200-C,ETH,2026-09-25 00:00:00+00:00,6200.0,C,2265.24,12.911867999999998,0.7155,0.4652554861432111
ETH-25SEP26-6200-P,ETH,2026-09-25 00:00:00+00:00,6200.0,P,2265.24,3947.6337479999993,0.7155,0.46525547950918317
ETH-25SEP26-6400-C,ETH,2026-09-25 00:00:00+00:00,6400.0,C,2265.22,12.005666,0.7247,0.4652554731117703
ETH-25SEP26-6400-P,ETH,2026-09-25 00:00:00+00:00,6400.0,P,2265.22,4146.711732,0.7247,0.4652554665369673
ETH-25SEP26-6500-C,ETH,2026-09-25 00:00:00+00:00,6500.0,C,2265.22,11.099578,0.7251000000000001,0.46525545980470634
ETH-25SEP26-6500-P,ETH,2026-09-25 00:00:00+00:00,6500.0,P,2265.24,4245.739332,0.7251000000000001,0.46525545296220244
ETH-25SEP26-6600-C,ETH,2026-09-25 00:00:00+00:00,6600.0,C,2265.22,10.193489999999999,0.7252,0.4652554443762833
ETH-25SEP26-6600-P,ETH,2026-09-25 00:00:00+00:00,6600.0,P,2265.23,4344.937663,0.7252,0.4652554378476817
ETH-25SEP26-6800-C,ETH,2026-09-25 00:00:00+00:00,6800.0,C,2265.22,9.06088,0.7282,0.46525543087170756
ETH-25SEP26-6800-P,ETH,2026-09-25 00:00:00+00:00,6800.0,P,2265.22,4543.804797999999,0.7282,0.46525542138714604
ETH-25SEP26-7000-C,ETH,2026-09-25 00:00:00+00:00,7000.0,C,2265.23,7.928305,0.7308,0.4652554119051829
ETH-25SEP26-7000-P,ETH,2026-09-25 00:00:00+00:00,7000.0,P,2265.22,4742.691114,0.7308,0.4652554031955852
ETH-25SEP26-7200-C,ETH,2026-09-25 00:00:00+00:00,7200.0,C,2265.24,7.022243999999999,0.7336,0.4652553964759677
ETH-25SEP26-7200-P,ETH,2026-09-25 00:00:00+00:00,7200.0,P,2265.22,4941.803951999999,0.7336,0.4652553897951682
ETH-25SEP26-7400-C,ETH,2026-09-25 00:00:00+00:00,7400.0,C,2265.24,6.342671999999999,0.7379000000000001,0.4652553830783393
ETH-25SEP26-7400-P,ETH,2026-09-25 00:00:00+00:00,7400.0,P,2265.22,5141.143311999999,0.7379000000000001,0.4652553761597207
ETH-25SEP26-7500-C,ETH,2026-09-25 00:00:00+00:00,7500.0,C,2265.23,6.116121000000001,0.7397,0.46525536986621285
ETH-25SEP26-7500-P,ETH,2026-09-25 00:00:00+00:00,7500.0,P,2265.23,5240.836128,0.7397,0.4652553630127133
ETH-25SEP26-8000-C,ETH,2026-09-25 00:00:00+00:00,8000.0,C,2265.23,4.756983,0.7483,0.4652553556250475
ETH-25SEP26-8000-P,ETH,2026-09-25 00:00:00+00:00,8000.0,P,2265.23,5739.413251,0.7483,0.4652553489021662
ETH-25SEP26-8500-C,ETH,2026-09-25 00:00:00+00:00,8500.0,C,2265.24,3.6243839999999996,0.7563,0.46525534234716837
ETH-25SEP26-8500-P,ETH,2026-09-25 00:00:00+00:00,8500.0,P,2265.23,6238.44342,0.7563,0.4652553360890879
ETH-25SEP26-9000-C,ETH,2026-09-25 00:00:00+00:00,9000.0,C,2265.23,2.9447989999999997,0.7655,0.4652553295140949
ETH-25SEP26-9000-P,ETH,2026-09-25 00:00:00+00:00,9000.0,P,2265.23,6737.700112,0.7655,0.4652553224781669
ETH-25SEP26-10000-C,ETH,2026-09-25 00:00:00+00:00,10000.0,C,2265.23,2.038707,0.7796,0.46525531579141005
ETH-25SEP26-10000-P,ETH,2026-09-25 00:00:00+00:00,10000.0,P,2265.24,7736.700695999999,0.7796,0.46525530930317893
ETH-25SEP26-11000-C,ETH,2026-09-25 00:00:00+00:00,11000.0,C,2265.23,1.132615,0.7863,0.4652553024338036
ETH-25SEP26-11000-P,ETH,2026-09-25 00:00:00+00:00,11000.0,P,2265.24,8735.89806,0.7863,0.46525529545979416
ETH-25SEP26-12000-C,ETH,2026-09-25 00:00:00+00:00,12000.0,C,2265.24,1.13262,0.8178,0.4652552885735924
ETH-25SEP26-12000-P,ETH,2026-09-25 00:00:00+00:00,12000.0,P,2265.24,9736.00152,0.8178,0.46525528177592723
ETH-25SEP26-13000-C,ETH,2026-09-25 00:00:00+00:00,13000.0,C,2265.24,1.13262,0.8454,0.4652552752055923
ETH-25SEP26-13000-P,ETH,2026-09-25 00:00:00+00:00,13000.0,P,2265.24,10735.878455999999,0.8454,0.46525526842079246
ETH-25SEP26-14000-C,ETH,2026-09-25 00:00:00+00:00,14000.0,C,2265.24,0.6795719999999998,0.8508,0.4652552595793723
ETH-25SEP26-14000-P,ETH,2026-09-25 00:00:00+00:00,14000.0,P,2265.24,11735.528868,0.8508,0.46525525179253174
ETH-25SEP26-15000-C,ETH,2026-09-25 00:00:00+00:00,15000.0,C,2265.23,0.453046,0.8556,0.4652552389746369
ETH-25SEP26-15000-P,ETH,2026-09-25 00:00:00+00:00,15000.0,P,2265.23,12735.349583,0.8556,0.4652552313953216
ETH-25SEP26-16000-C,ETH,2026-09-25 00:00:00+00:00,16000.0,C,2265.23,0.453046,0.8556,0.4652552247899397
ETH-25SEP26-16000-P,ETH,2026-09-25 00:00:00+00:00,16000.0,P,2265.23,13735.222105,0.8556,0.46525521826662986
ETH-25DEC26-800-C,ETH,2026-12-25 00:00:00+00:00,800.0,C,2288.96,1515.978208,0.8312,0.7143996331611085
ETH-25DEC26-800-P,ETH,2026-12-25 00:00:00+00:00,800.0,P,2288.95,27.00961,0.8312,0.7143996258506667
ETH-25DEC26-1000-C,ETH,2026-12-25 00:00:00+00:00,1000.0,C,2288.95,1338.5779599999998,0.7868999999999999,0.7143996190027759
ETH-25DEC26-1000-P,ETH,2026-12-25 00:00:00+00:00,1000.0,P,2288.95,49.670215,0.7868999999999999,0.7143996121821368
ETH-25DEC26-1200-C,ETH,2026-12-25 00:00:00+00:00,1200.0,C,2288.95,1171.02682,0.7498999999999999,0.7143996053164056
ETH-25DEC26-1200-P,ETH,2026-12-25 00:00:00+00:00,1200.0,P,2288.95,81.94440999999999,0.7498999999999999,0.7143995970410615
ETH-25DEC26-1400-C,ETH,2026-12-25 00:00:00+00:00,1400.0,C,2288.97,1016.0737829999999,0.7226,0.7143995899965143
ETH-25DEC26-1400-P,ETH,2026-12-25 00:00:00+00:00,1400.0,P,2288.97,127.03783499999999,0.7226,0.714399583250564
ETH-25DEC26-1500-C,ETH,2026-12-25 00:00:00+00:00,1500.0,C,2288.97,944.4290219999999,0.7128,0.7143995761401057
ETH-25DEC26-1500-P,ETH,2026-12-25 00:00:00+00:00,1500.0,P,2288.97,155.421063,0.7128,0.7143995689422199
ETH-25DEC26-1600-C,ETH,2026-12-25 00:00:00+00:00,1600.0,C,2289.01,876.233028,0.7040000000000001,0.7143995622527695
ETH-25DEC26-1600-P,ETH,2026-12-25 00:00:00+00:00,1600.0,P,2288.97,187.46664299999998,0.7040000000000001,0.7143995544656754
ETH-25DEC26-1700-C,ETH,2026-12-25 00:00:00+00:00,1700.0,C,2289.01,812.59855,0.6972,0.714399548064967
ETH-25DEC26-1700-P,ETH,2026-12-25 00:00:00+00:00,1700.0,P,2288.97,223.63236899999998,0.6972,0.7143995388922795
ETH-25DEC26-1800-C,ETH,2026-12-25 00:00:00+00:00,1800.0,C,2289.01,752.8553890000002,0.6916,0.7143995300905012
ETH-25DEC26-1800-P,ETH,2026-12-25 00:00:00+00:00,1800.0,P,2289.0,263.9217,0.6916,0.7143995234801441
ETH-25DEC26-1900-C,ETH,2026-12-25 00:00:00+00:00,1900.0,C,2289.0,696.7716,0.6866,0.7143995167078928
ETH-25DEC26-1900-P,ETH,2026-12-25 00:00:00+00:00,1900.0,P,2289.0,307.8705,0.6866,0.7143995098464396
ETH-25DEC26-2000-C,ETH,2026-12-25 00:00:00+00:00,2000.0,C,2289.01,644.8141170000001,0.6828,0.7143995030794802
ETH-25DEC26-2000-P,ETH,2026-12-25 00:00:00+00:00,2000.0,P,2289.11,355.72769400000004,0.6828,0.7143994939284356
ETH-25DEC26-2100-C,ETH,2026-12-25 00:00:00+00:00,2100.0,C,2289.0,596.7423,0.6801999999999999,0.7143994840761339
ETH-25DEC26-2100-P,ETH,2026-12-25 00:00:00+00:00,2100.0,P,2289.11,407.919402,0.6801999999999999,0.7143994750371385
ETH-25DEC26-2200-C,ETH,2026-12-25 00:00:00+00:00,2200.0,C,2289.17,551.461053,0.6766,0.7143994683607752
ETH-25DEC26-2200-P,ETH,2026-12-25 00:00:00+00:00,2200.0,P,2289.17,462.41234000000003,0.6766,0.7143994610120541
ETH-25DEC26-2300-C,ETH,2026-12-25 00:00:00+00:00,2300.0,C,2289.17,510.027076,0.6747,0.7143994545202423
ETH-25DEC26-2300-P,ETH,2026-12-25 00:00:00+00:00,2300.0,P,2289.17,521.015092,0.6747,0.714399448143997
ETH-25DEC26-2400-C,ETH,2026-12-25 00:00:00+00:00,2400.0,C,2289.17,472.026854,0.6734,0.714399441242078
ETH-25DEC26-2400-P,ETH,2026-12-25 00:00:00+00:00,2400.0,P,2289.17,583.051599,0.6734,0.7143994346089056
ETH-25DEC26-2500-C,ETH,2026-12-25 00:00:00+00:00,2500.0,C,2289.19,436.777452,0.6720999999999999,0.7143994274619109
ETH-25DEC26-2500-P,ETH,2026-12-25 00:00:00+00:00,2500.0,P,2289.19,647.611851,0.6720999999999999,0.7143994204828947
ETH-25DEC26-2600-C,ETH,2026-12-25 00:00:00+00:00,2600.0,C,2289.19,404.499873,0.6716,0.7143994137591577
ETH-25DEC26-2600-P,ETH,2026-12-25 00:00:00+00:00,2600.0,P,2289.17,715.594542,0.6716,0.7143994069163372
ETH-25DEC26-2700-C,ETH,2026-12-25 00:00:00+00:00,2700.0,C,2289.24,374.519664,0.6705,0.714399399422833
ETH-25DEC26-2700-P,ETH,2026-12-25 00:00:00+00:00,2700.0,P,2289.24,785.2093199999999,0.6705,0.7143993909791619
ETH-25DEC26-2800-C,ETH,2026-12-25 00:00:00+00:00,2800.0,C,2289.24,347.048784,0.6701999999999999,0.7143993844898534
ETH-25DEC26-2800-P,ETH,2026-12-25 00:00:00+00:00,2800.0,P,2289.24,857.7782279999999,0.6701999999999999,0.7143993761754063
ETH-25DEC26-2900-C,ETH,2026-12-25 00:00:00+00:00,2900.0,C,2289.21,321.862926,0.6701999999999999,0.7143993697675362
ETH-25DEC26-2900-P,ETH,2026-12-25 00:00:00+00:00,2900.0,P,2289.21,932.624154,0.6701999999999999,0.7143993631259031
ETH-25DEC26-3000-C,ETH,2026-12-25 00:00:00+00:00,3000.0,C,2289.24,298.74582,0.6704000000000001,0.7143993566448653
ETH-25DEC26-3000-P,ETH,2026-12-25 00:00:00+00:00,3000.0,P,2289.24,1009.5548399999999,0.6704000000000001,0.7143993498772403
ETH-25DEC26-3100-C,ETH,2026-12-25 00:00:00+00:00,3100.0,C,2289.21,277.22333100000003,0.6705,0.7143993432081337
ETH-25DEC26-3100-P,ETH,2026-12-25 00:00:00+00:00,3100.0,P,2289.21,1088.061513,0.6705,0.7143993364700737
ETH-25DEC26-3200-C,ETH,2026-12-25 00:00:00+00:00,3200.0,C,2289.22,257.53725,0.6706,0.7143993275211677
ETH-25DEC26-3200-P,ETH,2026-12-25 00:00:00+00:00,3200.0,P,2289.21,1168.183863,0.6706,0.7143993206434267
ETH-25DEC26-3300-C,ETH,2026-12-25 00:00:00+00:00,3300.0,C,2289.22,239.45241199999998,0.6709999999999999,0.7143993100023133
ETH-25DEC26-3300-P,ETH,2026-12-25 00:00:00+00:00,3300.0,P,2289.21,1250.1375810000002,0.6709999999999999,0.7143992971841966
ETH-25DEC26-3400-C,ETH,2026-12-25 00:00:00+00:00,3400.0,C,2289.22,222.97002799999999,0.6717,0.7143992907004019
ETH-25DEC26-3400-P,ETH,2026-12-25 00:00:00+00:00,3400.0,P,2289.22,1333.699572,0.6717,0.7143992840382348
ETH-25DEC26-3500-C,ETH,2026-12-25 00:00:00+00:00,3500.0,C,2289.24,207.63406799999998,0.6723,0.7143992772381931
ETH-25DEC26-3500-P,ETH,2026-12-25 00:00:00+00:00,3500.0,P,2289.24,1418.413104,0.6723,0.7143992704562452
ETH-25DEC26-3600-C,ETH,2026-12-25 00:00:00+00:00,3600.0,C,2289.24,193.21185599999998,0.6725,0.7143992636355109
ETH-25DEC26-3600-P,ETH,2026-12-25 00:00:00+00:00,3600.0,P,2289.22,1504.0175399999998,0.6725,0.7143992571074796
ETH-25DEC26-3800-C,ETH,2026-12-25 00:00:00+00:00,3800.0,C,2289.24,168.945912,0.675,0.7143992505791631
ETH-25DEC26-3800-P,ETH,2026-12-25 00:00:00+00:00,3800.0,P,2289.24,1679.615388,0.675,0.714399243451625
ETH-25DEC26-4000-C,ETH,2026-12-25 00:00:00+00:00,4000.0,C,2289.22,147.19684599999997,0.6762,0.7143992364744151
ETH-25DEC26-4000-P,ETH,2026-12-25 00:00:00+00:00,4000.0,P,2289.24,1858.1761079999997,0.6762,0.7143992296001914
ETH-25DEC26-4200-C,ETH,2026-12-25 00:00:00+00:00,4200.0,C,2289.24,129.57098399999998,0.679,0.7143992229679695
ETH-25DEC26-4200-P,ETH,2026-12-25 00:00:00+00:00,4200.0,P,2289.57,2040.693741,0.679,0.7143991867674347
ETH-25DEC26-4400-C,ETH,2026-12-25 00:00:00+00:00,4400.0,C,2289.55,114.01959000000001,0.6808,0.7143991799271808
ETH-25DEC26-4400-P,ETH,2026-12-25 00:00:00+00:00,4400.0,P,2289.55,2224.9846900000002,0.6808,0.7143991731717241
ETH-25DEC26-4500-C,ETH,2026-12-25 00:00:00+00:00,4500.0,C,2289.55,107.15094,0.6819,0.7143991646880625
ETH-25DEC26-4500-P,ETH,2026-12-25 00:00:00+00:00,4500.0,P,2289.73,2317.664706,0.6819,0.7143991581001408
ETH-25DEC26-4600-C,ETH,2026-12-25 00:00:00+00:00,4600.0,C,2289.73,100.977093,0.6836,0.7143991516046847
ETH-25DEC26-4600-P,ETH,2026-12-25 00:00:00+00:00,4600.0,P,2289.71,2411.293601,0.6836,0.7143991425857795
ETH-25DEC26-4800-C,ETH,2026-12-25 00:00:00+00:00,4800.0,C,2289.71,89.52766100000001,0.6859000000000001,0.7143991355649352
ETH-25DEC26-4800-P,ETH,2026-12-25 00:00:00+00:00,4800.0,P,2289.71,2600.194676,0.6859000000000001,0.7143991260812609
ETH-25DEC26-5000-C,ETH,2026-12-25 00:00:00+00:00,5000.0,C,2289.71,79.68190799999999,0.6884,0.7143991170660315
ETH-25DEC26-5000-P,ETH,2026-12-25 00:00:00+00:00,5000.0,P,2289.7,2789.99945,0.6884,0.7143991106054643
ETH-25DEC26-5200-C,ETH,2026-12-25 00:00:00+00:00,5200.0,C,2289.71,71.209981,0.691,0.7143991030048228
ETH-25DEC26-5200-P,ETH,2026-12-25 00:00:00+00:00,5200.0,P,2289.71,2981.431391,0.691,0.7143990962792481
ETH-25DEC26-5500-C,ETH,2026-12-25 00:00:00+00:00,5500.0,C,2289.71,60.677315,0.6953,0.7143990893182942
ETH-25DEC26-5500-P,ETH,2026-12-25 00:00:00+00:00,5500.0,P,2289.69,3271.0511340000003,0.6953,0.7143990823888698
ETH-25DEC26-6000-C,ETH,2026-12-25 00:00:00+00:00,6000.0,C,2289.7,46.938849999999995,0.7019,0.7143990738257345
ETH-25DEC26-6000-P,ETH,2026-12-25 00:00:00+00:00,6000.0,P,2289.69,3757.152321,0.7019,0.7143990669510039
ETH-25DEC26-6500-C,ETH,2026-12-25 00:00:00+00:00,6500.0,C,2289.7,36.864169999999994,0.7081999999999999,0.7143990604747826
ETH-25DEC26-6500-P,ETH,2026-12-25 00:00:00+00:00,6500.0,P,2289.69,4247.145981,0.7081999999999999,0.714399053892945
ETH-25DEC26-7000-C,ETH,2026-12-25 00:00:00+00:00,7000.0,C,2289.69,29.76597,0.7156,0.7143990466961366
ETH-25DEC26-7000-P,ETH,2026-12-25 00:00:00+00:00,7000.0,P,2289.69,4740.116238,0.7156,0.7143990399600096
ETH-25DEC26-8000-C,ETH,2026-12-25 00:00:00+00:00,8000.0,C,2289.69,19.691334,0.7265999999999999,0.7143990330306804
ETH-25DEC26-8000-P,ETH,2026-12-25 00:00:00+00:00,8000.0,P,2289.69,5729.949225,0.7265999999999999,0.7143990263289349
ETH-25DEC26-9000-C,ETH,2026-12-25 00:00:00+00:00,9000.0,C,2289.59,13.279622,0.7354,0.7143990198289795
ETH-25DEC26-9000-P,ETH,2026-12-25 00:00:00+00:00,9000.0,P,2289.59,6723.381035,0.7354,0.714399010284971
ETH-25DEC26-10000-C,ETH,2026-12-25 00:00:00+00:00,10000.0,C,2289.59,9.616278,0.747,0.7143990031654814
ETH-25DEC26-10000-P,ETH,2026-12-25 00:00:00+00:00,10000.0,P,2289.59,7719.581644000001,0.747,0.7143989964392096
ETH-25DEC26-11000-C,ETH,2026-12-25 00:00:00+00:00,11000.0,C,2289.59,7.326688000000001,0.7584000000000001,0.714398989458514
ETH-25DEC26-11000-P,ETH,2026-12-25 00:00:00+00:00,11000.0,P,2289.59,8717.156007000001,0.7584000000000001,0.7143989827773658
ETH-26MAR27-1000-C,ETH,2027-03-26 00:00:00+00:00,1000.0,C,2312.12,1384.728668,0.7652,0.9635433979473724
ETH-26MAR27-1000-P,ETH,2027-03-26 00:00:00+00:00,1000.0,P,2312.12,72.83178,0.7652,0.9635433912314625
ETH-26MAR27-1400-C,ETH,2027-03-26 00:00:00+00:00,1400.0,C,2312.12,1082.9970079999998,0.7166,0.9635433845516136
ETH-26MAR27-1400-P,ETH,2027-03-26 00:00:00+00:00,1400.0,P,2312.12,171.09687999999997,0.7166,0.9635433776598981
ETH-26MAR27-1500-C,ETH,2027-03-26 00:00:00+00:00,1500.0,C,2312.24,1016.2294799999999,0.7081000000000001,0.9635433683158099
ETH-26MAR27-1500-P,ETH,2027-03-26 00:00:00+00:00,1500.0,P,2312.24,203.93956799999998,0.7081000000000001,0.9635433585426965
ETH-26MAR27-1600-C,ETH,2027-03-26 00:00:00+00:00,1600.0,C,2312.24,954.030224,0.7031000000000001,0.9635433518727342
ETH-26MAR27-1600-P,ETH,2027-03-26 00:00:00+00:00,1600.0,P,2312.24,242.09152799999998,0.7031000000000001,0.9635433445174855
ETH-26MAR27-1700-C,ETH,2027-03-26 00:00:00+00:00,1700.0,C,2312.12,895.0216519999999,0.698,0.9635433361308527
ETH-26MAR27-1700-P,ETH,2027-03-26 00:00:00+00:00,1700.0,P,2312.12,282.772276,0.698,0.9635433293308427
ETH-26MAR27-1800-C,ETH,2027-03-26 00:00:00+00:00,1800.0,C,2312.12,839.068348,0.6933,0.9635433227413365
ETH-26MAR27-1800-P,ETH,2027-03-26 00:00:00+00:00,1800.0,P,2312.12,326.933768,0.6933,0.9635433162961379
ETH-26MAR27-1900-C,ETH,2027-03-26 00:00:00+00:00,1900.0,C,2312.12,787.508072,0.6903,0.9635433093541651
ETH-26MAR27-1900-P,ETH,2027-03-26 00:00:00+00:00,1900.0,P,2312.15,375.261945,0.6903,0.9635433026926318
ETH-26MAR27-2000-C,ETH,2027-03-26 00:00:00+00:00,2000.0,C,2312.15,738.269495,0.6869,0.9635432958218622
ETH-26MAR27-2000-P,ETH,2027-03-26 00:00:00+00:00,2000.0,P,2312.15,426.12924499999997,0.6869,0.963543288900043
ETH-26MAR27-2100-C,ETH,2027-03-26 00:00:00+00:00,2100.0,C,2312.12,692.711152,0.6845,0.963543282038273
ETH-26MAR27-2100-P,ETH,2027-03-26 00:00:00+00:00,2100.0,P,2312.16,480.46684799999997,0.6845,0.9635432740034096
ETH-26MAR27-2200-C,ETH,2027-03-26 00:00:00+00:00,2200.0,C,2312.16,650.4106079999999,0.6829999999999999,0.9635432675620136
ETH-26MAR27-2200-P,ETH,2027-03-26 00:00:00+00:00,2200.0,P,2312.16,538.270848,0.6829999999999999,0.9635432606469758
ETH-26MAR27-2300-C,ETH,2027-03-26 00:00:00+00:00,2300.0,C,2312.16,608.5605119999999,0.6789000000000001,0.9635432541312393
ETH-26MAR27-2300-P,ETH,2027-03-26 00:00:00+00:00,2300.0,P,2312.12,596.295748,0.6789000000000001,0.9635432474458451
ETH-26MAR27-2400-C,ETH,2027-03-26 00:00:00+00:00,2400.0,C,2312.12,572.480912,0.6788,0.963543240703824
ETH-26MAR27-2400-P,ETH,2027-03-26 00:00:00+00:00,2400.0,P,2312.12,660.3414720000001,0.6788,0.9635432342915494
ETH-26MAR27-2500-C,ETH,2027-03-26 00:00:00+00:00,2500.0,C,2312.12,537.5679,0.6776000000000001,0.9635432269363958
ETH-26MAR27-2500-P,ETH,2027-03-26 00:00:00+00:00,2500.0,P,2312.12,725.3120439999999,0.6776000000000001,0.963543220191396
ETH-26MAR27-2600-C,ETH,2027-03-26 00:00:00+00:00,2600.0,C,2312.12,505.42943199999996,0.6769,0.9635432133771896
ETH-26MAR27-2600-P,ETH,2027-03-26 00:00:00+00:00,2600.0,P,2312.12,793.288372,0.6769,0.9635432066129554
ETH-26MAR27-2700-C,ETH,2027-03-26 00:00:00+00:00,2700.0,C,2312.12,475.14065999999997,0.6762,0.9635431988220271
ETH-26MAR27-2700-P,ETH,2027-03-26 00:00:00+00:00,2700.0,P,2312.12,863.114396,0.6762,0.9635431886968908
ETH-26MAR27-2800-C,ETH,2027-03-26 00:00:00+00:00,2800.0,C,2312.12,446.932796,0.6755,0.9635431791509494
ETH-26MAR27-2800-P,ETH,2027-03-26 00:00:00+00:00,2800.0,P,2312.12,934.7901159999999,0.6755,0.9635431726779602
ETH-26MAR27-2900-C,ETH,2027-03-26 00:00:00+00:00,2900.0,C,2312.12,420.80584,0.6753,0.9635431655811912
ETH-26MAR27-2900-P,ETH,2027-03-26 00:00:00+00:00,2900.0,P,2312.12,1008.777956,0.6753,0.9635431587901171
ETH-26MAR27-3000-C,ETH,2027-03-26 00:00:00+00:00,3000.0,C,2312.14,396.53201,0.6751999999999999,0.9635431511447005
ETH-26MAR27-3000-P,ETH,2027-03-26 00:00:00+00:00,3000.0,P,2312.14,1084.39366,0.6751999999999999,0.9635431441407457
ETH-26MAR27-3100-C,ETH,2027-03-26 00:00:00+00:00,3100.0,C,2312.14,373.873038,0.6754000000000001,0.9635431377031206
ETH-26MAR27-3100-P,ETH,2027-03-26 00:00:00+00:00,3100.0,P,2312.14,1161.8503499999997,0.6754000000000001,0.9635431307904593
ETH-26MAR27-3200-C,ETH,2027-03-26 00:00:00+00:00,3200.0,C,2312.14,353.063778,0.6756,0.9635431239214644
ETH-26MAR27-3200-P,ETH,2027-03-26 00:00:00+00:00,3200.0,P,2312.21,1240.9631069999998,0.6756,0.9635431171208837
ETH-26MAR27-3300-C,ETH,2027-03-26 00:00:00+00:00,3300.0,C,2312.21,333.420682,0.6759000000000001,0.963543110376296
ETH-26MAR27-3300-P,ETH,2027-03-26 00:00:00+00:00,3300.0,P,2312.21,1321.196794,0.6759000000000001,0.963543103279622
ETH-26MAR27-3400-C,ETH,2027-03-26 00:00:00+00:00,3400.0,C,2312.21,314.923002,0.6762999999999999,0.9635430960123076
ETH-26MAR27-3400-P,ETH,2027-03-26 00:00:00+00:00,3400.0,P,2312.23,1402.829941,0.6762999999999999,0.9635430894953039
ETH-26MAR27-3600-C,ETH,2027-03-26 00:00:00+00:00,3600.0,C,2312.23,281.860837,0.6772,0.963543082930134
ETH-26MAR27-3600-P,ETH,2027-03-26 00:00:00+00:00,3600.0,P,2312.23,1569.772947,0.6772,0.9635430765036632
ETH-26MAR27-3800-C,ETH,2027-03-26 00:00:00+00:00,3800.0,C,2312.23,252.957962,0.6784,0.9635430697931402
ETH-26MAR27-3800-P,ETH,2027-03-26 00:00:00+00:00,3800.0,P,2312.23,1740.8779670000001,0.6784,0.9635430633320974
ETH-26MAR27-4000-C,ETH,2027-03-26 00:00:00+00:00,4000.0,C,2312.25,228.219075,0.6804000000000001,0.9635430566782012
ETH-26MAR27-4000-P,ETH,2027-03-26 00:00:00+00:00,4000.0,P,2312.25,1915.93035,0.6804000000000001,0.9635430496361572
ETH-26MAR27-4200-C,ETH,2027-03-26 00:00:00+00:00,4200.0,C,2312.25,205.55902500000002,0.6812999999999999,0.9635430431131011
ETH-26MAR27-4200-P,ETH,2027-03-26 00:00:00+00:00,4200.0,P,2312.25,2093.279925,0.6812999999999999,0.9635430356600946
ETH-26MAR27-4500-C,ETH,2027-03-26 00:00:00+00:00,4500.0,C,2312.23,177.34804100000002,0.6842,0.9635430291090895
ETH-26MAR27-4500-P,ETH,2027-03-26 00:00:00+00:00,4500.0,P,2312.31,2365.2618989999996,0.6842,0.9635430200341598
ETH-26MAR27-5000-C,ETH,2027-03-26 00:00:00+00:00,5000.0,C,2312.31,139.894755,0.6879000000000001,0.9635430043073934
ETH-26MAR27-5000-P,ETH,2027-03-26 00:00:00+00:00,5000.0,P,2312.31,2827.723899,0.6879000000000001,0.9635429955250082
ETH-26MAR27-5500-C,ETH,2027-03-26 00:00:00+00:00,5500.0,C,2312.31,111.915804,0.6920000000000001,0.9635429886272404
ETH-26MAR27-5500-P,ETH,2027-03-26 00:00:00+00:00,5500.0,P,2312.37,3299.7519899999998,0.6920000000000001,0.963542981831413
