moneyness,tte_days,implied_vol_pct
0.4198210386876282,1.937999940335641,118.11
0.45170618086643544,1.937999940335641,118.11
0.48359132304524266,1.937999940335641,118.11
0.5154764652240499,1.937999940335641,118.11
0.5473616074028571,1.937999940335641,118.11
0.5792467495816642,1.937999940335641,118.11
0.6111318917604714,1.937999940335641,118.11
0.6430170339392787,1.937999940335641,118.11
0.6749021761180859,1.937999940335641,118.11
0.7067873182968931,1.937999940335641,118.11
0.7386724604757003,1.937999940335641,118.11
0.7705576026545076,1.937999940335641,110.92
0.8024427448333147,1.937999940335641,107.13999999999999
0.834327887012122,1.937999940335641,92.39
0.8662130291909291,1.937999940335641,81.08
0.8980981713697364,1.937999940335641,70.49
0.9299833135485436,1.937999940335641,61.78
0.9618684557273508,1.937999940335641,52.96999999999999
0.993753597906158,1.937999940335641,47.85999999999999
1.0256387400849651,1.937999940335641,45.82
1.0575238822637725,1.937999940335641,50.66
1.0894090244425796,1.937999940335641,56.50999999999999
1.1212941666213867,1.937999940335641,62.970000000000006
1.153179308800194,1.937999940335641,70.06
1.1850644509790014,1.937999940335641,70.41
1.2169495931578085,1.937999940335641,70.41
1.2488347353366156,1.937999940335641,70.41
1.280719877515423,1.937999940335641,70.41
1.31260501969423,1.937999940335641,70.41
1.3444901618730372,1.937999940335641,70.41
1.3763753040518445,1.937999940335641,70.41
1.4082604462306518,1.937999940335641,70.41
1.440145588409459,1.937999940335641,70.41
1.472030730588266,1.937999940335641,70.41
1.5039158727670734,1.937999940335641,70.41
1.5358010149458805,1.937999940335641,70.41
1.5676861571246878,1.937999940335641,70.41
1.599571299303495,1.937999940335641,70.41
1.6314564414823023,1.937999940335641,70.41
1.6633415836611094,1.937999940335641,70.41
1.6952267258399167,1.937999940335641,70.41
1.7271118680187239,1.937999940335641,70.41
1.758997010197531,1.937999940335641,70.41
1.7908821523763383,1.937999940335641,70.41
1.8227672945551454,1.937999940335641,70.41
1.8546524367339527,1.937999940335641,70.41
1.8865375789127599,1.937999940335641,70.41
1.9184227210915672,1.937999940335641,70.41
1.9503078632703743,1.937999940335641,70.41
1.9821930054491814,1.937999940335641,70.41
2.0140781476279885,1.937999940335641,70.41
2.045963289806796,1.937999940335641,70.41
2.077848431985603,1.937999940335641,70.41
2.1097335741644105,1.937999940335641,70.41
2.141618716343218,1.937999940335641,70.41
2.1735038585220248,1.937999940335641,70.41
2.2053890007008317,1.937999940335641,70.41
2.237274142879639,1.937999940335641,70.41
2.2691592850584463,1.937999940335641,70.41
2.3010444272372537,1.937999940335641,70.41
2.332929569416061,1.937999940335641,70.41
2.3648147115948683,1.937999940335641,70.41
2.3966998537736752,1.937999940335641,70.41
2.428584995952482,1.937999940335641,70.41
2.4604701381312895,1.937999940335641,70.41
2.492355280310097,1.937999940335641,70.41
2.524240422488904,1.937999940335641,70.41
2.5561255646677115,1.937999940335641,70.41
2.588010706846519,1.937999940335641,70.41
2.619895849025326,1.937999940335641,70.41
2.6517809912041326,1.937999940335641,70.41
2.68366613338294,1.937999940335641,70.41
2.7155512755617472,1.937999940335641,70.41
2.7474364177405546,1.937999940335641,70.41
2.779321559919362,1.937999940335641,70.41
2.8112067020981693,1.937999940335641,70.41
2.8430918442769766,1.937999940335641,70.41
2.874976986455783,1.937999940335641,70.41
2.9068621286345904,1.937999940335641,70.41
2.9387472708133977,1.937999940335641,70.41
0.4198210386876282,6.368357364127835,92.06
0.45170618086643544,6.368357364127835,92.06
0.48359132304524266,6.368357364127835,92.06
0.5154764652240499,6.368357364127835,92.06
0.5473616074028571,6.368357364127835,92.06
0.5792467495816642,6.368357364127835,92.06
0.6111318917604714,6.368357364127835,92.06
0.6430170339392787,6.368357364127835,92.06
0.6749021761180859,6.368357364127835,100.11001686739635
0.7067873182968931,6.368357364127835,94.5141903253091
0.7386724604757003,6.368357364127835,90.14755101149105
0.7705576026545076,6.368357364127835,86.79194216431638
0.8024427448333147,6.368357364127835,78.24030227667643
0.834327887012122,6.368357364127835,73.74227886323115
0.8662130291909291,6.368357364127835,65.06639384176489
0.8980981713697364,6.368357364127835,60.06833408277024
0.9299833135485436,6.368357364127835,54.661961113955265
0.9618684557273508,6.368357364127835,50.17363455504116
0.993753597906158,6.368357364127835,46.67041521434741
1.0256387400849651,6.368357364127835,44.64029564572796
1.0575238822637725,6.368357364127835,44.04556886167956
1.0894090244425796,6.368357364127835,46.53600050749147
1.1212941666213867,6.368357364127835,49.3882404335981
1.153179308800194,6.368357364127835,46.16337729722282
1.1850644509790014,6.368357364127835,42.46769772187351
1.2169495931578085,6.368357364127835,40.01857726391823
1.2488347353366156,6.368357364127835,38.18013209091992
1.280719877515423,6.368357364127835,37.1521067914743
1.31260501969423,6.368357364127835,36.7755005227304
1.3444901618730372,6.368357364127835,36.980086974578164
1.3763753040518445,6.368357364127835,46.1
1.4082604462306518,6.368357364127835,46.1
1.440145588409459,6.368357364127835,46.1
1.472030730588266,6.368357364127835,46.1
1.5039158727670734,6.368357364127835,46.1
1.5358010149458805,6.368357364127835,46.1
1.5676861571246878,6.368357364127835,46.1
1.599571299303495,6.368357364127835,46.1
1.6314564414823023,6.368357364127835,46.1
1.6633415836611094,6.368357364127835,46.1
1.6952267258399167,6.368357364127835,46.1
1.7271118680187239,6.368357364127835,46.1
1.758997010197531,6.368357364127835,46.1
1.7908821523763383,6.368357364127835,46.1
1.8227672945551454,6.368357364127835,46.1
1.8546524367339527,6.368357364127835,46.1
1.8865375789127599,6.368357364127835,46.1
1.9184227210915672,6.368357364127835,46.1
1.9503078632703743,6.368357364127835,46.1
1.9821930054491814,6.368357364127835,46.1
2.0140781476279885,6.368357364127835,46.1
2.045963289806796,6.368357364127835,46.1
2.077848431985603,6.368357364127835,46.1
2.1097335741644105,6.368357364127835,46.1
2.141618716343218,6.368357364127835,46.1
2.1735038585220248,6.368357364127835,46.1
2.2053890007008317,6.368357364127835,46.1
2.237274142879639,6.368357364127835,46.1
2.2691592850584463,6.368357364127835,46.1
2.3010444272372537,6.368357364127835,46.1
2.332929569416061,6.368357364127835,46.1
2.3648147115948683,6.368357364127835,46.1
2.3966998537736752,6.368357364127835,46.1
2.428584995952482,6.368357364127835,46.1
2.4604701381312895,6.368357364127835,46.1
2.492355280310097,6.368357364127835,46.1
2.524240422488904,6.368357364127835,46.1
2.5561255646677115,6.368357364127835,46.1
2.588010706846519,6.368357364127835,46.1
2.619895849025326,6.368357364127835,46.1
2.6517809912041326,6.368357364127835,46.1
2.68366613338294,6.368357364127835,46.1
2.7155512755617472,6.368357364127835,46.1
2.7474364177405546,6.368357364127835,46.1
2.779321559919362,6.368357364127835,46.1
2.8112067020981693,6.368357364127835,46.1
2.8430918442769766,6.368357364127835,46.1
2.874976986455783,6.368357364127835,46.1
2.9068621286345904,6.368357364127835,46.1
2.9387472708133977,6.368357364127835,46.1
0.4198210386876282,10.79871478792003,92.06
0.45170618086643544,10.79871478792003,92.06
0.48359132304524266,10.79871478792003,92.06
0.5154764652240499,10.79871478792003,92.06
0.5473616074028571,10.79871478792003,92.06
0.5792467495816642,10.79871478792003,92.06
0.6111318917604714,10.79871478792003,97.97501057591538
0.6430170339392787,10.79871478792003,97.23218982845371
0.6749021761180859,10.79871478792003,94.67701989551547
0.7067873182968931,10.79871478792003,88.66134402206255
0.7386724604757003,10.79871478792003,81.47698317609314
0.7705576026545076,10.79871478792003,-9.239553123437908
0.8024427448333147,10.79871478792003,68.77955963935736
0.834327887012122,10.79871478792003,63.90811501571117
0.8662130291909291,10.79871478792003,59.314198452713924
0.8980981713697364,10.79871478792003,55.19538778621573
0.9299833135485436,10.79871478792003,51.3061950503677
0.9618684557273508,10.79871478792003,48.41355952702174
0.993753597906158,10.79871478792003,46.09927627336017
1.0256387400849651,10.79871478792003,44.252692850708904
1.0575238822637725,10.79871478792003,43.11709811515791
1.0894090244425796,10.79871478792003,43.024500617858955
1.1212941666213867,10.79871478792003,44.08350383026204
1.153179308800194,10.79871478792003,46.04089669596901
1.1850644509790014,10.79871478792003,48.5911075825388
1.2169495931578085,10.79871478792003,50.68735597609097
1.2488347353366156,10.79871478792003,53.7581353010182
1.280719877515423,10.79871478792003,55.7465213747743
1.31260501969423,10.79871478792003,57.38636602791264
1.3444901618730372,10.79871478792003,58.06316443307148
1.3763753040518445,10.79871478792003,57.72311614932219
1.4082604462306518,10.79871478792003,56.565965765277156
1.440145588409459,10.79871478792003,54.87633276247618
1.472030730588266,10.79871478792003,54.043956035718445
1.5039158727670734,10.79871478792003,46.1
1.5358010149458805,10.79871478792003,46.1
1.5676861571246878,10.79871478792003,46.1
1.599571299303495,10.79871478792003,46.1
1.6314564414823023,10.79871478792003,46.1
1.6633415836611094,10.79871478792003,46.1
1.6952267258399167,10.79871478792003,46.1
1.7271118680187239,10.79871478792003,46.1
1.758997010197531,10.79871478792003,46.1
1.7908821523763383,10.79871478792003,46.1
1.8227672945551454,10.79871478792003,46.1
1.8546524367339527,10.79871478792003,46.1
1.8865375789127599,10.79871478792003,46.1
1.9184227210915672,10.79871478792003,46.1
1.9503078632703743,10.79871478792003,46.1
1.9821930054491814,10.79871478792003,46.1
2.0140781476279885,10.79871478792003,46.1
2.045963289806796,10.79871478792003,46.1
2.077848431985603,10.79871478792003,46.1
2.1097335741644105,10.79871478792003,46.1
2.141618716343218,10.79871478792003,46.1
2.1735038585220248,10.79871478792003,46.1
2.2053890007008317,10.79871478792003,46.1
2.237274142879639,10.79871478792003,46.1
2.2691592850584463,10.79871478792003,46.1
2.3010444272372537,10.79871478792003,46.1
2.332929569416061,10.79871478792003,46.1
2.3648147115948683,10.79871478792003,46.1
2.3966998537736752,10.79871478792003,46.1
2.428584995952482,10.79871478792003,46.1
2.4604701381312895,10.79871478792003,46.1
2.492355280310097,10.79871478792003,46.1
2.524240422488904,10.79871478792003,46.1
2.5561255646677115,10.79871478792003,46.1
2.588010706846519,10.79871478792003,46.1
2.619895849025326,10.79871478792003,46.1
2.6517809912041326,10.79871478792003,46.1
2.68366613338294,10.79871478792003,46.1
2.7155512755617472,10.79871478792003,46.1
2.7474364177405546,10.79871478792003,46.1
2.779321559919362,10.79871478792003,46.1
2.8112067020981693,10.79871478792003,46.1
2.8430918442769766,10.79871478792003,46.1
2.874976986455783,10.79871478792003,46.1
2.9068621286345904,10.79871478792003,46.1
2.9387472708133977,10.79871478792003,46.1
0.4198210386876282,15.229072211712221,101.89999999999999
0.45170618086643544,15.229072211712221,101.89999999999999
0.48359132304524266,15.229072211712221,101.89999999999999
0.5154764652240499,15.229072211712221,101.89999999999999
0.5473616074028571,15.229072211712221,101.89999999999999
0.5792467495816642,15.229072211712221,99.70872687143063
0.6111318917604714,15.229072211712221,94.95448891133147
0.6430170339392787,15.229072211712221,90.3269571997028
0.6749021761180859,15.229072211712221,85.58843733872227
0.7067873182968931,15.229072211712221,79.4740331978803
0.7386724604757003,15.229072211712221,73.15613563936378
0.7705576026545076,15.229072211712221,23.613446955222482
0.8024427448333147,15.229072211712221,63.81485279036558
0.834327887012122,15.229072211712221,59.51925458785331
0.8662130291909291,15.229072211712221,55.75665152951886
0.8980981713697364,15.229072211712221,52.54292806959058
0.9299833135485436,15.229072211712221,49.72219321176511
0.9618684557273508,15.229072211712221,47.297232658970465
0.993753597906158,15.229072211712221,45.3879535994796
1.0256387400849651,15.229072211712221,43.82642606258605
1.0575238822637725,15.229072211712221,42.72173273326568
1.0894090244425796,15.229072211712221,42.40432659500949
1.1212941666213867,15.229072211712221,43.018602339283696
1.153179308800194,15.229072211712221,44.11421795281141
1.1850644509790014,15.229072211712221,46.270613659403296
1.2169495931578085,15.229072211712221,49.022251869890916
1.2488347353366156,15.229072211712221,51.234254347737064
1.280719877515423,15.229072211712221,53.260118930427176
1.31260501969423,15.229072211712221,56.78418039214723
1.3444901618730372,15.229072211712221,1997.008933421479
1.3763753040518445,15.229072211712221,59.884043791408175
1.4082604462306518,15.229072211712221,63.077159790122586
1.440145588409459,15.229072211712221,66.43288843823808
1.472030730588266,15.229072211712221,69.61103127726422
1.5039158727670734,15.229072211712221,72.00821166535678
1.5358010149458805,15.229072211712221,73.90489236497919
1.5676861571246878,15.229072211712221,76.15029649064758
1.599571299303495,15.229072211712221,78.64339647235035
1.6314564414823023,15.229072211712221,81.16213850885241
1.6633415836611094,15.229072211712221,85.37
1.6952267258399167,15.229072211712221,85.37
1.7271118680187239,15.229072211712221,85.37
1.758997010197531,15.229072211712221,85.37
1.7908821523763383,15.229072211712221,85.37
1.8227672945551454,15.229072211712221,85.37
1.8546524367339527,15.229072211712221,85.37
1.8865375789127599,15.229072211712221,85.37
1.9184227210915672,15.229072211712221,85.37
1.9503078632703743,15.229072211712221,85.37
1.9821930054491814,15.229072211712221,85.37
2.0140781476279885,15.229072211712221,85.37
2.045963289806796,15.229072211712221,85.37
2.077848431985603,15.229072211712221,85.37
2.1097335741644105,15.229072211712221,85.37
2.141618716343218,15.229072211712221,85.37
2.1735038585220248,15.229072211712221,85.37
2.2053890007008317,15.229072211712221,85.37
2.237274142879639,15.229072211712221,85.37
2.2691592850584463,15.229072211712221,85.37
2.3010444272372537,15.229072211712221,85.37
2.332929569416061,15.229072211712221,85.37
2.3648147115948683,15.229072211712221,85.37
2.3966998537736752,15.229072211712221,85.37
2.428584995952482,15.229072211712221,85.37
2.4604701381312895,15.229072211712221,85.37
2.492355280310097,15.229072211712221,85.37
2.524240422488904,15.229072211712221,85.37
2.5561255646677115,15.229072211712221,85.37
2.588010706846519,15.229072211712221,85.37
2.619895849025326,15.229072211712221,85.37
2.6517809912041326,15.229072211712221,85.37
2.68366613338294,15.229072211712221,85.37
2.7155512755617472,15.229072211712221,85.37
2.7474364177405546,15.229072211712221,85.37
2.779321559919362,15.229072211712221,85.37
2.8112067020981693,15.229072211712221,85.37
2.8430918442769766,15.229072211712221,85.37
2.874976986455783,15.229072211712221,85.37
2.9068621286345904,15.229072211712221,85.37
2.9387472708133977,15.229072211712221,85.37
0.4198210386876282,19.659429635504416,101.89999999999999
0.45170618086643544,19.659429635504416,101.89999999999999
0.48359132304524266,19.659429635504416,101.89999999999999
0.5154764652240499,19.659429635504416,101.89999999999999
0.5473616074028571,19.659429635504416,101.89999999999999
0.5792467495816642,19.659429635504416,97.94611953223817
0.6111318917604714,19.659429635504416,93.31324124372469
0.6430170339392787,19.659429635504416,88.91810630123332
0.6749021761180859,19.659429635504416,84.16388788494079
0.7067873182968931,19.659429635504416,78.3159707430984
0.7386724604757003,19.659429635504416,72.36779153035775
0.7705576026545076,19.659429635504416,67.71605341790057
0.8024427448333147,19.659429635504416,63.11643999192489
0.834327887012122,19.659429635504416,58.96229352481751
0.8662130291909291,19.659429635504416,55.42090876546734
0.8980981713697364,19.659429635504416,52.293884409831044
0.9299833135485436,19.659429635504416,49.48720860943033
0.9618684557273508,19.659429635504416,47.13686448264479
0.993753597906158,19.659429635504416,45.32074262052192
1.0256387400849651,19.659429635504416,43.769376038130446
1.0575238822637725,19.659429635504416,42.67057999308331
1.0894090244425796,19.659429635504416,42.33610068610885
1.1212941666213867,19.659429635504416,42.90390656925766
1.153179308800194,19.659429635504416,43.897408560758215
1.1850644509790014,19.659429635504416,45.94014454964479
1.2169495931578085,19.659429635504416,48.70010991549196
1.2488347353366156,19.659429635504416,50.69936126986527
1.280719877515423,19.659429635504416,53.057092320515835
1.31260501969423,19.659429635504416,55.05764929603776
1.3444901618730372,19.659429635504416,57.56802652335233
1.3763753040518445,19.659429635504416,-10324.31803396591
1.4082604462306518,19.659429635504416,61.29217144740486
1.440145588409459,19.659429635504416,64.57786731815642
1.472030730588266,19.659429635504416,68.83116919279709
1.5039158727670734,19.659429635504416,71.21563812569875
1.5358010149458805,19.659429635504416,73.20361839807349
1.5676861571246878,19.659429635504416,75.42197390428456
1.599571299303495,19.659429635504416,77.87913144753949
1.6314564414823023,19.659429635504416,80.48268046317783
1.6633415836611094,19.659429635504416,83.32009782771038
1.6952267258399167,19.659429635504416,86.26983403292708
1.7271118680187239,19.659429635504416,89.00511147563893
1.758997010197531,19.659429635504416,85.37
1.7908821523763383,19.659429635504416,85.37
1.8227672945551454,19.659429635504416,85.37
1.8546524367339527,19.659429635504416,85.37
1.8865375789127599,19.659429635504416,85.37
1.9184227210915672,19.659429635504416,85.37
1.9503078632703743,19.659429635504416,85.37
1.9821930054491814,19.659429635504416,85.37
2.0140781476279885,19.659429635504416,85.37
2.045963289806796,19.659429635504416,85.37
2.077848431985603,19.659429635504416,85.37
2.1097335741644105,19.659429635504416,85.37
2.141618716343218,19.659429635504416,85.37
2.1735038585220248,19.659429635504416,85.37
2.2053890007008317,19.659429635504416,85.37
2.237274142879639,19.659429635504416,85.37
2.2691592850584463,19.659429635504416,85.37
2.3010444272372537,19.659429635504416,85.37
2.332929569416061,19.659429635504416,85.37
2.3648147115948683,19.659429635504416,85.37
2.3966998537736752,19.659429635504416,85.37
2.428584995952482,19.659429635504416,85.37
2.4604701381312895,19.659429635504416,85.37
2.492355280310097,19.659429635504416,85.37
2.524240422488904,19.659429635504416,85.37
2.5561255646677115,19.659429635504416,85.37
2.588010706846519,19.659429635504416,85.37
2.619895849025326,19.659429635504416,85.37
2.6517809912041326,19.659429635504416,85.37
2.68366613338294,19.659429635504416,85.37
2.7155512755617472,19.659429635504416,85.37
2.7474364177405546,19.659429635504416,85.37
2.779321559919362,19.659429635504416,85.37
2.8112067020981693,19.659429635504416,85.37
2.8430918442769766,19.659429635504416,85.37
2.874976986455783,19.659429635504416,85.37
2.9068621286345904,19.659429635504416,85.37
2.9387472708133977,19.659429635504416,85.37
0.4198210386876282,24.08978705929661,101.89999999999999
0.45170618086643544,24.08978705929661,101.89999999999999
0.48359132304524266,24.08978705929661,101.89999999999999
0.5154764652240499,24.08978705929661,101.89999999999999
0.5473616074028571,24.08978705929661,102.11799868707905
0.5792467495816642,24.08978705929661,95.24190352626871
0.6111318917604714,24.08978705929661,89.79397432405543
0.6430170339392787,24.08978705929661,86.30971695695865
0.6749021761180859,24.08978705929661,80.77309725114635
0.7067873182968931,24.08978705929661,76.58868159865732
0.7386724604757003,24.08978705929661,70.30304743319046
0.7705576026545076,24.08978705929661,66.39139718646871
0.8024427448333147,24.08978705929661,61.80642728525581
0.834327887012122,24.08978705929661,57.897475053467645
0.8662130291909291,24.08978705929661,54.68161478576461
0.8980981713697364,24.08978705929661,51.79926041167685
0.9299833135485436,24.08978705929661,49.040877603829344
0.9618684557273508,24.08978705929661,46.83638455289177
0.993753597906158,24.08978705929661,45.17848445310968
1.0256387400849651,24.08978705929661,43.68686970853183
1.0575238822637725,24.08978705929661,42.59949311730358
1.0894090244425796,24.08978705929661,42.220508886231926
1.1212941666213867,24.08978705929661,42.76257495266963
1.153179308800194,24.08978705929661,43.437860560520704
1.1850644509790014,24.08978705929661,45.08325864071189
1.2169495931578085,24.08978705929661,47.51838896843098
1.2488347353366156,24.08978705929661,49.29187687880315
1.280719877515423,24.08978705929661,51.42746646059248
1.31260501969423,24.08978705929661,53.31601216783375
1.3444901618730372,24.08978705929661,56.25972132951696
1.3763753040518445,24.08978705929661,-20171.399257268913
1.4082604462306518,24.08978705929661,60.214342342706566
1.440145588409459,24.08978705929661,61.95434377935966
1.472030730588266,24.08978705929661,66.57775877389949
1.5039158727670734,24.08978705929661,68.86623897652458
1.5358010149458805,24.08978705929661,70.84317695543206
1.5676861571246878,24.08978705929661,73.01923715766587
1.599571299303495,24.08978705929661,75.37407539341302
1.6314564414823023,24.08978705929661,78.17081568932643
1.6633415836611094,24.08978705929661,81.36147982813449
1.6952267258399167,24.08978705929661,84.37784190963775
1.7271118680187239,24.08978705929661,87.22058301499469
1.758997010197531,24.08978705929661,89.89038422536373
1.7908821523763383,24.08978705929661,92.3224335858843
1.8227672945551454,24.08978705929661,94.3329666503639
1.8546524367339527,24.08978705929661,85.37
1.8865375789127599,24.08978705929661,85.37
1.9184227210915672,24.08978705929661,85.37
1.9503078632703743,24.08978705929661,85.37
1.9821930054491814,24.08978705929661,85.37
2.0140781476279885,24.08978705929661,85.37
2.045963289806796,24.08978705929661,85.37
2.077848431985603,24.08978705929661,85.37
2.1097335741644105,24.08978705929661,85.37
2.141618716343218,24.08978705929661,85.37
2.1735038585220248,24.08978705929661,85.37
2.2053890007008317,24.08978705929661,85.37
2.237274142879639,24.08978705929661,85.37
2.2691592850584463,24.08978705929661,85.37
2.3010444272372537,24.08978705929661,85.37
2.332929569416061,24.08978705929661,85.37
2.3648147115948683,24.08978705929661,85.37
2.3966998537736752,24.08978705929661,85.37
2.428584995952482,24.08978705929661,85.37
2.4604701381312895,24.08978705929661,85.37
2.492355280310097,24.08978705929661,85.37
2.524240422488904,24.08978705929661,85.37
2.5561255646677115,24.08978705929661,85.37
2.588010706846519,24.08978705929661,85.37
2.619895849025326,24.08978705929661,85.37
2.6517809912041326,24.08978705929661,85.37
2.68366613338294,24.08978705929661,85.37
2.7155512755617472,24.08978705929661,85.37
2.7474364177405546,24.08978705929661,85.37
2.779321559919362,24.08978705929661,85.37
2.8112067020981693,24.08978705929661,85.37
2.8430918442769766,24.08978705929661,85.37
2.874976986455783,24.08978705929661,85.37
2.9068621286345904,24.08978705929661,85.37
2.9387472708133977,24.08978705929661,85.37
0.4198210386876282,28.520144483088803,101.89999999999999
0.45170618086643544,28.520144483088803,101.89999999999999
0.48359132304524266,28.520144483088803,101.89999999999999
0.5154764652240499,28.520144483088803,101.89999999999999
0.5473616074028571,28.520144483088803,98.3967164448823
0.5792467495816642,28.520144483088803,92.65048046912614
0.6111318917604714,28.520144483088803,85.31893082445713
0.6430170339392787,28.520144483088803,83.797686439289
0.6749021761180859,28.520144483088803,76.64159781618116
0.7067873182968931,28.520144483088803,74.56105886284719
0.7386724604757003,28.520144483088803,68.3421069770924
0.7705576026545076,28.520144483088803,64.30249997810355
0.8024427448333147,28.520144483088803,60.72028804159257
0.834327887012122,28.520144483088803,57.308875959516655
0.8662130291909291,28.520144483088803,53.538180963264296
0.8980981713697364,28.520144483088803,51.169595594286264
0.9299833135485436,28.520144483088803,48.5429739996479
0.9618684557273508,28.520144483088803,46.4443858951056
0.993753597906158,28.520144483088803,44.96315365191457
1.0256387400849651,28.520144483088803,43.61215401165537
1.0575238822637725,28.520144483088803,42.50859890896138
1.0894090244425796,28.520144483088803,42.07156917894911
1.1212941666213867,28.520144483088803,42.507353630162214
1.153179308800194,28.520144483088803,42.992924834145995
1.1850644509790014,28.520144483088803,44.47877407881345
1.2169495931578085,28.520144483088803,46.13745817834164
1.2488347353366156,28.520144483088803,47.46728612457569
1.280719877515423,28.520144483088803,49.31658152756897
1.31260501969423,28.520144483088803,51.07630944192282
1.3444901618730372,28.520144483088803,54.157023879158714
1.3763753040518445,28.520144483088803,-23940.871070286157
1.4082604462306518,28.520144483088803,58.22287620547349
1.440145588409459,28.520144483088803,58.3217558427967
1.472030730588266,28.520144483088803,63.24234994578846
1.5039158727670734,28.520144483088803,65.44310098830503
1.5358010149458805,28.520144483088803,67.31637366159538
1.5676861571246878,28.520144483088803,69.36486665399617
1.599571299303495,28.520144483088803,71.93367121769155
1.6314564414823023,28.520144483088803,75.19270696546678
1.6633415836611094,28.520144483088803,78.32442808937168
1.6952267258399167,28.520144483088803,81.31476623950306
1.7271118680187239,28.520144483088803,84.16440249701937
1.758997010197531,28.520144483088803,86.87401794307904
1.7908821523763383,28.520144483088803,89.4442936588406
1.8227672945551454,28.520144483088803,91.86924535797854
1.8546524367339527,28.520144483088803,94.00915589825713
1.8865375789127599,28.520144483088803,95.76378316580423
1.9184227210915672,28.520144483088803,97.07464912836537
1.9503078632703743,28.520144483088803,85.37
1.9821930054491814,28.520144483088803,85.37
2.0140781476279885,28.520144483088803,85.37
2.045963289806796,28.520144483088803,85.37
2.077848431985603,28.520144483088803,85.37
2.1097335741644105,28.520144483088803,85.37
2.141618716343218,28.520144483088803,85.37
2.1735038585220248,28.520144483088803,85.37
2.2053890007008317,28.520144483088803,85.37
2.237274142879639,28.520144483088803,85.37
2.2691592850584463,28.520144483088803,85.37
2.3010444272372537,28.520144483088803,85.37
2.332929569416061,28.520144483088803,85.37
2.3648147115948683,28.520144483088803,85.37
2.3966998537736752,28.520144483088803,85.37
2.428584995952482,28.520144483088803,85.37
2.4604701381312895,28.520144483088803,85.37
2.492355280310097,28.520144483088803,85.37
2.524240422488904,28.520144483088803,85.37
2.5561255646677115,28.520144483088803,85.37
2.588010706846519,28.520144483088803,85.37
2.619895849025326,28.520144483088803,85.37
2.6517809912041326,28.520144483088803,85.37
2.68366613338294,28.520144483088803,85.37
2.7155512755617472,28.520144483088803,85.37
2.7474364177405546,28.520144483088803,85.37
2.779321559919362,28.520144483088803,85.37
2.8112067020981693,28.520144483088803,85.37
2.8430918442769766,28.520144483088803,85.37
2.874976986455783,28.520144483088803,85.37
2.9068621286345904,28.520144483088803,85.37
2.9387472708133977,28.520144483088803,85.37
0.4198210386876282,32.950501906881,101.89999999999999
0.45170618086643544,32.950501906881,101.89999999999999
0.48359132304524266,32.950501906881,101.89999999999999
0.5154764652240499,32.950501906881,101.89999999999999
0.5473616074028571,32.950501906881,93.74348356292735
0.5792467495816642,32.950501906881,88.02959008700337
0.6111318917604714,32.950501906881,80.94678643774994
0.6430170339392787,32.950501906881,80.32528295088987
0.6749021761180859,32.950501906881,72.72500712305506
0.7067873182968931,32.950501906881,71.12596070151521
0.7386724604757003,32.950501906881,66.63221175581239
0.7705576026545076,32.950501906881,62.001734856819255
0.8024427448333147,32.950501906881,59.36174911596353
0.834327887012122,32.950501906881,55.54982056841742
0.8662130291909291,32.950501906881,53.020522102120026
0.8980981713697364,32.950501906881,50.38538756766531
0.9299833135485436,32.950501906881,48.16872824352379
0.9618684557273508,32.950501906881,46.048433482717165
0.993753597906158,32.950501906881,44.70858141588192
1.0256387400849651,32.950501906881,43.48811716670038
1.0575238822637725,32.950501906881,42.42782333455305
1.0894090244425796,32.950501906881,41.91183207933212
1.1212941666213867,32.950501906881,42.1800691161557
1.153179308800194,32.950501906881,42.655954375956405
1.1850644509790014,32.950501906881,43.85389379674748
1.2169495931578085,32.950501906881,45.11805398264461
1.2488347353366156,32.950501906881,45.76879747266902
1.280719877515423,32.950501906881,47.16015267457728
1.31260501969423,32.950501906881,48.65446113959358
1.3444901618730372,32.950501906881,51.60384405059004
1.3763753040518445,32.950501906881,-22450.470491172095
1.4082604462306518,32.950501906881,55.52501556602753
1.440145588409459,32.950501906881,54.86764005847115
1.472030730588266,32.950501906881,59.3377663351909
1.5039158727670734,32.950501906881,61.384260597115805
1.5358010149458805,32.950501906881,63.13949498768679
1.5676861571246878,32.950501906881,65.29736237470652
1.599571299303495,32.950501906881,68.41609887789988
1.6314564414823023,32.950501906881,71.50537215064399
1.6633415836611094,32.950501906881,74.48550045198728
1.6952267258399167,32.950501906881,77.3571648630883
1.7271118680187239,32.950501906881,80.12104646510547
1.758997010197531,32.950501906881,82.77782633919733
1.7908821523763383,32.950501906881,85.32818556652228
1.8227672945551454,32.950501906881,87.77280522823884
1.8546524367339527,32.950501906881,90.11236640550548
1.8865375789127599,32.950501906881,92.30125564066047
1.9184227210915672,32.950501906881,94.20841781354272
1.9503078632703743,32.950501906881,95.77237772832892
1.9821930054491814,32.950501906881,96.93465735276435
2.0140781476279885,32.950501906881,97.63677865459428
2.045963289806796,32.950501906881,85.37
2.077848431985603,32.950501906881,85.37
2.1097335741644105,32.950501906881,85.37
2.141618716343218,32.950501906881,85.37
2.1735038585220248,32.950501906881,85.37
2.2053890007008317,32.950501906881,85.37
2.237274142879639,32.950501906881,85.37
2.2691592850584463,32.950501906881,85.37
2.3010444272372537,32.950501906881,85.37
2.332929569416061,32.950501906881,85.37
2.3648147115948683,32.950501906881,85.37
2.3966998537736752,32.950501906881,85.37
2.428584995952482,32.950501906881,85.37
2.4604701381312895,32.950501906881,85.37
2.492355280310097,32.950501906881,85.37
2.524240422488904,32.950501906881,85.37
2.5561255646677115,32.950501906881,85.37
2.588010706846519,32.950501906881,85.37
2.619895849025326,32.950501906881,85.37
2.6517809912041326,32.950501906881,85.37
2.68366613338294,32.950501906881,85.37
2.7155512755617472,32.950501906881,85.37
2.7474364177405546,32.950501906881,85.37
2.779321559919362,32.950501906881,85.37
2.8112067020981693,32.950501906881,85.37
2.8430918442769766,32.950501906881,85.37
2.874976986455783,32.950501906881,85.37
2.9068621286345904,32.950501906881,85.37
2.9387472708133977,32.950501906881,85.37
0.4198210386876282,37.380859330673196,76.56
0.45170618086643544,37.380859330673196,76.56
0.48359132304524266,37.380859330673196,76.56
0.5154764652240499,37.380859330673196,100.0635993744661
0.5473616074028571,37.380859330673196,88.79219233706696
0.5792467495816642,37.380859330673196,82.7920651696983
0.6111318917604714,37.380859330673196,77.22194194623249
0.6430170339392787,37.380859330673196,76.1173434665952
0.6749021761180859,37.380859330673196,69.2615023224996
0.7067873182968931,37.380859330673196,67.33544232220142
0.7386724604757003,37.380859330673196,64.09305300691973
0.7705576026545076,37.380859330673196,60.74443276005849
0.8024427448333147,37.380859330673196,57.50921894101818
0.834327887012122,37.380859330673196,53.8748881309661
0.8662130291909291,37.380859330673196,51.99901375484418
0.8980981713697364,37.380859330673196,49.50458743307424
0.9299833135485436,37.380859330673196,47.68606717813728
0.9618684557273508,37.380859330673196,45.70160935544703
0.993753597906158,37.380859330673196,44.44859894395714
1.0256387400849651,37.380859330673196,43.33114759886668
1.0575238822637725,37.380859330673196,42.36847419308418
1.0894090244425796,37.380859330673196,41.76247257602376
1.1212941666213867,37.380859330673196,41.82546996951803
1.153179308800194,37.380859330673196,42.19476902940852
1.1850644509790014,37.380859330673196,42.79112153465444
1.2169495931578085,37.380859330673196,44.14114703694933
1.2488347353366156,37.380859330673196,44.54622335533795
1.280719877515423,37.380859330673196,45.247679368537106
1.31260501969423,37.380859330673196,46.36638728213462
1.3444901618730372,37.380859330673196,48.94409172212338
1.3763753040518445,37.380859330673196,-17424.039522540872
1.4082604462306518,37.380859330673196,52.50684233043554
1.440145588409459,37.380859330673196,52.74093922860136
1.472030730588266,37.380859330673196,55.37683156883358
1.5039158727670734,37.380859330673196,57.206681058059246
1.5358010149458805,37.380859330673196,58.92577305223706
1.5676861571246878,37.380859330673196,61.684238998409825
1.599571299303495,37.380859330673196,64.57325752643052
1.6314564414823023,37.380859330673196,67.3853690854233
1.6633415836611094,37.380859330673196,70.12125475654653
1.6952267258399167,37.380859330673196,72.78159562095873
1.7271118680187239,37.380859330673196,75.3670727598184
1.758997010197531,37.380859330673196,77.8783672542839
1.7908821523763383,37.380859330673196,80.31616018551385
1.8227672945551454,37.380859330673196,82.68113263466661
1.8546524367339527,37.380859330673196,84.97396568290071
1.8865375789127599,37.380859330673196,87.19534041137459
1.9184227210915672,37.380859330673196,89.34141102200543
1.9503078632703743,37.380859330673196,91.32370648286903
1.9821930054491814,37.380859330673196,93.06335873252652
2.0140781476279885,37.380859330673196,94.50188973872322
2.045963289806796,37.380859330673196,95.58082146920445
2.077848431985603,37.380859330673196,96.24167589171553
2.1097335741644105,37.380859330673196,48.17
2.141618716343218,37.380859330673196,48.17
2.1735038585220248,37.380859330673196,48.17
2.2053890007008317,37.380859330673196,48.17
2.237274142879639,37.380859330673196,48.17
2.2691592850584463,37.380859330673196,48.17
2.3010444272372537,37.380859330673196,48.17
2.332929569416061,37.380859330673196,48.17
2.3648147115948683,37.380859330673196,48.17
2.3966998537736752,37.380859330673196,48.17
2.428584995952482,37.380859330673196,48.17
2.4604701381312895,37.380859330673196,48.17
2.492355280310097,37.380859330673196,48.17
2.524240422488904,37.380859330673196,48.17
2.5561255646677115,37.380859330673196,48.17
2.588010706846519,37.380859330673196,48.17
2.619895849025326,37.380859330673196,48.17
2.6517809912041326,37.380859330673196,48.17
2.68366613338294,37.380859330673196,48.17
2.7155512755617472,37.380859330673196,48.17
2.7474364177405546,37.380859330673196,48.17
2.779321559919362,37.380859330673196,48.17
2.8112067020981693,37.380859330673196,48.17
2.8430918442769766,37.380859330673196,48.17
2.874976986455783,37.380859330673196,48.17
2.9068621286345904,37.380859330673196,48.17
2.9387472708133977,37.380859330673196,48.17
0.4198210386876282,41.81121675446539,76.56
0.45170618086643544,41.81121675446539,76.56
0.48359132304524266,41.81121675446539,76.56
0.5154764652240499,41.81121675446539,96.50419160126557
0.5473616074028571,41.81121675446539,84.15959391156017
0.5792467495816642,41.81121675446539,78.38355796122592
0.6111318917604714,41.81121675446539,74.68264094474684
0.6430170339392787,41.81121675446539,71.86302639955571
0.6749021761180859,41.81121675446539,66.47983186410742
0.7067873182968931,41.81121675446539,63.96336346888905
0.7386724604757003,41.81121675446539,61.168843624105385
0.7705576026545076,41.81121675446539,58.67835019440496
0.8024427448333147,41.81121675446539,55.506726631056914
0.834327887012122,41.81121675446539,52.51577472818578
0.8662130291909291,41.81121675446539,50.68612970180335
0.8980981713697364,41.81121675446539,48.64645656041536
0.9299833135485436,41.81121675446539,47.06763954168031
0.9618684557273508,41.81121675446539,45.46295003354438
0.993753597906158,41.81121675446539,44.21703743508558
1.0256387400849651,41.81121675446539,43.168115260193055
1.0575238822637725,41.81121675446539,42.290732482496686
1.0894090244425796,41.81121675446539,41.64483068826007
1.1212941666213867,41.81121675446539,41.48834044956532
1.153179308800194,41.81121675446539,41.66505327746344
1.1850644509790014,41.81121675446539,41.674128073812454
1.2169495931578085,41.81121675446539,42.89029902802285
1.2488347353366156,41.81121675446539,43.50058753186102
1.280719877515423,41.81121675446539,43.916521542413015
1.31260501969423,41.81121675446539,44.52800789083454
1.3444901618730372,41.81121675446539,46.521676772071245
1.3763753040518445,41.81121675446539,-10524.14824921614
1.4082604462306518,41.81121675446539,49.557126495167964
1.440145588409459,41.81121675446539,50.62864144321106
1.472030730588266,41.81121675446539,51.87236927344337
1.5039158727670734,41.81121675446539,53.47878582741052
1.5358010149458805,41.81121675446539,55.64971075997251
1.5676861571246878,41.81121675446539,58.18066764970739
1.599571299303495,41.81121675446539,60.66695557278706
1.6314564414823023,41.81121675446539,63.10925561037005
1.6633415836611094,41.81121675446539,65.50824884361474
1.6952267258399167,41.81121675446539,67.86461635367971
1.7271118680187239,41.81121675446539,70.17903922172333
1.758997010197531,41.81121675446539,72.45219852890415
1.7908821523763383,41.81121675446539,74.68477535638057
1.8227672945551454,41.81121675446539,76.87745078531104
1.8546524367339527,41.81121675446539,79.03090589685416
1.8865375789127599,41.81121675446539,81.14582177216825
1.9184227210915672,41.81121675446539,83.22287949241189
1.9503078632703743,41.81121675446539,85.26276013874346
1.9821930054491814,41.81121675446539,87.24179431821464
2.0140781476279885,41.81121675446539,89.07973728538961
2.045963289806796,41.81121675446539,90.71711805599384
2.077848431985603,41.81121675446539,92.09545859777255
2.1097335741644105,41.81121675446539,93.15628087847105
2.141618716343218,41.81121675446539,93.84110686583475
2.1735038585220248,41.81121675446539,94.09145852760886
2.2053890007008317,41.81121675446539,48.17
2.237274142879639,41.81121675446539,48.17
2.2691592850584463,41.81121675446539,48.17
2.3010444272372537,41.81121675446539,48.17
2.332929569416061,41.81121675446539,48.17
2.3648147115948683,41.81121675446539,48.17
2.3966998537736752,41.81121675446539,48.17
2.428584995952482,41.81121675446539,48.17
2.4604701381312895,41.81121675446539,48.17
2.492355280310097,41.81121675446539,48.17
2.524240422488904,41.81121675446539,48.17
2.5561255646677115,41.81121675446539,48.17
2.588010706846519,41.81121675446539,48.17
2.619895849025326,41.81121675446539,48.17
2.6517809912041326,41.81121675446539,48.17
2.68366613338294,41.81121675446539,48.17
2.7155512755617472,41.81121675446539,48.17
2.7474364177405546,41.81121675446539,48.17
2.779321559919362,41.81121675446539,48.17
2.8112067020981693,41.81121675446539,48.17
2.8430918442769766,41.81121675446539,48.17
2.874976986455783,41.81121675446539,48.17
2.9068621286345904,41.81121675446539,48.17
2.9387472708133977,41.81121675446539,48.17
0.4198210386876282,46.241574178257586,76.56
0.45170618086643544,46.241574178257586,76.56
0.48359132304524266,46.241574178257586,76.56
0.5154764652240499,46.241574178257586,90.90989090314447
0.5473616074028571,46.241574178257586,80.46243943066602
0.5792467495816642,46.241574178257586,75.38517866747976
0.6111318917604714,46.241574178257586,72.0814194551861
0.6430170339392787,46.241574178257586,68.43545991654376
0.6749021761180859,46.241574178257586,64.60874419747113
0.7067873182968931,46.241574178257586,61.493814974711796
0.7386724604757003,46.241574178257586,58.694483386110875
0.7705576026545076,46.241574178257586,56.437369873416905
0.8024427448333147,46.241574178257586,53.839494304001164
0.834327887012122,46.241574178257586,51.487805622897305
0.8662130291909291,46.241574178257586,49.59000508472251
0.8980981713697364,46.241574178257586,47.93712900394543
0.9299833135485436,46.241574178257586,46.517049233072164
0.9618684557273508,46.241574178257586,45.21939009222592
0.993753597906158,46.241574178257586,44.047728088212615
1.0256387400849651,46.241574178257586,43.03284739031276
1.0575238822637725,46.241574178257586,42.204490272102085
1.0894090244425796,46.241574178257586,41.583039738923176
1.1212941666213867,46.241574178257586,41.21346481561366
1.153179308800194,46.241574178257586,41.216478656742105
1.1850644509790014,46.241574178257586,41.27512621684505
1.2169495931578085,46.241574178257586,41.7145613977715
1.2488347353366156,46.241574178257586,42.21132362437605
1.280719877515423,46.241574178257586,42.95919110855796
1.31260501969423,46.241574178257586,43.43329641405523
1.3444901618730372,46.241574178257586,44.68050907874605
1.3763753040518445,46.241574178257586,-3515.945912252791
1.4082604462306518,46.241574178257586,47.06463805669529
1.440145588409459,46.241574178257586,48.18907174842396
1.472030730588266,46.241574178257586,49.337203075747134
1.5039158727670734,46.241574178257586,50.96509759556389
1.5358010149458805,46.241574178257586,52.98018595345042
1.5676861571246878,46.241574178257586,54.98284334705456
1.599571299303495,46.241574178257586,56.97375085753478
1.6314564414823023,46.241574178257586,58.95358956604954
1.6633415836611094,46.241574178257586,60.923040553757254
1.6952267258399167,46.241574178257586,62.88278490181647
1.7271118680187239,46.241574178257586,64.8335036913856
1.758997010197531,46.241574178257586,66.7758780036232
1.7908821523763383,46.241574178257586,68.71058891968765
1.8227672945551454,46.241574178257586,70.63831752073747
1.8546524367339527,46.241574178257586,72.55974488793113
1.8865375789127599,46.241574178257586,74.47555210242702
1.9184227210915672,46.241574178257586,76.38642024538372
1.9503078632703743,46.241574178257586,78.29303039795963
1.9821930054491814,46.241574178257586,80.19606364131324
2.0140781476279885,46.241574178257586,82.094826464011
2.045963289806796,46.241574178257586,83.95365853134969
2.077848431985603,46.241574178257586,85.7124874490076
2.1097335741644105,46.241574178257586,87.31283518473
2.141618716343218,46.241574178257586,88.6962237062622
2.1735038585220248,46.241574178257586,89.8041749813495
2.2053890007008317,46.241574178257586,90.57821097773729
2.237274142879639,46.241574178257586,90.9598536631708
2.2691592850584463,46.241574178257586,90.89062500539542
2.3010444272372537,46.241574178257586,48.17
2.332929569416061,46.241574178257586,48.17
2.3648147115948683,46.241574178257586,48.17
2.3966998537736752,46.241574178257586,48.17
2.428584995952482,46.241574178257586,48.17
2.4604701381312895,46.241574178257586,48.17
2.492355280310097,46.241574178257586,48.17
2.524240422488904,46.241574178257586,48.17
2.5561255646677115,46.241574178257586,48.17
2.588010706846519,46.241574178257586,48.17
2.619895849025326,46.241574178257586,48.17
2.6517809912041326,46.241574178257586,48.17
2.68366613338294,46.241574178257586,48.17
2.7155512755617472,46.241574178257586,48.17
2.7474364177405546,46.241574178257586,48.17
2.779321559919362,46.241574178257586,48.17
2.8112067020981693,46.241574178257586,48.17
2.8430918442769766,46.241574178257586,48.17
2.874976986455783,46.241574178257586,48.17
2.9068621286345904,46.241574178257586,48.17
2.9387472708133977,46.241574178257586,48.17
0.4198210386876282,50.67193160204978,76.56
0.45170618086643544,50.67193160204978,76.56
0.48359132304524266,50.67193160204978,93.8213184922518
0.5154764652240499,50.67193160204978,85.6751457469387
0.5473616074028571,50.67193160204978,78.31608433450906
0.5792467495816642,50.67193160204978,74.20123268494739
0.6111318917604714,50.67193160204978,70.43349703015177
0.6430170339392787,50.67193160204978,66.92318400080096
0.6749021761180859,50.67193160204978,63.6764519105354
0.7067873182968931,50.67193160204978,60.46493274611407
0.7386724604757003,50.67193160204978,57.57462258930499
0.7705576026545076,50.67193160204978,55.42346637597281
0.8024427448333147,50.67193160204978,53.08920336870858
0.834327887012122,50.67193160204978,51.014105722514486
0.8662130291909291,50.67193160204978,49.19228028826913
0.8980981713697364,50.67193160204978,47.61667982485906
0.9299833135485436,50.67193160204978,46.27023864721993
0.9618684557273508,50.67193160204978,45.04778857279254
0.993753597906158,50.67193160204978,43.974551352640795
1.0256387400849651,50.67193160204978,42.97230046280776
1.0575238822637725,50.67193160204978,42.16415728142876
1.0894090244425796,50.67193160204978,41.54594500097445
1.1212941666213867,50.67193160204978,41.08135753535536
1.153179308800194,50.67193160204978,41.016962944376125
1.1850644509790014,50.67193160204978,41.03466119912518
1.2169495931578085,50.67193160204978,41.17663418883394
1.2488347353366156,50.67193160204978,41.58279357658144
1.280719877515423,50.67193160204978,42.225853460507544
1.31260501969423,50.67193160204978,42.95226191291332
1.3444901618730372,50.67193160204978,43.78861115302472
1.3763753040518445,50.67193160204978,31.18053509538589
1.4082604462306518,50.67193160204978,45.8119210503328
1.440145588409459,50.67193160204978,47.00822602256646
1.472030730588266,50.67193160204978,48.28298293815998
1.5039158727670734,50.67193160204978,49.6243958706357
1.5358010149458805,50.67193160204978,50.985625902704655
1.5676861571246878,50.67193160204978,52.368786160743326
1.599571299303495,50.67193160204978,53.77525594319612
1.6314564414823023,50.67193160204978,55.205258093657406
1.6633415836611094,50.67193160204978,56.65901545572144
1.6952267258399167,50.67193160204978,58.13675087298265
1.7271118680187239,50.67193160204978,59.638687189035274
1.758997010197531,50.67193160204978,61.16504724747369
1.7908821523763383,50.67193160204978,62.716053891892265
1.8227672945551454,50.67193160204978,64.2919299658853
1.8546524367339527,50.67193160204978,65.89289831304704
1.8865375789127599,50.67193160204978,67.51918177697196
1.9184227210915672,50.67193160204978,69.17100320125435
1.9503078632703743,50.67193160204978,70.84858542948845
1.9821930054491814,50.67193160204978,72.55215130526874
2.0140781476279885,50.67193160204978,74.28192367218941
2.045963289806796,50.67193160204978,76.03812537384488
2.077848431985603,50.67193160204978,77.82097925382948
2.1097335741644105,50.67193160204978,79.62014306219602
2.141618716343218,50.67193160204978,81.36509637450827
2.1735038585220248,50.67193160204978,82.99364951952033
2.2053890007008317,50.67193160204978,84.44732446497751
2.237274142879639,50.67193160204978,85.66764317862513
2.2691592850584463,50.67193160204978,86.59612762820852
2.3010444272372537,50.67193160204978,87.17429978147294
2.332929569416061,50.67193160204978,87.34368160616373
2.3648147115948683,50.67193160204978,87.04579507002619
2.3966998537736752,50.67193160204978,48.17
2.428584995952482,50.67193160204978,48.17
2.4604701381312895,50.67193160204978,48.17
2.492355280310097,50.67193160204978,48.17
2.524240422488904,50.67193160204978,48.17
2.5561255646677115,50.67193160204978,48.17
2.588010706846519,50.67193160204978,48.17
2.619895849025326,50.67193160204978,48.17
2.6517809912041326,50.67193160204978,48.17
2.68366613338294,50.67193160204978,48.17
2.7155512755617472,50.67193160204978,48.17
2.7474364177405546,50.67193160204978,48.17
2.779321559919362,50.67193160204978,48.17
2.8112067020981693,50.67193160204978,48.17
2.8430918442769766,50.67193160204978,48.17
2.874976986455783,50.67193160204978,48.17
2.9068621286345904,50.67193160204978,48.17
2.9387472708133977,50.67193160204978,48.17
0.4198210386876282,55.10228902584197,76.56
0.45170618086643544,55.10228902584197,76.56
0.48359132304524266,55.10228902584197,91.19262524574066
0.5154764652240499,55.10228902584197,81.99882823759386
0.5473616074028571,55.10228902584197,77.79945311133538
0.5792467495816642,55.10228902584197,73.76148937945746
0.6111318917604714,55.10228902584197,70.0757254830806
0.6430170339392787,55.10228902584197,66.59772365674057
0.6749021761180859,55.10228902584197,63.47146856618513
0.7067873182968931,55.10228902584197,60.23023757378688
0.7386724604757003,55.10228902584197,57.36964767891039
0.7705576026545076,55.10228902584197,55.24793257206051
0.8024427448333147,55.10228902584197,52.978536096176306
0.834327887012122,55.10228902584197,50.93193575836995
0.8662130291909291,55.10228902584197,49.12889963784851
0.8980981713697364,55.10228902584197,47.59383013695628
0.9299833135485436,55.10228902584197,46.26388199328563
0.9618684557273508,55.10228902584197,45.05330343784436
0.993753597906158,55.10228902584197,43.997935677247284
1.0256387400849651,55.10228902584197,43.01260821387567
1.0575238822637725,55.10228902584197,42.22133344438433
1.0894090244425796,55.10228902584197,41.6027867567009
1.1212941666213867,55.10228902584197,41.11539604153943
1.153179308800194,55.10228902584197,41.05642639629247
1.1850644509790014,55.10228902584197,41.07202680334562
1.2169495931578085,55.10228902584197,41.202719813662824
1.2488347353366156,55.10228902584197,41.57475709360839
1.280719877515423,55.10228902584197,42.2081253141531
1.31260501969423,55.10228902584197,42.87849358453542
1.3444901618730372,55.10228902584197,43.704726280632755
1.3763753040518445,55.10228902584197,44.65734488917343
1.4082604462306518,55.10228902584197,45.63673045438011
1.440145588409459,55.10228902584197,46.691045775048806
1.472030730588266,55.10228902584197,48.08140310572032
1.5039158727670734,55.10228902584197,49.174793053425304
1.5358010149458805,55.10228902584197,50.3468468477174
1.5676861571246878,55.10228902584197,51.48882507164992
1.599571299303495,55.10228902584197,52.38448663455223
1.6314564414823023,55.10228902584197,53.55420244634931
1.6633415836611094,55.10228902584197,54.81807821955589
1.6952267258399167,55.10228902584197,55.61902456767876
1.7271118680187239,55.10228902584197,56.54000115314517
1.758997010197531,55.10228902584197,57.50869882021303
1.7908821523763383,55.10228902584197,58.52534041247668
1.8227672945551454,55.10228902584197,59.59014877353051
1.8546524367339527,55.10228902584197,60.70334674696883
1.8865375789127599,55.10228902584197,61.86515717638593
1.9184227210915672,55.10228902584197,63.0758029053762
1.9503078632703743,55.10228902584197,64.33550677753394
1.9821930054491814,55.10228902584197,65.64449163645348
2.0140781476279885,55.10228902584197,67.00298032572911
2.045963289806796,55.10228902584197,68.41119568895526
2.077848431985603,55.10228902584197,69.86936056972623
2.1097335741644105,55.10228902584197,71.3776978116363
2.141618716343218,55.10228902584197,72.93643025827983
2.1735038585220248,55.10228902584197,74.5457807532512
2.2053890007008317,55.10228902584197,76.20597214014461
2.237274142879639,55.10228902584197,77.90270046115026
2.2691592850584463,55.10228902584197,79.49190027470392
2.3010444272372537,55.10228902584197,80.88982487108333
2.332929569416061,55.10228902584197,82.03799621803378
2.3648147115948683,55.10228902584197,82.87793628330056
2.3966998537736752,55.10228902584197,83.35116703462904
2.428584995952482,55.10228902584197,83.39921043976452
2.4604701381312895,55.10228902584197,82.96358846645232
2.492355280310097,55.10228902584197,48.17
2.524240422488904,55.10228902584197,48.17
2.5561255646677115,55.10228902584197,48.17
2.588010706846519,55.10228902584197,48.17
2.619895849025326,55.10228902584197,48.17
2.6517809912041326,55.10228902584197,48.17
2.68366613338294,55.10228902584197,48.17
2.7155512755617472,55.10228902584197,48.17
2.7474364177405546,55.10228902584197,48.17
2.779321559919362,55.10228902584197,48.17
2.8112067020981693,55.10228902584197,48.17
2.8430918442769766,55.10228902584197,48.17
2.874976986455783,55.10228902584197,48.17
2.9068621286345904,55.10228902584197,48.17
2.9387472708133977,55.10228902584197,48.17
0.4198210386876282,59.532646449634164,76.56
0.45170618086643544,59.532646449634164,76.56
0.48359132304524266,59.532646449634164,86.16842154478019
0.5154764652240499,59.532646449634164,80.51751962609902
0.5473616074028571,59.532646449634164,76.70662680065875
0.5792467495816642,59.532646449634164,73.04666035089451
0.6111318917604714,59.532646449634164,69.12828810449847
0.6430170339392787,59.532646449634164,65.7258246430135
0.6749021761180859,59.532646449634164,62.98022131377203
0.7067873182968931,59.532646449634164,59.64497576998725
0.7386724604757003,59.532646449634164,57.046875340251425
0.7705576026545076,59.532646449634164,54.797123680040315
0.8024427448333147,59.532646449634164,52.707176017189475
0.834327887012122,59.532646449634164,50.71691205347013
0.8662130291909291,59.532646449634164,48.980397811669654
0.8980981713697364,59.532646449634164,47.544848757663104
0.9299833135485436,59.532646449634164,46.25211425267376
0.9618684557273508,59.532646449634164,45.0771381211597
0.993753597906158,59.532646449634164,44.06715719113557
1.0256387400849651,59.532646449634164,43.110795016377395
1.0575238822637725,59.532646449634164,42.376117991578894
1.0894090244425796,59.532646449634164,41.745793483593566
1.1212941666213867,59.532646449634164,41.23048871588835
1.153179308800194,59.532646449634164,41.108951029920824
1.1850644509790014,59.532646449634164,41.16642922049391
1.2169495931578085,59.532646449634164,41.27043899133614
1.2488347353366156,59.532646449634164,41.57192174415766
1.280719877515423,59.532646449634164,42.16967412202279
1.31260501969423,59.532646449634164,42.68537215655201
1.3444901618730372,59.532646449634164,43.48321423023938
1.3763753040518445,59.532646449634164,44.43741097725327
1.4082604462306518,59.532646449634164,45.379105785315396
1.440145588409459,59.532646449634164,45.998549735144124
1.472030730588266,59.532646449634164,47.51273855657883
1.5039158727670734,59.532646449634164,48.3716580660351
1.5358010149458805,59.532646449634164,49.37272874993425
1.5676861571246878,59.532646449634164,50.428856916765994
1.599571299303495,59.532646449634164,51.43699958758002
1.6314564414823023,59.532646449634164,52.35881427770405
1.6633415836611094,59.532646449634164,53.254352492051844
1.6952267258399167,59.532646449634164,54.957205454361635
1.7271118680187239,59.532646449634164,55.04398483342038
1.758997010197531,59.532646449634164,55.289578265220804
1.7908821523763383,59.532646449634164,56.582511072344296
1.8227672945551454,59.532646449634164,58.08954652708362
1.8546524367339527,59.532646449634164,59.17125424881792
1.8865375789127599,59.532646449634164,60.24785509349149
1.9184227210915672,59.532646449634164,60.72996550555023
1.9503078632703743,59.532646449634164,60.91722443970795
1.9821930054491814,59.532646449634164,61.60667940791024
2.0140781476279885,59.532646449634164,62.368935545684366
2.045963289806796,59.532646449634164,63.204215696624665
2.077848431985603,59.532646449634164,64.11274270432546
2.1097335741644105,59.532646449634164,65.09473941238106
2.141618716343218,59.532646449634164,66.1504286643858
2.1735038585220248,59.532646449634164,67.28003330393412
2.2053890007008317,59.532646449634164,68.48377617462015
2.237274142879639,59.532646449634164,69.76188012003837
2.2691592850584463,59.532646449634164,71.11456798378312
2.3010444272372537,59.532646449634164,72.54206260944865
2.332929569416061,59.532646449634164,74.04458684062931
2.3648147115948683,59.532646449634164,75.61385945950938
2.3966998537736752,59.532646449634164,77.04695614799839
2.428584995952482,59.532646449634164,78.21390256943904
2.4604701381312895,59.532646449634164,79.05622069157673
2.492355280310097,59.532646449634164,79.51543248215668
2.524240422488904,59.532646449634164,79.53305990892423
2.5561255646677115,59.532646449634164,48.17
2.588010706846519,59.532646449634164,48.17
2.619895849025326,59.532646449634164,48.17
2.6517809912041326,59.532646449634164,48.17
2.68366613338294,59.532646449634164,48.17
2.7155512755617472,59.532646449634164,48.17
2.7474364177405546,59.532646449634164,48.17
2.779321559919362,59.532646449634164,48.17
2.8112067020981693,59.532646449634164,48.17
2.8430918442769766,59.532646449634164,48.17
2.874976986455783,59.532646449634164,48.17
2.9068621286345904,59.532646449634164,48.17
2.9387472708133977,59.532646449634164,48.17
0.4198210386876282,63.96300387342636,76.56
0.45170618086643544,63.96300387342636,76.56
0.48359132304524266,63.96300387342636,82.90145528177298
0.5154764652240499,63.96300387342636,79.79099522011393
0.5473616074028571,63.96300387342636,75.22651419371243
0.5792467495816642,63.96300387342636,71.84625319466117
0.6111318917604714,63.96300387342636,67.88414940721165
0.6430170339392787,63.96300387342636,64.5722097169098
0.6749021761180859,63.96300387342636,62.24123064850544
0.7067873182968931,63.96300387342636,58.85872544264176
0.7386724604757003,63.96300387342636,56.64473941602425
0.7705576026545076,63.96300387342636,54.23695191230745
0.8024427448333147,63.96300387342636,52.3235865943974
0.834327887012122,63.96300387342636,50.45524059368299
0.8662130291909291,63.96300387342636,48.79265945351513
0.8980981713697364,63.96300387342636,47.45296535854247
0.9299833135485436,63.96300387342636,46.21733949058539
0.9618684557273508,63.96300387342636,45.09091619335083
0.993753597906158,63.96300387342636,44.156225586730514
1.0256387400849651,63.96300387342636,43.25233390712186
1.0575238822637725,63.96300387342636,42.539293509988404
1.0894090244425796,63.96300387342636,41.922171459436754
1.1212941666213867,63.96300387342636,41.40282110642903
1.153179308800194,63.96300387342636,41.22147935525715
1.1850644509790014,63.96300387342636,41.27163219946352
1.2169495931578085,63.96300387342636,41.3293460772842
1.2488347353366156,63.96300387342636,41.569094960344366
1.280719877515423,63.96300387342636,42.097368685227224
1.31260501969423,63.96300387342636,42.41999359330254
1.3444901618730372,63.96300387342636,43.177280599423014
1.3763753040518445,63.96300387342636,44.123655451048194
1.4082604462306518,63.96300387342636,44.96328718176063
1.440145588409459,63.96300387342636,45.302990953148324
1.472030730588266,63.96300387342636,46.713512418826156
1.5039158727670734,63.96300387342636,47.48293873119269
1.5358010149458805,63.96300387342636,48.245330459099144
1.5676861571246878,63.96300387342636,49.15309165261951
1.599571299303495,63.96300387342636,50.15604582861576
1.6314564414823023,63.96300387342636,51.053780119651265
1.6633415836611094,63.96300387342636,51.92679620415914
1.6952267258399167,63.96300387342636,53.148994446985476
1.7271118680187239,63.96300387342636,53.230389517703976
1.758997010197531,63.96300387342636,54.24388864982546
1.7908821523763383,63.96300387342636,56.12404672846712
1.8227672945551454,63.96300387342636,57.37747503039185
1.8546524367339527,63.96300387342636,56.511973792761886
1.8865375789127599,63.96300387342636,55.90795146458625
1.9184227210915672,63.96300387342636,56.990192832487764
1.9503078632703743,63.96300387342636,58.24324372732363
1.9821930054491814,63.96300387342636,59.55708619328234
2.0140781476279885,63.96300387342636,61.09717398745366
2.045963289806796,63.96300387342636,62.01286511773711
2.077848431985603,63.96300387342636,62.75992465095406
2.1097335741644105,63.96300387342636,64.08271016133031
2.141618716343218,63.96300387342636,65.03331000019172
2.1735038585220248,63.96300387342636,63.68181069033017
2.2053890007008317,63.96300387342636,64.20415617095233
2.237274142879639,63.96300387342636,64.82416006552232
2.2691592850584463,63.96300387342636,65.54204521763457
2.3010444272372537,63.96300387342636,66.35803447088327
2.332929569416061,63.96300387342636,67.27235066886277
2.3648147115948683,63.96300387342636,68.28521665516756
2.3966998537736752,63.96300387342636,69.39685527339175
2.428584995952482,63.96300387342636,70.60748936712977
2.4604701381312895,63.96300387342636,71.91734177997606
2.492355280310097,63.96300387342636,73.32533804067377
2.524240422488904,63.96300387342636,74.6019819777921
2.5561255646677115,63.96300387342636,75.53760059798799
2.588010706846519,63.96300387342636,76.07371586900682
2.619895849025326,63.96300387342636,76.15184975859383
2.6517809912041326,63.96300387342636,48.17
2.68366613338294,63.96300387342636,48.17
2.7155512755617472,63.96300387342636,48.17
2.7474364177405546,63.96300387342636,48.17
2.779321559919362,63.96300387342636,48.17
2.8112067020981693,63.96300387342636,48.17
2.8430918442769766,63.96300387342636,48.17
2.874976986455783,63.96300387342636,48.17
2.9068621286345904,63.96300387342636,48.17
2.9387472708133977,63.96300387342636,48.17
0.4198210386876282,68.39336129721856,88.17
0.45170618086643544,68.39336129721856,86.5376740181078
0.48359132304524266,68.39336129721856,82.23883445738134
0.5154764652240499,68.39336129721856,78.12476279702267
0.5473616074028571,68.39336129721856,73.67886721835691
0.5792467495816642,68.39336129721856,70.26307119944914
0.6111318917604714,68.39336129721856,66.66506015927371
0.6430170339392787,68.39336129721856,63.526395642468536
0.6749021761180859,68.39336129721856,61.337852322266535
0.7067873182968931,68.39336129721856,58.06387915320265
0.7386724604757003,68.39336129721856,56.093510663362906
0.7705576026545076,68.39336129721856,53.688567877413334
0.8024427448333147,68.39336129721856,51.912777145902744
0.834327887012122,68.39336129721856,50.176314989885164
0.8662130291909291,68.39336129721856,48.604665087954736
0.8980981713697364,68.39336129721856,47.342842809979366
0.9299833135485436,68.39336129721856,46.16808231737811
0.9618684557273508,68.39336129721856,45.10627426999746
0.993753597906158,68.39336129721856,44.199201747259345
1.0256387400849651,68.39336129721856,43.39537513160634
1.0575238822637725,68.39336129721856,42.650452083719365
1.0894090244425796,68.39336129721856,42.09483736970947
1.1212941666213867,68.39336129721856,41.59388821723983
1.153179308800194,68.39336129721856,41.36882252904298
1.1850644509790014,68.39336129721856,41.35694211103948
1.2169495931578085,68.39336129721856,41.38969099227052
1.2488347353366156,68.39336129721856,41.57717111800206
1.280719877515423,68.39336129721856,41.995742929600574
1.31260501969423,68.39336129721856,42.22267086543571
1.3444901618730372,68.39336129721856,42.88667496486866
1.3763753040518445,68.39336129721856,43.746423675529286
1.4082604462306518,68.39336129721856,44.471593184977124
1.440145588409459,68.39336129721856,44.87571215266101
1.472030730588266,68.39336129721856,45.85578448454527
1.5039158727670734,68.39336129721856,46.54273654545426
1.5358010149458805,68.39336129721856,47.211622061811056
1.5676861571246878,68.39336129721856,47.9646244132657
1.599571299303495,68.39336129721856,48.80208639821159
1.6314564414823023,68.39336129721856,49.7275794504956
1.6633415836611094,68.39336129721856,50.57956163752258
1.6952267258399167,68.39336129721856,51.40644513844842
1.7271118680187239,68.39336129721856,52.15865365422663
1.758997010197531,68.39336129721856,53.27595327352501
1.7908821523763383,68.39336129721856,53.82214300838583
1.8227672945551454,68.39336129721856,53.906085157860225
1.8546524367339527,68.39336129721856,54.8913192864804
1.8865375789127599,68.39336129721856,56.50670652909046
1.9184227210915672,68.39336129721856,57.787208112941855
1.9503078632703743,68.39336129721856,58.813846853937605
1.9821930054491814,68.39336129721856,57.47411397719758
2.0140781476279885,68.39336129721856,57.00494495076463
2.045963289806796,68.39336129721856,57.0169853835737
2.077848431985603,68.39336129721856,58.18624385258101
2.1097335741644105,68.39336129721856,59.346593105749236
2.141618716343218,68.39336129721856,60.47138810491477
2.1735038585220248,68.39336129721856,61.95396821499812
2.2053890007008317,68.39336129721856,63.23249622464027
2.237274142879639,68.39336129721856,64.0026226860517
2.2691592850584463,68.39336129721856,64.60965151360526
2.3010444272372537,68.39336129721856,65.30836292067664
2.332929569416061,68.39336129721856,66.65950510385295
2.3648147115948683,68.39336129721856,67.73544966748372
2.3966998537736752,68.39336129721856,65.75834841016777
2.428584995952482,68.39336129721856,66.2257176144953
2.4604701381312895,68.39336129721856,66.81560247714663
2.492355280310097,68.39336129721856,67.52822584171615
2.524240422488904,68.39336129721856,68.36381055179827
2.5561255646677115,68.39336129721856,69.32257945098718
2.588010706846519,68.39336129721856,70.4047553828773
2.619895849025326,68.39336129721856,71.61056119106296
2.6517809912041326,68.39336129721856,72.72869574748545
2.68366613338294,68.39336129721856,73.43263694013054
2.7155512755617472,68.39336129721856,73.66219973372449
2.7474364177405546,68.39336129721856,70.66
2.779321559919362,68.39336129721856,70.66
2.8112067020981693,68.39336129721856,70.66
2.8430918442769766,68.39336129721856,70.66
2.874976986455783,68.39336129721856,73.61
2.9068621286345904,68.39336129721856,73.61
2.9387472708133977,68.39336129721856,73.61
0.4198210386876282,72.82371872101075,88.17
0.45170618086643544,72.82371872101075,84.70443362033903
0.48359132304524266,72.82371872101075,80.85625955626082
0.5154764652240499,72.82371872101075,76.51839177250112
0.5473616074028571,72.82371872101075,72.37077775350451
0.5792467495816642,72.82371872101075,68.89264174254839
0.6111318917604714,72.82371872101075,65.89797800034584
0.6430170339392787,72.82371872101075,62.87698152808675
0.6749021761180859,72.82371872101075,60.359382392527365
0.7067873182968931,72.82371872101075,57.54649545576846
0.7386724604757003,72.82371872101075,55.45866495773435
0.7705576026545076,72.82371872101075,53.24849589894603
0.8024427448333147,72.82371872101075,51.660614208284905
0.834327887012122,72.82371872101075,49.92025194048448
0.8662130291909291,72.82371872101075,48.45539523955823
0.8980981713697364,72.82371872101075,47.23784719209392
0.9299833135485436,72.82371872101075,46.11669804567724
0.9618684557273508,72.82371872101075,45.12327215767184
0.993753597906158,72.82371872101075,44.2614639253381
1.0256387400849651,72.82371872101075,43.467549738539
1.0575238822637725,72.82371872101075,42.786332805251355
1.0894090244425796,72.82371872101075,42.230609643649686
1.1212941666213867,72.82371872101075,41.76518505239905
1.153179308800194,72.82371872101075,41.51849757094844
1.1850644509790014,72.82371872101075,41.41584049980672
1.2169495931578085,72.82371872101075,41.47855706175928
1.2488347353366156,72.82371872101075,41.60750900350721
1.280719877515423,72.82371872101075,41.873551527193875
1.31260501969423,72.82371872101075,42.091422275339724
1.3444901618730372,72.82371872101075,42.6633508991245
1.3763753040518445,72.82371872101075,43.339302503744676
1.4082604462306518,72.82371872101075,43.99998925900458
1.440145588409459,72.82371872101075,44.462752035593326
1.472030730588266,72.82371872101075,45.11161454581919
1.5039158727670734,72.82371872101075,45.791557414134935
1.5358010149458805,72.82371872101075,46.442779906043285
1.5676861571246878,72.82371872101075,47.0042955237661
1.599571299303495,72.82371872101075,47.769806805157614
1.6314564414823023,72.82371872101075,48.60638119881047
1.6633415836611094,72.82371872101075,49.47405701985368
1.6952267258399167,72.82371872101075,50.272593924468055
1.7271118680187239,72.82371872101075,51.01986072148642
1.758997010197531,72.82371872101075,51.7825539366159
1.7908821523763383,72.82371872101075,52.47735553647264
1.8227672945551454,72.82371872101075,53.41381277813103
1.8546524367339527,72.82371872101075,54.26682420803469
1.8865375789127599,72.82371872101075,54.23646221620374
1.9184227210915672,72.82371872101075,54.702256895719536
1.9503078632703743,72.82371872101075,55.68281318527966
1.9821930054491814,72.82371872101075,56.89131972977527
2.0140781476279885,72.82371872101075,58.169432096046066
2.045963289806796,72.82371872101075,58.95429015274302
2.077848431985603,72.82371872101075,59.42598877692826
2.1097335741644105,72.82371872101075,58.31826678105211
2.141618716343218,72.82371872101075,58.06511495622272
2.1735038585220248,72.82371872101075,57.71001464479303
2.2053890007008317,72.82371872101075,58.66690634103971
2.237274142879639,72.82371872101075,59.70695243020877
2.2691592850584463,72.82371872101075,60.731774088545286
2.3010444272372537,72.82371872101075,61.71869338110526
2.332929569416061,72.82371872101075,62.94579563993864
2.3648147115948683,72.82371872101075,64.156637257625
2.3966998537736752,72.82371872101075,65.17255621720354
2.428584995952482,72.82371872101075,65.81469723248014
2.4604701381312895,72.82371872101075,66.34083339844453
2.492355280310097,72.82371872101075,66.84491974940242
2.524240422488904,72.82371872101075,67.52393777401127
2.5561255646677115,72.82371872101075,68.34300396336683
2.588010706846519,72.82371872101075,69.19849420247469
2.619895849025326,72.82371872101075,68.07142610437687
2.6517809912041326,72.82371872101075,68.59595224369511
2.68366613338294,72.82371872101075,69.26785128571322
2.7155512755617472,72.82371872101075,70.08734607402558
2.7474364177405546,72.82371872101075,71.05465945222645
2.779321559919362,72.82371872101075,71.99881544047891
2.8112067020981693,72.82371872101075,72.47072957926714
2.8430918442769766,72.82371872101075,70.66
2.874976986455783,72.82371872101075,73.61
2.9068621286345904,72.82371872101075,73.61
2.9387472708133977,72.82371872101075,73.61
0.4198210386876282,77.25407614480294,88.17
0.45170618086643544,77.25407614480294,83.9533824045428
0.48359132304524266,77.25407614480294,79.67016572704034
0.5154764652240499,77.25407614480294,75.5281858491415
0.5473616074028571,77.25407614480294,71.6087924979505
0.5792467495816642,77.25407614480294,68.09567765766707
0.6111318917604714,77.25407614480294,65.09092885355119
0.6430170339392787,77.25407614480294,62.28736609315246
0.6749021761180859,77.25407614480294,59.665734347977256
0.7067873182968931,77.25407614480294,57.217400290450875
0.7386724604757003,77.25407614480294,55.006319226556876
0.7705576026545076,77.25407614480294,53.01322272787248
0.8024427448333147,77.25407614480294,51.35840364221947
0.834327887012122,77.25407614480294,49.78541839731176
0.8662130291909291,77.25407614480294,48.366667903184556
0.8980981713697364,77.25407614480294,47.167248176713585
0.9299833135485436,77.25407614480294,46.08102168249249
0.9618684557273508,77.25407614480294,45.13538492975974
0.993753597906158,77.25407614480294,44.30899128358622
1.0256387400849651,77.25407614480294,43.55692322675288
1.0575238822637725,77.25407614480294,42.89884945444931
1.0894090244425796,77.25407614480294,42.31341235978578
1.1212941666213867,77.25407614480294,41.87819318656655
1.153179308800194,77.25407614480294,41.623337034014185
1.1850644509790014,77.25407614480294,41.48188716426989
1.2169495931578085,77.25407614480294,41.549062208385614
1.2488347353366156,77.25407614480294,41.63856917872333
1.280719877515423,77.25407614480294,41.78085763672724
1.31260501969423,77.25407614480294,41.97945253162673
1.3444901618730372,77.25407614480294,42.42141043197939
1.3763753040518445,77.25407614480294,43.052077442817875
1.4082604462306518,77.25407614480294,43.66155185526918
1.440145588409459,77.25407614480294,44.12015612128919
1.472030730588266,77.25407614480294,44.65306239473095
1.5039158727670734,77.25407614480294,45.30426481362156
1.5358010149458805,77.25407614480294,45.99139560525783
1.5676861571246878,77.25407614480294,46.572934171565336
1.599571299303495,77.25407614480294,47.19852754849215
1.6314564414823023,77.25407614480294,47.98816223922326
1.6633415836611094,77.25407614480294,48.851131989289705
1.6952267258399167,77.25407614480294,49.659965884157536
1.7271118680187239,77.25407614480294,50.381320886707755
1.758997010197531,77.25407614480294,51.11201950505908
1.7908821523763383,77.25407614480294,51.85485386867513
1.8227672945551454,77.25407614480294,52.5536818574128
1.8546524367339527,77.25407614480294,53.22623857060255
1.8865375789127599,77.25407614480294,53.97946462486015
1.9184227210915672,77.25407614480294,54.68633692303241
1.9503078632703743,77.25407614480294,55.070094012377915
1.9821930054491814,77.25407614480294,55.34719944333168
2.0140781476279885,77.25407614480294,56.08313990370287
2.045963289806796,77.25407614480294,57.09272989181587
2.077848431985603,77.25407614480294,57.98563037100546
2.1097335741644105,77.25407614480294,58.67189886703237
2.141618716343218,77.25407614480294,59.15947828911482
2.1735038585220248,77.25407614480294,59.565675084068374
2.2053890007008317,77.25407614480294,59.60068414837653
2.237274142879639,77.25407614480294,59.29775554750647
2.2691592850584463,77.25407614480294,59.39277635003006
2.3010444272372537,77.25407614480294,59.86883052531133
2.332929569416061,77.25407614480294,60.62078964576934
2.3648147115948683,77.25407614480294,61.552288657555444
2.3966998537736752,77.25407614480294,62.41465265407233
2.428584995952482,77.25407614480294,63.255390646435494
2.4604701381312895,77.25407614480294,64.11414011857005
2.492355280310097,77.25407614480294,65.06239061455646
2.524240422488904,77.25407614480294,65.98927616098388
2.5561255646677115,77.25407614480294,66.85103262049199
2.588010706846519,77.25407614480294,67.5944608496273
2.619895849025326,77.25407614480294,68.12661816523102
2.6517809912041326,77.25407614480294,68.57204594989561
2.68366613338294,77.25407614480294,68.99210347381575
2.7155512755617472,77.25407614480294,69.44886955926765
2.7474364177405546,77.25407614480294,69.93983263100745
2.779321559919362,77.25407614480294,70.4878151027115
2.8112067020981693,77.25407614480294,71.09589468136592
2.8430918442769766,77.25407614480294,71.7342709201336
2.874976986455783,77.25407614480294,72.23944856370787
2.9068621286345904,77.25407614480294,73.61
2.9387472708133977,77.25407614480294,73.61
0.4198210386876282,81.68443356859514,88.13171423407684
0.45170618086643544,81.68443356859514,83.66504194547827
0.48359132304524266,81.68443356859514,79.30154527497906
0.5154764652240499,81.68443356859514,75.16598485799605
0.5473616074028571,81.68443356859514,71.39456922885202
0.5792467495816642,81.68443356859514,68.07544471390294
0.6111318917604714,81.68443356859514,65.01299111856208
0.6430170339392787,81.68443356859514,62.194325044848476
0.6749021761180859,81.68443356859514,59.57883285777414
0.7067873182968931,81.68443356859514,57.15968267173327
0.7386724604757003,81.68443356859514,54.921913044819064
0.7705576026545076,81.68443356859514,52.990023631604934
0.8024427448333147,81.68443356859514,51.32902878032783
0.834327887012122,81.68443356859514,49.761443133047855
0.8662130291909291,81.68443356859514,48.36052965631945
0.8980981713697364,81.68443356859514,47.16701718297629
0.9299833135485436,81.68443356859514,46.085384919410224
0.9618684557273508,81.68443356859514,45.14350592497353
0.993753597906158,81.68443356859514,44.32436111318004
1.0256387400849651,81.68443356859514,43.581211584410724
1.0575238822637725,81.68443356859514,42.919780329023844
1.0894090244425796,81.68443356859514,42.33754364880382
1.1212941666213867,81.68443356859514,41.90535784012474
1.153179308800194,81.68443356859514,41.64672812134149
1.1850644509790014,81.68443356859514,41.49999600212545
1.2169495931578085,81.68443356859514,41.57619445951993
1.2488347353366156,81.68443356859514,41.64240363591506
1.280719877515423,81.68443356859514,41.800660172078274
1.31260501969423,81.68443356859514,41.990121694369414
1.3444901618730372,81.68443356859514,42.40143376716916
1.3763753040518445,81.68443356859514,43.03323106500658
1.4082604462306518,81.68443356859514,43.63188710504001
1.440145588409459,81.68443356859514,44.10255688980842
1.472030730588266,81.68443356859514,467.1848193659484
1.5039158727670734,81.68443356859514,594.5745459550861
1.5358010149458805,81.68443356859514,595.2681762336607
1.5676861571246878,81.68443356859514,46.546715873091934
1.599571299303495,81.68443356859514,47.15009360720581
1.6314564414823023,81.68443356859514,47.911008674415086
1.6633415836611094,81.68443356859514,48.78869130672905
1.6952267258399167,81.68443356859514,49.5833202380406
1.7271118680187239,81.68443356859514,50.3026310490561
1.758997010197531,81.68443356859514,51.0219046220325
1.7908821523763383,81.68443356859514,51.763255753003385
1.8227672945551454,81.68443356859514,52.48252214330868
1.8546524367339527,81.68443356859514,53.16280453655598
1.8865375789127599,81.68443356859514,53.82716417047001
1.9184227210915672,81.68443356859514,54.49479474551362
1.9503078632703743,81.68443356859514,55.09473714337686
1.9821930054491814,81.68443356859514,55.50910223562734
2.0140781476279885,81.68443356859514,55.92816809099504
2.045963289806796,81.68443356859514,56.670298341776665
2.077848431985603,81.68443356859514,57.691174332092636
2.1097335741644105,81.68443356859514,58.547581102871845
2.141618716343218,81.68443356859514,59.01101116476707
2.1735038585220248,81.68443356859514,59.28832751896443
2.2053890007008317,81.68443356859514,59.52930728465115
2.237274142879639,81.68443356859514,59.69812087598951
2.2691592850584463,81.68443356859514,59.73313302456363
2.3010444272372537,81.68443356859514,59.8446003853384
2.332929569416061,81.68443356859514,60.425739143838015
2.3648147115948683,81.68443356859514,61.367338736116004
2.3966998537736752,81.68443356859514,62.330621649918996
2.428584995952482,81.68443356859514,63.20084059618641
2.4604701381312895,81.68443356859514,63.99723138109906
2.492355280310097,81.68443356859514,64.7571271363166
2.524240422488904,81.68443356859514,65.52433499545526
2.5561255646677115,81.68443356859514,66.3080832568256
2.588010706846519,81.68443356859514,67.11472410839939
2.619895849025326,81.68443356859514,67.88304069437564
2.6517809912041326,81.68443356859514,68.56148054059211
2.68366613338294,81.68443356859514,69.09637874205227
2.7155512755617472,81.68443356859514,69.5297786399182
2.7474364177405546,81.68443356859514,69.92146338206128
2.779321559919362,81.68443356859514,70.33289434194809
2.8112067020981693,81.68443356859514,70.81968703558886
2.8430918442769766,81.68443356859514,71.4055250277364
2.874976986455783,81.68443356859514,72.07250099753021
2.9068621286345904,81.68443356859514,72.79352183536551
2.9387472708133977,81.68443356859514,73.59632223231799
0.4198210386876282,86.11479099238733,87.91731868012337
0.45170618086643544,86.11479099238733,83.37487420832025
0.48359132304524266,86.11479099238733,79.00827366785605
0.5154764652240499,86.11479099238733,74.8841615548094
0.5473616074028571,86.11479099238733,71.15402301773588
0.5792467495816642,86.11479099238733,67.94768124211636
0.6111318917604714,86.11479099238733,64.88915345232853
0.6430170339392787,86.11479099238733,62.11418490555195
0.6749021761180859,86.11479099238733,59.502309901338926
0.7067873182968931,86.11479099238733,57.134400362035194
0.7386724604757003,86.11479099238733,54.89205159146358
0.7705576026545076,86.11479099238733,52.976842020167304
0.8024427448333147,86.11479099238733,51.32341681335999
0.834327887012122,86.11479099238733,49.77021556668469
0.8662130291909291,86.11479099238733,48.38031832116451
0.8980981713697364,86.11479099238733,47.196519215369115
0.9299833135485436,86.11479099238733,46.13257816493967
0.9618684557273508,86.11479099238733,45.18388920759132
0.993753597906158,86.11479099238733,44.38138517023139
1.0256387400849651,86.11479099238733,43.65312527273948
1.0575238822637725,86.11479099238733,42.97750853608826
1.0894090244425796,86.11479099238733,42.4063877714125
1.1212941666213867,86.11479099238733,41.94195041787657
1.153179308800194,86.11479099238733,41.72684953904237
1.1850644509790014,86.11479099238733,41.56305154318801
1.2169495931578085,86.11479099238733,41.629269485476456
1.2488347353366156,86.11479099238733,41.69870773397642
1.280719877515423,86.11479099238733,41.861263439874776
1.31260501969423,86.11479099238733,42.05065745033106
1.3444901618730372,86.11479099238733,42.42234213959029
1.3763753040518445,86.11479099238733,43.052052892077576
1.4082604462306518,86.11479099238733,43.629790115305696
1.440145588409459,86.11479099238733,44.10668119558681
1.472030730588266,86.11479099238733,645.1401475987154
1.5039158727670734,86.11479099238733,3550.4591861650747
1.5358010149458805,86.11479099238733,3379.450371647911
1.5676861571246878,86.11479099238733,46.50084772784007
1.599571299303495,86.11479099238733,47.098131298847285
1.6314564414823023,86.11479099238733,47.82685059566644
1.6633415836611094,86.11479099238733,48.70303335193566
1.6952267258399167,86.11479099238733,49.478561415467745
1.7271118680187239,86.11479099238733,50.196017333890154
1.758997010197531,86.11479099238733,50.899493428096655
1.7908821523763383,86.11479099238733,51.63688105778844
1.8227672945551454,86.11479099238733,52.41921011852606
1.8546524367339527,86.11479099238733,53.01774391822845
1.8865375789127599,86.11479099238733,53.69257373543947
1.9184227210915672,86.11479099238733,54.326070762527905
1.9503078632703743,86.11479099238733,54.928939470542154
1.9821930054491814,86.11479099238733,55.34395757888528
2.0140781476279885,86.11479099238733,55.76026134442547
2.045963289806796,86.11479099238733,56.466901722663806
2.077848431985603,86.11479099238733,57.4779753977637
2.1097335741644105,86.11479099238733,58.341777323998386
2.141618716343218,86.11479099238733,58.80440871341713
2.1735038585220248,86.11479099238733,59.185608935182934
2.2053890007008317,86.11479099238733,59.324161863129376
2.237274142879639,86.11479099238733,59.53044053454734
2.2691592850584463,86.11479099238733,59.56283449353474
2.3010444272372537,86.11479099238733,59.66187657041618
2.332929569416061,86.11479099238733,60.2176748501041
2.3648147115948683,86.11479099238733,61.157625418517405
2.3966998537736752,86.11479099238733,62.06907982251653
2.428584995952482,86.11479099238733,62.941061677873556
2.4604701381312895,86.11479099238733,63.735226792853354
2.492355280310097,86.11479099238733,64.48890829911531
2.524240422488904,86.11479099238733,65.36965789280686
2.5561255646677115,86.11479099238733,65.99538651255037
2.588010706846519,86.11479099238733,66.79291228677936
2.619895849025326,86.11479099238733,67.56312926815332
2.6517809912041326,86.11479099238733,68.26698465653796
2.68366613338294,86.11479099238733,68.78428746049885
2.7155512755617472,86.11479099238733,69.24326903879056
2.7474364177405546,86.11479099238733,69.6605354734562
2.779321559919362,86.11479099238733,70.09754813796262
2.8112067020981693,86.11479099238733,70.58220134816818
2.8430918442769766,86.11479099238733,71.13073618620257
2.874976986455783,86.11479099238733,71.76040897682658
2.9068621286345904,86.11479099238733,72.44412661043546
2.9387472708133977,86.11479099238733,73.51817510053672
0.4198210386876282,90.54514841617953,87.53175520196389
0.45170618086643544,90.54514841617953,82.88796362377497
0.48359132304524266,90.54514841617953,78.52451044156791
0.5154764652240499,90.54514841617953,74.41809786067978
0.5473616074028571,90.54514841617953,70.87682874729687
0.5792467495816642,90.54514841617953,67.72403362397796
0.6111318917604714,90.54514841617953,64.6729364877867
0.6430170339392787,90.54514841617953,61.989661470044005
0.6749021761180859,90.54514841617953,59.369584972869994
0.7067873182968931,90.54514841617953,57.10292192720465
0.7386724604757003,90.54514841617953,54.84041566835448
0.7705576026545076,90.54514841617953,52.95293478942235
0.8024427448333147,90.54514841617953,51.31370696565625
0.834327887012122,90.54514841617953,49.78558235974967
0.8662130291909291,90.54514841617953,48.41182701905952
0.8980981713697364,90.54514841617953,47.2201916462935
0.9299833135485436,90.54514841617953,46.158768544702376
0.9618684557273508,90.54514841617953,45.25326908331011
0.993753597906158,90.54514841617953,44.48096282001551
1.0256387400849651,90.54514841617953,43.776490314039485
1.0575238822637725,90.54514841617953,43.0855481205699
1.0894090244425796,90.54514841617953,42.51877682046657
1.1212941666213867,90.54514841617953,42.00617120581661
1.153179308800194,90.54514841617953,41.796091207611404
1.1850644509790014,90.54514841617953,41.675634218425806
1.2169495931578085,90.54514841617953,41.7195191037362
1.2488347353366156,90.54514841617953,41.79873487995865
1.280719877515423,90.54514841617953,41.95923750423901
1.31260501969423,90.54514841617953,42.14960931930155
1.3444901618730372,90.54514841617953,42.457864666446014
1.3763753040518445,90.54514841617953,43.084924858979754
1.4082604462306518,90.54514841617953,43.628255566341366
1.440145588409459,90.54514841617953,44.104546086212636
1.472030730588266,90.54514841617953,626.263720795242
1.5039158727670734,90.54514841617953,8574.30884300601
1.5358010149458805,90.54514841617953,7430.207029394761
1.5676861571246878,90.54514841617953,46.412659666343245
1.599571299303495,90.54514841617953,47.00333343073127
1.6314564414823023,90.54514841617953,47.68002592277278
1.6633415836611094,90.54514841617953,48.553369886018906
1.6952267258399167,90.54514841617953,49.29936744902857
1.7271118680187239,90.54514841617953,50.00979274330741
1.758997010197531,90.54514841617953,50.770342607296456
1.7908821523763383,90.54514841617953,51.416188287178684
1.8227672945551454,90.54514841617953,52.29214693576078
1.8546524367339527,90.54514841617953,52.76272602105336
1.8865375789127599,90.54514841617953,53.478630909492715
1.9184227210915672,90.54514841617953,54.038034193325494
1.9503078632703743,90.54514841617953,54.642199115182706
1.9821930054491814,90.54514841617953,55.05581066087946
2.0140781476279885,90.54514841617953,55.466886670243674
2.045963289806796,90.54514841617953,56.130575855590045
2.077848431985603,90.54514841617953,57.1244190481474
2.1097335741644105,90.54514841617953,58.09343628479621
2.141618716343218,90.54514841617953,58.443560224552655
2.1735038585220248,90.54514841617953,59.003476084643594
2.2053890007008317,90.54514841617953,58.969484642579935
2.237274142879639,90.54514841617953,59.256455016214865
2.2691592850584463,90.54514841617953,59.24474635556751
2.3010444272372537,90.54514841617953,59.33624633591821
2.332929569416061,90.54514841617953,59.85443739863884
2.3648147115948683,90.54514841617953,60.79126677011743
2.3966998537736752,90.54514841617953,61.67876398207046
2.428584995952482,90.54514841617953,62.48393768751056
2.4604701381312895,90.54514841617953,63.273395720361265
2.492355280310097,90.54514841617953,64.01841194502158
2.524240422488904,90.54514841617953,65.04098043504156
2.5561255646677115,90.54514841617953,65.46553196296114
2.588010706846519,90.54514841617953,66.25099548331079
2.619895849025326,90.54514841617953,67.02016568354782
2.6517809912041326,90.54514841617953,67.80473338292109
2.68366613338294,90.54514841617953,68.31769924277529
2.7155512755617472,90.54514841617953,68.7269003305163
2.7474364177405546,90.54514841617953,69.19258623474211
2.779321559919362,90.54514841617953,69.67801838090553
2.8112067020981693,90.54514841617953,70.16151572220188
2.8430918442769766,90.54514841617953,70.63953476347878
2.874976986455783,90.54514841617953,71.19860244357137
2.9068621286345904,90.54514841617953,71.82667484175532
2.9387472708133977,90.54514841617953,73.37384089138264
0.4198210386876282,94.97550583997172,86.99481218163561
0.45170618086643544,94.97550583997172,82.25797225782168
0.48359132304524266,94.97550583997172,77.88965467097923
0.5154764652240499,94.97550583997172,73.80719285047178
0.5473616074028571,94.97550583997172,70.60398206840887
0.5792467495816642,94.97550583997172,67.4490345184496
0.6111318917604714,94.97550583997172,64.38211447962809
0.6430170339392787,94.97550583997172,61.878323106417454
0.6749021761180859,94.97550583997172,59.19137924111177
0.7067873182968931,94.97550583997172,57.03522393005917
0.7386724604757003,94.97550583997172,54.771781308175036
0.7705576026545076,94.97550583997172,52.91853648744288
0.8024427448333147,94.97550583997172,51.3007912371841
0.834327887012122,94.97550583997172,49.806333744071885
0.8662130291909291,94.97550583997172,48.453209118352895
0.8980981713697364,94.97550583997172,47.288402625429846
0.9299833135485436,94.97550583997172,46.20913572423314
0.9618684557273508,94.97550583997172,45.34511438112452
0.993753597906158,94.97550583997172,44.61492505537137
1.0256387400849651,94.97550583997172,43.94046387389659
1.0575238822637725,94.97550583997172,43.2026269213295
1.0894090244425796,94.97550583997172,42.66189363235579
1.1212941666213867,94.97550583997172,42.108679000458565
1.153179308800194,94.97550583997172,41.89619576257979
1.1850644509790014,94.97550583997172,41.83065718637193
1.2169495931578085,94.97550583997172,41.83909388960178
1.2488347353366156,94.97550583997172,41.93413467667
1.280719877515423,94.97550583997172,42.08575435547699
1.31260501969423,94.97550583997172,42.27854495996733
1.3444901618730372,94.97550583997172,42.49446955863072
1.3763753040518445,94.97550583997172,43.12915543832932
1.4082604462306518,94.97550583997172,43.633461725014
1.440145588409459,94.97550583997172,44.097352431408396
1.472030730588266,94.97550583997172,607.3827906242999
1.5039158727670734,94.97550583997172,15107.975734880227
1.5358010149458805,94.97550583997172,12400.421098145995
1.5676861571246878,94.97550583997172,46.29030544020488
1.599571299303495,94.97550583997172,46.876594442863535
1.6314564414823023,94.97550583997172,47.48685338510192
1.6633415836611094,94.97550583997172,48.351887857551425
1.6952267258399167,94.97550583997172,49.1221369651779
1.7271118680187239,94.97550583997172,49.75917758775413
1.758997010197531,94.97550583997172,50.6550953369495
1.7908821523763383,94.97550583997172,51.11926641180689
1.8227672945551454,94.97550583997172,52.09775998338906
1.8546524367339527,94.97550583997172,52.41886360770172
1.8865375789127599,94.97550583997172,53.19542103974177
1.9184227210915672,94.97550583997172,53.65368432911422
1.9503078632703743,94.97550583997172,54.27183074372902
1.9821930054491814,94.97550583997172,54.67158867528588
2.0140781476279885,94.97550583997172,55.07192771333352
2.045963289806796,94.97550583997172,55.78360870694788
2.077848431985603,94.97550583997172,56.657289721239266
2.1097335741644105,94.97550583997172,57.886533575818376
2.141618716343218,94.97550583997172,57.95798733154162
2.1735038585220248,94.97550583997172,58.71184026329027
2.2053890007008317,94.97550583997172,58.49386937385956
2.237274142879639,94.97550583997172,58.88883498412002
2.2691592850584463,94.97550583997172,58.806824711084666
2.3010444272372537,94.97550583997172,58.92080962325808
2.332929569416061,94.97550583997172,59.36674298280872
2.3648147115948683,94.97550583997172,60.29815314273202
2.3966998537736752,94.97550583997172,61.2812208777789
2.428584995952482,94.97550583997172,61.87093665044236
2.4604701381312895,94.97550583997172,62.653206188967786
2.492355280310097,94.97550583997172,63.45882705792383
2.524240422488904,94.97550583997172,64.58518314004031
2.5561255646677115,94.97550583997172,64.85154532230071
2.588010706846519,94.97550583997172,65.5315148974403
2.619895849025326,94.97550583997172,66.29669114000585
2.6517809912041326,94.97550583997172,67.20168977134301
2.68366613338294,94.97550583997172,67.93566520927497
2.7155512755617472,94.97550583997172,68.00601153407858
2.7474364177405546,94.97550583997172,68.54295468490199
2.779321559919362,94.97550583997172,69.09892000664281
2.8112067020981693,94.97550583997172,69.58167442610511
2.8430918442769766,94.97550583997172,69.9601759541972
2.874976986455783,94.97550583997172,70.41533659239664
2.9068621286345904,94.97550583997172,71.24431480552795
2.9387472708133977,94.97550583997172,73.16681788681147
0.4198210386876282,99.40586326376392,86.32627800117558
0.45170618086643544,99.40586326376392,81.59753559493645
0.48359132304524266,99.40586326376392,77.1431054309546
0.5154764652240499,99.40586326376392,73.09418558821302
0.5473616074028571,99.40586326376392,70.28729201085322
0.5792467495816642,99.40586326376392,67.19910412784805
0.6111318917604714,99.40586326376392,64.03446168254416
0.6430170339392787,99.40586326376392,61.76450328035146
0.6749021761180859,99.40586326376392,58.978413874808886
0.7067873182968931,99.40586326376392,56.932125219600664
0.7386724604757003,99.40586326376392,54.690924543608546
0.7705576026545076,99.40586326376392,52.874629541745136
0.8024427448333147,99.40586326376392,51.28556824807609
0.834327887012122,99.40586326376392,49.831060977075154
0.8662130291909291,99.40586326376392,48.50307983807427
0.8980981713697364,99.40586326376392,47.383422537356196
0.9299833135485436,99.40586326376392,46.33759230280578
0.9618684557273508,99.40586326376392,45.45309241526765
0.993753597906158,99.40586326376392,44.775102869138045
1.0256387400849651,99.40586326376392,44.1342031178966
1.0575238822637725,99.40586326376392,43.232844927294614
1.0894090244425796,99.40586326376392,42.831265393733744
1.1212941666213867,99.40586326376392,42.24474766862795
1.153179308800194,99.40586326376392,42.05509129843565
1.1850644509790014,99.40586326376392,42.021033605559516
1.2169495931578085,99.40586326376392,41.980144418375794
1.2488347353366156,99.40586326376392,42.09655672691872
1.280719877515423,99.40586326376392,42.212708230802065
1.31260501969423,99.40586326376392,42.427449132532686
1.3444901618730372,99.40586326376392,42.529562338768876
1.3763753040518445,99.40586326376392,43.18205310274255
1.4082604462306518,99.40586326376392,43.64780037311474
1.440145588409459,99.40586326376392,44.086301100896534
1.472030730588266,99.40586326376392,588.4979153571637
1.5039158727670734,99.40586326376392,22593.31208019012
1.5358010149458805,99.40586326376392,18042.02712976108
1.5676861571246878,99.40586326376392,46.14497432425877
1.599571299303495,99.40586326376392,46.73024010663828
1.6314564414823023,99.40586326376392,47.30230838195103
1.6633415836611094,99.40586326376392,48.11077421510583
1.6952267258399167,99.40586326376392,48.97942926684264
1.7271118680187239,99.40586326376392,49.45939217767649
1.758997010197531,99.40586326376392,50.4838632424483
1.7908821523763383,99.40586326376392,50.764204402305715
1.8227672945551454,99.40586326376392,51.84419830630062
1.8546524367339527,99.40586326376392,52.007269440844496
1.8865375789127599,99.40586326376392,52.852485207723014
1.9184227210915672,99.40586326376392,53.20023442800322
1.9503078632703743,99.40586326376392,53.84552928637724
1.9821930054491814,99.40586326376392,54.28447884630835
2.0140781476279885,99.40586326376392,54.599631819090035
2.045963289806796,99.40586326376392,55.49999478837946
2.077848431985603,99.40586326376392,56.103371855034794
2.1097335741644105,99.40586326376392,57.592464430336754
2.141618716343218,99.40586326376392,57.377211667752164
2.1735038585220248,99.40586326376392,58.32447548797247
2.2053890007008317,99.40586326376392,57.925909807824866
2.237274142879639,99.40586326376392,58.44025110139086
2.2691592850584463,99.40586326376392,58.278819447209905
2.3010444272372537,99.40586326376392,58.43980946136741
2.332929569416061,99.40586326376392,58.86340639832828
2.3648147115948683,99.40586326376392,59.71066072045002
2.3966998537736752,99.40586326376392,60.88396623182932
2.428584995952482,99.40586326376392,61.14352659201401
2.4604701381312895,99.40586326376392,61.91612622401799
2.492355280310097,99.40586326376392,62.8940039434426
2.524240422488904,99.40586326376392,64.01888327622761
2.5561255646677115,99.40586326376392,64.32223937475125
2.588010706846519,99.40586326376392,64.67701172861452
2.619895849025326,99.40586326376392,65.43524683697395
2.6517809912041326,99.40586326376392,66.47760067515661
2.68366613338294,99.40586326376392,67.5327977357258
2.7155512755617472,99.40586326376392,67.12332340516058
2.7474364177405546,99.40586326376392,67.73697984291897
2.779321559919362,99.40586326376392,68.38153786013788
2.8112067020981693,99.40586326376392,68.86352080146484
2.8430918442769766,99.40586326376392,69.12091495298979
2.874976986455783,99.40586326376392,69.43886661793444
2.9068621286345904,99.40586326376392,70.84883530787384
2.9387472708133977,99.40586326376392,72.9006043687788
0.4198210386876282,103.83622068755611,85.545941042621
0.45170618086643544,103.83622068755611,80.9288497536297
0.48359132304524266,103.83622068755611,76.32426179635871
0.5154764652240499,103.83622068755611,72.36665005356288
0.5473616074028571,103.83622068755611,69.88112449030135
0.5792467495816642,103.83622068755611,66.98593390846321
0.6111318917604714,103.83622068755611,63.647856980082715
0.6430170339392787,103.83622068755611,61.58937919268525
0.6749021761180859,103.83622068755611,58.7414100427058
0.7067873182968931,103.83622068755611,56.8002412249235
0.7386724604757003,103.83622068755611,54.60262140733824
0.7705576026545076,103.83622068755611,52.822598723861624
0.8024427448333147,103.83622068755611,51.2693951905944
0.834327887012122,103.83622068755611,49.858284679687706
0.8662130291909291,103.83622068755611,48.56005439725315
0.8980981713697364,103.83622068755611,47.493003749661256
0.9299833135485436,103.83622068755611,46.50468745737013
0.9618684557273508,103.83622068755611,45.574564115604815
0.993753597906158,103.83622068755611,44.95179676328171
1.0256387400849651,103.83622068755611,44.34490008057286
1.0575238822637725,103.83622068755611,43.32769048181444
1.0894090244425796,103.83622068755611,43.02241929125391
1.1212941666213867,103.83622068755611,42.40977976640937
1.153179308800194,103.83622068755611,42.21928776650579
1.1850644509790014,103.83622068755611,42.20641033907276
1.2169495931578085,103.83622068755611,42.13532200114695
1.2488347353366156,103.83622068755611,42.27765063351309
1.280719877515423,103.83622068755611,42.32555956248547
1.31260501969423,103.83622068755611,42.5810753847334
1.3444901618730372,103.83622068755611,42.594094999574835
1.3763753040518445,103.83622068755611,43.24092632483566
1.4082604462306518,103.83622068755611,43.669765728164236
1.440145588409459,103.83622068755611,44.072592964399476
1.472030730588266,103.83622068755611,569.609653265108
1.5039158727670734,103.83622068755611,30278.981572986504
1.5358010149458805,103.83622068755611,24106.959676099446
1.5676861571246878,103.83622068755611,46.00504548438526
1.599571299303495,103.83622068755611,46.56828342074531
1.6314564414823023,103.83622068755611,47.14626385320655
1.6633415836611094,103.83622068755611,47.84498396703661
1.6952267258399167,103.83622068755611,48.838144027674645
1.7271118680187239,103.83622068755611,49.12565682352084
1.758997010197531,103.83622068755611,50.26191854669295
1.7908821523763383,103.83622068755611,50.36909122930784
1.8227672945551454,103.83622068755611,51.539715147225735
1.8546524367339527,103.83622068755611,51.55303522495417
1.8865375789127599,103.83622068755611,52.45936449497275
1.9184227210915672,103.83622068755611,52.753572226143845
1.9503078632703743,103.83622068755611,53.37374977579258
1.9821930054491814,103.83622068755611,53.93918846959499
2.0140781476279885,103.83622068755611,54.08274604302176
2.045963289806796,103.83622068755611,55.25382879630023
2.077848431985603,103.83622068755611,55.489449887529595
2.1097335741644105,103.83622068755611,57.20283422629636
2.141618716343218,103.83622068755611,56.73075486655231
2.1735038585220248,103.83622068755611,57.854495549266375
2.2053890007008317,103.83622068755611,57.296581437702585
2.237274142879639,103.83622068755611,57.923374031155305
2.2691592850584463,103.83622068755611,57.7446022070723
2.3010444272372537,103.83622068755611,57.90521027913835
2.332929569416061,103.83622068755611,58.41768224129023
2.3648147115948683,103.83622068755611,59.07045930665961
2.3966998537736752,103.83622068755611,60.48526581201402
2.428584995952482,103.83622068755611,60.36098970402699
2.4604701381312895,103.83622068755611,61.103623850856856
2.492355280310097,103.83622068755611,62.33030674131339
2.524240422488904,103.83622068755611,63.35869811202795
2.5561255646677115,103.83622068755611,63.899991431156465
2.588010706846519,103.83622068755611,63.7447993377091
2.619895849025326,103.83622068755611,64.47837397389887
2.6517809912041326,103.83622068755611,65.65221294771482
2.68366613338294,103.83622068755611,66.97066892444354
2.7155512755617472,103.83622068755611,66.23447206072532
2.7474364177405546,103.83622068755611,66.80000072777621
2.779321559919362,103.83622068755611,67.54664265823318
2.8112067020981693,103.83622068755611,68.02785412809155
2.8430918442769766,103.83622068755611,68.15000695448879
2.874976986455783,103.83622068755611,68.38166186071653
2.9068621286345904,103.83622068755611,70.55487417854417
2.9387472708133977,103.83622068755611,72.57869861924033
0.4198210386876282,108.2665781113483,84.67358968800899
0.45170618086643544,108.2665781113483,80.25849128500639
0.48359132304524266,108.2665781113483,75.4736280434429
0.5154764652240499,108.2665781113483,71.65460847305059
0.5473616074028571,108.2665781113483,69.40278967149989
0.5792467495816642,108.2665781113483,66.74704681908979
0.6111318917604714,108.2665781113483,63.242929862600505
0.6430170339392787,108.2665781113483,61.358948122154985
0.6749021761180859,108.2665781113483,58.49108891354701
0.7067873182968931,108.2665781113483,56.64416797606743
0.7386724604757003,108.2665781113483,54.513256112679606
0.7705576026545076,108.2665781113483,52.763828805324934
0.8024427448333147,108.2665781113483,51.252925718825274
0.834327887012122,108.2665781113483,49.88730298298594
0.8662130291909291,108.2665781113483,48.622748014919104
0.8980981713697364,108.2665781113483,47.61275172039341
0.9299833135485436,108.2665781113483,46.663194150407115
0.9618684557273508,108.2665781113483,45.70919954219137
0.993753597906158,108.2665781113483,45.12513501013603
1.0256387400849651,108.2665781113483,44.531124702330715
1.0575238822637725,108.2665781113483,43.47953493541592
1.0894090244425796,108.2665781113483,43.230882511569874
1.1212941666213867,108.2665781113483,42.599177849887354
1.153179308800194,108.2665781113483,42.39308228557685
1.1850644509790014,108.2665781113483,42.313735286527546
1.2169495931578085,108.2665781113483,42.30204911389332
1.2488347353366156,108.2665781113483,42.46891025217533
1.280719877515423,108.2665781113483,42.422614786894414
1.31260501969423,108.2665781113483,42.73595044496155
1.3444901618730372,108.2665781113483,42.69568133982595
1.3763753040518445,108.2665781113483,43.30308357722498
1.4082604462306518,108.2665781113483,43.69736543272579
1.440145588409459,108.2665781113483,44.05769201050324
1.472030730588266,108.2665781113483,550.7185626194074
1.5039158727670734,108.2665781113483,36751.86390274613
1.5358010149458805,108.2665781113483,30347.153289020556
1.5676861571246878,108.2665781113483,45.87954348449151
1.599571299303495,108.2665781113483,46.39442172977497
1.6314564414823023,108.2665781113483,47.025795644527534
1.6633415836611094,108.2665781113483,47.566096112028184
1.6952267258399167,108.2665781113483,48.65318809796007
1.7271118680187239,108.2665781113483,48.77320178217871
1.758997010197531,108.2665781113483,49.99746992069137
1.7908821523763383,108.2665781113483,49.95417265282504
1.8227672945551454,108.2665781113483,51.192563748894656
1.8546524367339527,108.2665781113483,51.10775131767001
1.8865375789127599,108.2665781113483,52.0255999830273
1.9184227210915672,108.2665781113483,52.34502039278154
1.9503078632703743,108.2665781113483,52.86694724464036
1.9821930054491814,108.2665781113483,53.64892288177106
2.0140781476279885,108.2665781113483,53.53933776758484
2.045963289806796,108.2665781113483,54.92864609596511
2.077848431985603,108.2665781113483,54.84254420425336
2.1097335741644105,108.2665781113483,56.733211785744636
2.141618716343218,108.2665781113483,56.049707908775105
2.1735038585220248,108.2665781113483,57.31501423774816
2.2053890007008317,108.2665781113483,56.67087950495505
2.237274142879639,108.2665781113483,57.3508744365414
2.2691592850584463,108.2665781113483,57.248856382132104
2.3010444272372537,108.2665781113483,57.32897650546314
2.332929569416061,108.2665781113483,58.04731810646937
2.3648147115948683,108.2665781113483,58.39534728455337
2.3966998537736752,108.2665781113483,60.024666134786806
2.428584995952482,108.2665781113483,59.58766172091384
2.4604701381312895,108.2665781113483,60.26901643392146
2.492355280310097,108.2665781113483,61.77409959127159
2.524240422488904,108.2665781113483,62.62124491586587
2.5561255646677115,108.2665781113483,63.397524124605994
2.588010706846519,108.2665781113483,62.84348603589434
2.619895849025326,108.2665781113483,63.47202805529083
2.6517809912041326,108.2665781113483,64.74527344237049
2.68366613338294,108.2665781113483,66.273675347296
2.7155512755617472,108.2665781113483,65.40858742500045
2.7474364177405546,108.2665781113483,65.7575123079499
2.779321559919362,108.2665781113483,66.61503368073917
2.8112067020981693,108.2665781113483,67.0954736857956
2.8430918442769766,108.2665781113483,67.0757058492682
2.874976986455783,108.2665781113483,67.39498174430344
2.9068621286345904,108.2665781113483,70.20826791430673
2.9387472708133977,108.2665781113483,72.2045989201517
0.4198210386876282,112.6969355351405,83.72901231937674
0.45170618086643544,112.6969355351405,79.59303674017107
0.48359132304524266,112.6969355351405,74.63143936387117
0.5154764652240499,112.6969355351405,70.9646373977809
0.5473616074028571,112.6969355351405,68.87026385478497
0.5792467495816642,112.6969355351405,66.39644198811759
0.6111318917604714,112.6969355351405,62.83118754102114
0.6430170339392787,112.6969355351405,61.08296294536538
0.6749021761180859,112.6969355351405,58.23875274908895
0.7067873182968931,112.6969355351405,56.46815672217566
0.7386724604757003,112.6969355351405,54.427280607743
0.7705576026545076,112.6969355351405,52.69970455766767
0.8024427448333147,112.6969355351405,51.236312158546546
0.834327887012122,112.6969355351405,49.91745119792791
0.8662130291909291,112.6969355351405,48.689775910101766
0.8980981713697364,112.6969355351405,47.73827495944542
0.9299833135485436,112.6969355351405,46.81367642743288
0.9618684557273508,112.6969355351405,45.856692089653656
0.993753597906158,112.6969355351405,45.28738686498367
1.0256387400849651,112.6969355351405,44.66511378375155
1.0575238822637725,112.6969355351405,43.676234952166226
1.0894090244425796,112.6969355351405,43.45218224133507
1.1212941666213867,112.6969355351405,42.80834447514646
1.153179308800194,112.6969355351405,42.5763914379813
1.1850644509790014,112.6969355351405,42.35145583872325
1.2169495931578085,112.6969355351405,42.480355847945404
1.2488347353366156,112.6969355351405,42.659586090130816
1.280719877515423,112.6969355351405,42.50218034039603
1.31260501969423,112.6969355351405,42.890419281920096
1.3444901618730372,112.6969355351405,42.824114959187284
1.3763753040518445,112.6969355351405,43.36599324566078
1.4082604462306518,112.6969355351405,43.72948907420232
1.440145588409459,112.6969355351405,44.04351982438344
1.472030730588266,112.6969355351405,531.8252016913365
1.5039158727670734,112.6969355351405,41564.31558856426
1.5358010149458805,112.6969355351405,36514.542520383904
1.5676861571246878,112.6969355351405,45.77314509598691
1.599571299303495,112.6969355351405,46.212352378317554
1.6314564414823023,112.6969355351405,46.90345378960936
1.6633415836611094,112.6969355351405,47.279789492227636
1.6952267258399167,112.6969355351405,48.43130071678433
1.7271118680187239,112.6969355351405,48.416359235715525
1.758997010197531,112.6969355351405,49.697569694856284
1.7908821523763383,112.6969355351405,49.54709838227581
1.8227672945551454,112.6969355351405,50.81099735403765
1.8546524367339527,112.6969355351405,50.691550220272205
1.8865375789127599,112.6969355351405,51.56073275342298
1.9184227210915672,112.6969355351405,51.987822562708516
1.9503078632703743,112.6969355351405,52.33557672558584
1.9821930054491814,112.6969355351405,53.36798520606008
2.0140781476279885,112.6969355351405,52.98027745414616
2.045963289806796,112.6969355351405,54.52860580004432
2.077848431985603,112.6969355351405,54.18737416391886
2.1097335741644105,112.6969355351405,56.19740946311017
2.141618716343218,112.6969355351405,55.37528378189291
2.1735038585220248,112.6969355351405,56.71914534399397
2.2053890007008317,112.6969355351405,56.07994480684348
2.237274142879639,112.6969355351405,56.7354229806771
2.2691592850584463,112.6969355351405,56.80619213005525
2.3010444272372537,112.6969355351405,56.723072569233906
2.332929569416061,112.6969355351405,57.73359547648157
2.3648147115948683,112.6969355351405,57.698909270267606
2.3966998537736752,112.6969355351405,59.49707770091755
2.428584995952482,112.6969355351405,58.8318723867738
2.4604701381312895,112.6969355351405,59.449901268233106
2.492355280310097,112.6969355351405,61.23174663305265
2.524240422488904,112.6969355351405,61.82314095616591
2.5561255646677115,112.6969355351405,62.73074325618356
2.588010706846519,112.6969355351405,62.00884353916173
2.619895849025326,112.6969355351405,62.45000499887759
2.6517809912041326,112.6969355351405,63.77652901247658
2.68366613338294,112.6969355351405,65.46620438964278
2.7155512755617472,112.6969355351405,64.69188843541556
2.7474364177405546,112.6969355351405,64.6523082087528
2.779321559919362,112.6969355351405,65.60751020746625
2.8112067020981693,112.6969355351405,66.0871787543874
2.8430918442769766,112.6969355351405,65.92462417851065
2.874976986455783,112.6969355351405,66.5345092757056
2.9068621286345904,112.6969355351405,69.81219621247288
2.9387472708133977,112.6969355351405,71.78180355346856
0.4198210386876282,117.12729295893268,82.73199731876137
0.45170618086643544,117.12729295893268,78.93906267022847
0.48359132304524266,117.12729295893268,73.80931444991938
0.5154764652240499,117.12729295893268,70.30331337885848
0.5473616074028571,117.12729295893268,68.30689930155268
0.5792467495816642,117.12729295893268,65.95722175609143
0.6111318917604714,117.12729295893268,62.42003854395065
0.6430170339392787,117.12729295893268,60.771398465141
0.6749021761180859,117.12729295893268,57.99190371060082
0.7067873182968931,117.12729295893268,56.27645871239138
0.7386724604757003,117.12729295893268,54.345067369228595
0.7705576026545076,117.12729295893268,52.631610752422354
0.8024427448333147,117.12729295893268,51.21970683553626
0.834327887012122,117.12729295893268,49.948064635471624
0.8662130291909291,117.12729295893268,48.759753301830635
0.8980981713697364,117.12729295893268,47.86518197671013
0.9299833135485436,117.12729295893268,46.95229491465333
0.9618684557273508,117.12729295893268,46.01760898769945
0.993753597906158,117.12729295893268,45.433936916617036
1.0256387400849651,117.12729295893268,44.727649425952485
1.0575238822637725,117.12729295893268,43.90900238391915
1.0894090244425796,117.12729295893268,43.68184566720314
1.1212941666213867,117.12729295893268,43.03268219827127
1.153179308800194,117.12729295893268,42.76952128965256
1.1850644509790014,117.12729295893268,42.49512620002767
1.2169495931578085,117.12729295893268,42.67029631271517
1.2488347353366156,117.12729295893268,42.84349221782845
1.280719877515423,117.12729295893268,42.59775936770932
1.31260501969423,117.12729295893268,43.042826864312005
1.3444901618730372,117.12729295893268,42.96249334621227
1.3763753040518445,117.12729295893268,43.42831112753658
1.4082604462306518,117.12729295893268,43.76522270370822
1.440145588409459,117.12729295893268,44.0308862832518
1.472030730588266,117.12729295893268,512.9301287521699
1.5039158727670734,117.12729295893268,44406.25526333916
1.5358010149458805,117.12729295893268,42361.061922048844
1.5676861571246878,117.12729295893268,116.38887573649471
1.599571299303495,117.12729295893268,46.0257727109634
1.6314564414823023,117.12729295893268,46.755676113479325
1.6633415836611094,117.12729295893268,46.99172782673485
1.6952267258399167,117.12729295893268,48.17938977258034
1.7271118680187239,117.12729295893268,48.064094652020266
1.758997010197531,117.12729295893268,49.36919497241696
1.7908821523763383,117.12729295893268,49.1606986497005
1.8227672945551454,117.12729295893268,50.40326920538499
1.8546524367339527,117.12729295893268,50.316476508272146
1.8865375789127599,117.12729295893268,51.07430388769616
1.9184227210915672,117.12729295893268,51.6950983195893
1.9503078632703743,117.12729295893268,51.790093251294294
1.9821930054491814,117.12729295893268,53.01067768586975
2.0140781476279885,117.12729295893268,52.4164355640727
2.045963289806796,117.12729295893268,54.067193918856674
2.077848431985603,117.12729295893268,53.5383490460914
2.1097335741644105,117.12729295893268,55.60809031258041
2.141618716343218,117.12729295893268,54.72853783489016
2.1735038585220248,117.12729295893268,56.08000265858002
2.2053890007008317,117.12729295893268,55.53958741932942
2.237274142879639,117.12729295893268,56.08969032669043
2.2691592850584463,117.12729295893268,56.43121960850776
2.3010444272372537,117.12729295893268,56.09946289934285
2.332929569416061,117.12729295893268,57.34321962830908
2.3648147115948683,117.12729295893268,56.99472987993872
2.3966998537736752,117.12729295893268,58.91307270125581
2.428584995952482,117.12729295893268,58.09998584134231
2.4604701381312895,117.12729295893268,58.652846662678165
2.492355280310097,117.12729295893268,60.656288434803514
2.524240422488904,117.12729295893268,60.98100350135255
2.5561255646677115,117.12729295893268,61.936521695278266
2.588010706846519,117.12729295893268,61.266185154543145
2.619895849025326,117.12729295893268,61.43213155808681
2.6517809912041326,117.12729295893268,62.765726511386
2.68366613338294,117.12729295893268,64.57039820464833
2.7155512755617472,117.12729295893268,64.11482370217833
2.7474364177405546,117.12729295893268,63.536277264249506
2.779321559919362,117.12729295893268,64.54487151822481
2.8112067020981693,117.12729295893268,65.02376861367738
2.8430918442769766,117.12729295893268,64.7298133883332
2.874976986455783,117.12729295893268,65.8556023170225
2.9068621286345904,117.12729295893268,69.37037828148827
2.9387472708133977,117.12729295893268,71.31381080114663
0.4198210386876282,121.55765038272489,81.7023330682
0.45170618086643544,121.55765038272489,78.29906278350919
0.48359132304524266,121.55765038272489,73.0138298526924
0.5154764652240499,121.55765038272489,69.67721296738807
0.5473616074028571,121.55765038272489,67.72614774009604
0.5792467495816642,121.55765038272489,65.45339347140931
0.6111318917604714,121.55765038272489,62.016891399993476
0.6430170339392787,121.55765038272489,60.433140549596516
0.6749021761180859,121.55765038272489,57.75547072638476
0.7067873182968931,121.55765038272489,56.07332519585776
0.7386724604757003,121.55765038272489,54.266961689773936
0.7705576026545076,121.55765038272489,52.56093216112158
0.8024427448333147,121.55765038272489,51.20326207557229
0.834327887012122,121.55765038272489,49.97847860657511
0.8662130291909291,121.55765038272489,48.83129540913531
0.8980981713697364,121.55765038272489,47.98908128208036
0.9299833135485436,121.55765038272489,47.03889331463981
0.9618684557273508,121.55765038272489,46.1914320615407
0.993753597906158,121.55765038272489,45.56016975382854
1.0256387400849651,121.55765038272489,44.7942159790505
1.0575238822637725,121.55765038272489,44.16906927936772
1.0894090244425796,121.55765038272489,43.91539997582753
1.1212941666213867,121.55765038272489,43.267593575346325
1.153179308800194,121.55765038272489,42.977261751855494
1.1850644509790014,121.55765038272489,42.72023462676034
1.2169495931578085,121.55765038272489,42.871924617614646
1.2488347353366156,121.55765038272489,43.01621128802574
1.280719877515423,121.55765038272489,42.759845455587595
1.31260501969423,121.55765038272489,43.19151816084035
1.3444901618730372,121.55765038272489,43.103986571015064
1.3763753040518445,121.55765038272489,43.489207332095916
1.4082604462306518,121.55765038272489,43.80365237235782
1.440145588409459,121.55765038272489,44.02050763974196
1.472030730588266,121.55765038272489,494.03390207318233
1.5039158727670734,121.55765038272489,44967.601559969255
1.5358010149458805,121.55765038272489,47638.64604587493
1.5676861571246878,121.55765038272489,1267.5351992621277
1.599571299303495,121.55765038272489,45.83838007230283
1.6314564414823023,121.55765038272489,46.586848395099295
1.6633415836611094,121.55765038272489,46.707574834649726
1.6952267258399167,121.55765038272489,47.90434588923743
1.7271118680187239,121.55765038272489,47.724947038802334
1.758997010197531,121.55765038272489,49.01932500549553
1.7908821523763383,121.55765038272489,48.80551286303428
1.8227672945551454,121.55765038272489,49.97763254566689
1.8546524367339527,121.55765038272489,49.99457475718115
1.8865375789127599,121.55765038272489,50.575854467383095
1.9184227210915672,121.55765038272489,51.39686457907076
1.9503078632703743,121.55765038272489,51.24095185443103
1.9821930054491814,121.55765038272489,52.588422413544606
2.0140781476279885,121.55765038272489,51.85868255873133
2.045963289806796,121.55765038272489,53.55789646272091
2.077848431985603,121.55765038272489,52.91051789650155
2.1097335741644105,121.55765038272489,54.97796655052172
2.141618716343218,121.55765038272489,54.12548779174875
2.1735038585220248,121.55765038272489,55.41069997208244
2.2053890007008317,121.55765038272489,55.0656174183744
2.237274142879639,121.55765038272489,55.42634713770933
2.2691592850584463,121.55765038272489,56.08138301362865
2.3010444272372537,121.55765038272489,55.470111924682136
2.332929569416061,121.55765038272489,56.87501066536585
2.3648147115948683,121.55765038272489,56.29639372970299
2.3966998537736752,121.55765038272489,58.28322332665099
2.428584995952482,121.55765038272489,57.39836622435473
2.4604701381312895,121.55765038272489,57.88421675699205
2.492355280310097,121.55765038272489,59.96494532941367
2.524240422488904,121.55765038272489,60.1114498198503
2.5561255646677115,121.55765038272489,61.05173231127912
2.588010706846519,121.55765038272489,60.64082418907053
2.619895849025326,121.55765038272489,60.43838111566078
2.6517809912041326,121.55765038272489,61.73261279245166
2.68366613338294,121.55765038272489,63.606073114990934
2.7155512755617472,121.55765038272489,63.468874858296275
2.7474364177405546,121.55765038272489,62.45563841186966
2.779321559919362,121.55765038272489,63.44791689282524
2.8112067020981693,121.55765038272489,63.926042543475866
2.8430918442769766,121.55765038272489,63.545179493113686
2.874976986455783,121.55765038272489,65.40256721569807
2.9068621286345904,121.55765038272489,68.88653332979847
2.9387472708133977,121.55765038272489,70.8041189451415
0.4198210386876282,125.98800780651707,80.6598079497298
0.45170618086643544,125.98800780651707,77.5988849669477
0.48359132304524266,125.98800780651707,72.25156212329476
0.5154764652240499,125.98800780651707,69.09291271447432
0.5473616074028571,125.98800780651707,67.1385472775832
0.5792467495816642,125.98800780651707,64.90896448246932
0.6111318917604714,125.98800780651707,61.629175812255305
0.6430170339392787,125.98800780651707,60.07562105535005
0.6749021761180859,125.98800780651707,57.534382571725466
0.7067873182968931,125.98800780651707,55.86300742171802
0.7386724604757003,125.98800780651707,54.19330886201658
0.7705576026545076,125.98800780651707,52.48905355529796
0.8024427448333147,125.98800780651707,51.18713020443256
0.834327887012122,125.98800780651707,50.008028422196396
0.8662130291909291,125.98800780651707,48.90301745104534
0.8980981713697364,125.98800780651707,48.10558138544897
0.9299833135485436,125.98800780651707,47.057902121777964
0.9618684557273508,125.98800780651707,46.37665444254656
0.993753597906158,125.98800780651707,45.66276716561933
1.0256387400849651,125.98800780651707,45.00672499704573
1.0575238822637725,125.98800780651707,44.44766768720499
1.0894090244425796,125.98800780651707,44.148372353861795
1.1212941666213867,125.98800780651707,43.508481162456185
1.153179308800194,125.98800780651707,43.19751494765262
1.1850644509790014,125.98800780651707,42.97660705037082
1.2169495931578085,125.98800780651707,43.08914573825143
1.2488347353366156,125.98800780651707,43.17332595348036
1.280719877515423,125.98800780651707,42.95984358595452
1.31260501969423,125.98800780651707,43.33483814020805
1.3444901618730372,125.98800780651707,43.246089225601715
1.3763753040518445,125.98800780651707,43.5478527273267
1.4082604462306518,125.98800780651707,43.84386413126552
1.440145588409459,125.98800780651707,44.01310014648742
1.472030730588266,125.98800780651707,475.1370799256484
1.5039158727670734,125.98800780651707,43213.37078681925
1.5358010149458805,125.98800780651707,52099.22944372153
1.5676861571246878,125.98800780651707,3541.957316692871
1.599571299303495,125.98800780651707,45.65387180692616
1.6314564414823023,125.98800780651707,46.401356413431174
1.6633415836611094,125.98800780651707,46.43299423507207
1.6952267258399167,125.98800780651707,47.612394322876234
1.7271118680187239,125.98800780651707,47.407674182236484
1.758997010197531,125.98800780651707,48.65493904621413
1.7908821523763383,125.98800780651707,48.4920804302123
1.8227672945551454,125.98800780651707,49.542340617613625
1.8546524367339527,125.98800780651707,49.73458975798867
1.8865375789127599,125.98800780651707,50.074925574020156
1.9184227210915672,125.98800780651707,51.03417774245384
1.9503078632703743,125.98800780651707,50.69860756766127
1.9821930054491814,125.98800780651707,52.11419826901033
2.0140781476279885,125.98800780651707,51.31788889948895
2.045963289806796,125.98800780651707,53.013969399565624
2.077848431985603,125.98800780651707,52.32035889397218
2.1097335741644105,125.98800780651707,54.31975039330046
2.141618716343218,125.98800780651707,53.582151376450454
2.1735038585220248,125.98800780651707,54.72435107507743
2.2053890007008317,125.98800780651707,54.67384487993993
2.237274142879639,125.98800780651707,54.75806407686182
2.2691592850584463,125.98800780651707,55.64583446722865
2.3010444272372537,125.98800780651707,54.84698407414397
2.332929569416061,125.98800780651707,56.34390217476482
2.3648147115948683,125.98800780651707,55.617485435696814
2.3966998537736752,125.98800780651707,57.61794898225358
2.428584995952482,125.98800780651707,56.733377675546556
2.4604701381312895,125.98800780651707,57.150375690910145
2.492355280310097,125.98800780651707,59.18587245318026
2.524240422488904,125.98800780651707,59.231097180083665
2.5561255646677115,125.98800780651707,60.11324797357515
2.588010706846519,125.98800780651707,60.12094365964175
2.619895849025326,125.98800780651707,59.4918996570205
2.6517809912041326,125.98800780651707,60.69693470902645
2.68366613338294,125.98800780651707,62.59297597402352
2.7155512755617472,125.98800780651707,62.69453229738393
2.7474364177405546,125.98800780651707,61.4566105890428
2.779321559919362,125.98800780651707,62.337445611077975
2.8112067020981693,125.98800780651707,62.81479982359334
2.8430918442769766,125.98800780651707,62.42608035495151
2.874976986455783,125.98800780651707,64.99092598391988
2.9068621286345904,125.98800780651707,68.3643805658491
2.9387472708133977,125.98800780651707,70.25622626740886
0.4198210386876282,130.41836523030926,79.62421034538791
0.45170618086643544,130.41836523030926,76.82188451233209
0.48359132304524266,130.41836523030926,71.52908781283125
0.5154764652240499,130.41836523030926,68.55698917122199
0.5473616074028571,130.41836523030926,66.55463602118226
0.5792467495816642,130.41836523030926,64.34807883365609
0.6111318917604714,130.41836523030926,61.265343243882164
0.6430170339392787,130.41836523030926,59.706248511007686
0.6749021761180859,130.41836523030926,57.33356802190774
0.7067873182968931,130.41836523030926,55.649756639115374
0.7386724604757003,130.41836523030926,54.12381744233043
0.7705576026545076,130.41836523030926,52.417359706483964
0.8024427448333147,130.41836523030926,51.171463154930834
0.834327887012122,130.41836523030926,50.03604939329351
0.8662130291909291,130.41836523030926,48.97353464659029
0.8980981713697364,130.41836523030926,48.210290796708755
0.9299833135485436,130.41836523030926,47.115366858032814
0.9618684557273508,130.41836523030926,46.571769262086285
0.993753597906158,130.41836523030926,45.773217221235875
1.0256387400849651,130.41836523030926,45.24625277964841
1.0575238822637725,130.41836523030926,44.736029656124025
1.0894090244425796,130.41836523030926,44.376289987959474
1.1212941666213867,130.41836523030926,43.750747515685426
1.153179308800194,130.41836523030926,43.425697282739485
1.1850644509790014,130.41836523030926,43.24796150758381
1.2169495931578085,130.41836523030926,43.33116540709926
1.2488347353366156,130.41836523030926,43.31041886694986
1.280719877515423,130.41836523030926,43.160138997122104
1.31260501969423,130.41836523030926,43.47113177111813
1.3444901618730372,130.41836523030926,43.38629590197827
1.3763753040518445,130.41836523030926,43.603418181216846
1.4082604462306518,130.41836523030926,43.884944031545686
1.440145588409459,130.41836523030926,44.00938005612176
1.472030730588266,130.41836523030926,456.24022058084256
1.5039158727670734,130.41836523030926,40758.51427340731
1.5358010149458805,130.41836523030926,55494.74666744816
1.5676861571246878,130.41836523030926,6567.556293210734
1.599571299303495,130.41836523030926,45.47594525942371
1.6314564414823023,130.41836523030926,46.20358594743678
1.6633415836611094,130.41836523030926,46.17376076110266
1.6952267258399167,130.41836523030926,47.30917263325151
1.7271118680187239,130.41836523030926,47.12103386849743
1.758997010197531,130.41836523030926,48.28301634669484
1.7908821523763383,130.41836523030926,48.23094075916965
1.8227672945551454,130.41836523030926,49.10564666395545
1.8546524367339527,130.41836523030926,49.45659379855411
1.8865375789127599,130.41836523030926,49.58105828914364
1.9184227210915672,130.41836523030926,50.61884992112056
1.9503078632703743,130.41836523030926,50.17351542365033
1.9821930054491814,130.41836523030926,51.60098413219249
2.0140781476279885,130.41836523030926,50.80492504771248
2.045963289806796,130.41836523030926,52.44699724981973
2.077848431985603,130.41836523030926,51.784368325332665
2.1097335741644105,130.41836523030926,53.64615405728299
2.141618716343218,130.41836523030926,53.1145463129771
2.1735038585220248,130.41836523030926,54.034069758141115
2.2053890007008317,130.41836523030926,54.28857654978212
2.237274142879639,130.41836523030926,54.097511807275886
2.2691592850584463,130.41836523030926,55.135944428176096
2.3010444272372537,130.41836523030926,54.242043776620484
2.332929569416061,130.41836523030926,55.76482774361906
2.3648147115948683,130.41836523030926,54.97158961405651
2.3966998537736752,130.41836523030926,56.924333918305074
2.428584995952482,130.41836523030926,56.11138433465316
2.4604701381312895,130.41836523030926,56.457687604167944
2.492355280310097,130.41836523030926,58.34992155237893
2.524240422488904,130.41836523030926,58.356562850477204
2.5561255646677115,130.41836523030926,59.160843298119374
2.588010706846519,130.41836523030926,59.494609498098754
2.619895849025326,130.41836523030926,58.617979665439705
2.6517809912041326,130.41836523030926,59.67843911446326
2.68366613338294,130.41836523030926,61.55085363509899
2.7155512755617472,130.41836523030926,61.816255824218366
2.7474364177405546,130.41836523030926,60.58541273319859
2.779321559919362,130.41836523030926,61.23425695279335
2.8112067020981693,130.41836523030926,61.71083973384016
2.8430918442769766,130.41836523030926,61.42787383594613
2.874976986455783,130.41836523030926,64.53971627537462
2.9068621286345904,130.41836523030926,67.80763919808585
2.9387472708133977,130.41836523030926,69.67363104990437
0.4198210386876282,134.84872265410146,78.61532863721149
0.45170618086643544,134.84872265410146,75.98544805745448
0.48359132304524266,134.84872265410146,70.85298347240668
0.5154764652240499,134.84872265410146,68.07601888873585
0.5473616074028571,134.84872265410146,65.9849520780614
0.5792467495816642,134.84872265410146,63.79707762707556
0.6111318917604714,134.84872265410146,60.93433474431242
0.6430170339392787,134.84872265410146,59.33243144517557
0.6749021761180859,134.84872265410146,57.15795585221632
0.7067873182968931,134.84872265410146,55.43782409719296
0.7386724604757003,134.84872265410146,54.03465599320779
0.7705576026545076,134.84872265410146,52.34723538621225
0.8024427448333147,134.84872265410146,51.156377447668476
0.834327887012122,134.84872265410146,50.061876830824495
0.8662130291909291,134.84872265410146,49.04146221479975
0.8980981713697364,134.84872265410146,48.29870348892113
0.9299833135485436,134.84872265410146,47.21038887660503
0.9618684557273508,134.84872265410146,46.757337522926555
0.993753597906158,134.84872265410146,45.90367282489343
1.0256387400849651,134.84872265410146,45.45994814246792
1.0575238822637725,134.84872265410146,45.013409310099455
1.0894090244425796,134.84872265410146,44.59468006477409
1.1212941666213867,134.84872265410146,43.98979519111859
1.153179308800194,134.84872265410146,43.657225162811685
1.1850644509790014,134.84872265410146,43.526824182010046
1.2169495931578085,134.84872265410146,43.56966021447706
1.2488347353366156,134.84872265410146,43.42307268119185
1.280719877515423,134.84872265410146,43.34899350060203
1.31260501969423,134.84872265410146,43.59874402227359
1.3444901618730372,134.84872265410146,43.522101192150785
1.3763753040518445,134.84872265410146,43.65507456175426
1.4082604462306518,134.84872265410146,43.92597812431265
1.440145588409459,134.84872265410146,44.010834150537264
1.472030730588266,134.84872265410146,437.3438823100395
1.5039158727670734,134.84872265410146,37970.838089908655
1.5358010149458805,134.84872265410146,57577.13226891424
1.5676861571246878,134.84872265410146,9972.233193997754
1.599571299303495,134.84872265410146,45.3082977743858
1.6314564414823023,134.84872265410146,45.99792277607799
1.6633415836611094,134.84872265410146,45.93706453346727
1.6952267258399167,134.84872265410146,47.00034453946312
1.7271118680187239,134.84872265410146,46.8737838837599
1.758997010197531,134.84872265410146,47.91053615905978
1.7908821523763383,134.84872265410146,48.02311258875546
1.8227672945551454,134.84872265410146,48.67580392742262
1.8546524367339527,134.84872265410146,49.12943288594941
1.8865375789127599,134.84872265410146,49.103793694289884
1.9184227210915672,134.84872265410146,50.162693226452944
1.9503078632703743,134.84872265410146,49.67613045506349
1.9821930054491814,134.84872265410146,51.0617588830168
2.0140781476279885,134.84872265410146,50.33079270228418
2.045963289806796,134.84872265410146,51.86785155404213
2.077848431985603,134.84872265410146,51.31904247741229
2.1097335741644105,134.84872265410146,52.96988975883567
2.141618716343218,134.84872265410146,52.73677736037071
2.1735038585220248,134.84872265410146,53.352969811849725
2.2053890007008317,134.84872265410146,53.819169188558384
2.237274142879639,134.84872265410146,53.45736099207953
2.2691592850584463,134.84872265410146,54.56763448075676
2.3010444272372537,134.84872265410146,53.66725546100391
2.332929569416061,134.84872265410146,55.15272095904152
2.3648147115948683,134.84872265410146,54.3724565565662
2.3966998537736752,134.84872265410146,56.213739866629815
2.428584995952482,134.84872265410146,55.53875034141
2.4604701381312895,134.84872265410146,55.81251663650079
2.492355280310097,134.84872265410146,57.48794437328541
2.524240422488904,134.84872265410146,57.5044640994554
2.5561255646677115,134.84872265410146,58.23003836633477
2.588010706846519,134.84872265410146,58.75464535097236
2.619895849025326,134.84872265410146,57.841934447950344
2.6517809912041326,134.84872265410146,58.69687286211502
2.68366613338294,134.84872265410146,60.499452951570255
2.7155512755617472,134.84872265410146,60.858505243576396
2.7474364177405546,134.84872265410146,59.888263781766575
2.779321559919362,134.84872265410146,60.15915019778183
2.8112067020981693,134.84872265410146,60.63496155402675
2.8430918442769766,134.84872265410146,60.60591779819693
2.874976986455783,134.84872265410146,64.05265729850785
2.9068621286345904,134.84872265410146,67.22002843495427
2.9387472708133977,134.84872265410146,69.05983157458368
0.4198210386876282,139.27908007789364,77.65295120723766
0.45170618086643544,139.27908007789364,75.10696224010685
0.48359132304524266,139.27908007789364,70.22982565312557
0.5154764652240499,139.27908007789364,67.63762906714196
0.5473616074028571,139.27908007789364,65.44003355538868
0.5792467495816642,139.27908007789364,63.27084184789605
0.6111318917604714,139.27908007789364,60.64509136298454
0.6430170339392787,139.27908007789364,58.961578386459834
0.6749021761180859,139.27908007789364,57.00677454280591
0.7067873182968931,139.27908007789364,55.231461045094
0.7386724604757003,139.27908007789364,53.91777301562868
0.7705576026545076,139.27908007789364,52.28006536601535
0.8024427448333147,139.27908007789364,51.14206137648217
0.834327887012122,139.27908007789364,50.08468679125784
0.8662130291909291,139.27908007789364,49.10541537470328
0.8980981713697364,139.27908007789364,48.36377556755897
0.9299833135485436,139.27908007789364,47.331182926614275
0.9618684557273508,139.27908007789364,46.86612992109552
0.993753597906158,139.27908007789364,46.050053722992594
1.0256387400849651,139.27908007789364,45.647462835144886
1.0575238822637725,139.27908007789364,45.25588737967002
1.0894090244425796,139.27908007789364,44.79906977095914
1.1212941666213867,139.27908007789364,44.22102674484026
1.153179308800194,139.27908007789364,43.88751499356483
1.1850644509790014,139.27908007789364,43.8057212572603
1.2169495931578085,139.27908007789364,43.649651805547116
1.2488347353366156,139.27908007789364,43.52909507640063
1.280719877515423,139.27908007789364,43.524042659549615
1.31260501969423,139.27908007789364,43.716019862377436
1.3444901618730372,139.27908007789364,43.65099968812536
1.3763753040518445,139.27908007789364,43.70199273692691
1.4082604462306518,139.27908007789364,43.96605246068083
1.440145588409459,139.27908007789364,44.01976033719008
1.472030730588266,139.27908007789364,418.4486233845139
1.5039158727670734,139.27908007789364,34912.35969384353
1.5358010149458805,139.27908007789364,58098.320799979214
1.5676861571246878,139.27908007789364,13383.889084235896
1.599571299303495,139.27908007789364,45.15462669640278
1.6314564414823023,139.27908007789364,45.78870959301528
1.6633415836611094,139.27908007789364,45.73058833313451
1.6952267258399167,139.27908007789364,46.69157376061096
1.7271118680187239,139.27908007789364,46.67468201419862
1.758997010197531,139.27908007789364,47.54447773543106
1.7908821523763383,139.27908007789364,47.79048734618597
1.8227672945551454,139.27908007789364,48.26106565074539
1.8546524367339527,139.27908007789364,48.76317053734552
1.8865375789127599,139.27908007789364,48.65267287099521
1.9184227210915672,139.27908007789364,49.67751976983299
1.9503078632703743,139.27908007789364,49.216907694566
1.9821930054491814,139.27908007789364,50.50950094754508
2.0140781476279885,139.27908007789364,49.90797485726222
2.045963289806796,139.27908007789364,51.28740277359974
2.077848431985603,139.27908007789364,50.940877637040465
2.1097335741644105,139.27908007789364,52.30366971432486
2.141618716343218,139.27908007789364,52.34388572414105
2.1735038585220248,139.27908007789364,52.69416502677939
2.2053890007008317,139.27908007789364,53.28190893872357
2.237274142879639,139.27908007789364,52.85028229440071
2.2691592850584463,139.27908007789364,53.9568262092565
2.3010444272372537,139.27908007789364,53.1345835561864
2.332929569416061,139.27908007789364,54.52251540814523
2.3648147115948683,139.27908007789364,53.83656258322907
2.3966998537736752,139.27908007789364,55.49975144336415
2.428584995952482,139.27908007789364,55.02183983555246
2.4604701381312895,139.27908007789364,55.22122692764414
2.492355280310097,139.27908007789364,56.630792662175416
2.524240422488904,139.27908007789364,56.691418195442765
2.5561255646677115,139.27908007789364,57.338286287141365
2.588010706846519,139.27908007789364,57.93792408765167
2.619895849025326,139.27908007789364,57.18907731158432
2.6517809912041326,139.27908007789364,57.77198280533465
2.68366613338294,139.27908007789364,59.45852077679025
2.7155512755617472,139.27908007789364,59.845740360235034
2.7474364177405546,139.27908007789364,59.33842750080957
2.779321559919362,139.27908007789364,59.1329246258538
2.8112067020981693,139.27908007789364,59.607964563963485
2.8430918442769766,139.27908007789364,60.01557010380332
2.874976986455783,139.27908007789364,63.53346826176524
2.9068621286345904,139.27908007789364,66.60526748490001
2.9387472708133977,139.27908007789364,68.41832612340245
0.4198210386876282,143.70943750168584,76.7568664375036
0.45170618086643544,143.70943750168584,74.20381369808119
0.48359132304524266,143.70943750168584,69.66619090609278
0.5154764652240499,143.70943750168584,67.180597721322
0.5473616074028571,143.70943750168584,64.93041856033223
0.5792467495816642,143.70943750168584,62.77990960328567
0.6111318917604714,143.70943750168584,60.40655414933689
0.6430170339392787,143.70943750168584,58.6010978634666
0.6749021761180859,143.70943750168584,56.82221544835307
0.7067873182968931,143.70943750168584,55.03491873196169
0.7386724604757003,143.70943750168584,53.77892212327552
0.7705576026545076,143.70943750168584,52.21723441742584
0.8024427448333147,143.70943750168584,51.12875182565937
0.834327887012122,143.70943750168584,50.103396712575965
0.8662130291909291,143.70943750168584,49.16400934533045
0.8980981713697364,143.70943750168584,48.39598554113242
0.9299833135485436,143.70943750168584,47.46531603838718
0.9618684557273508,143.70943750168584,46.890827964818904
0.993753597906158,143.70943750168584,46.20827966193396
1.0256387400849651,143.70943750168584,45.81430376733493
1.0575238822637725,143.70943750168584,45.45635724910964
1.0894090244425796,143.70943750168584,44.98498629316818
1.1212941666213867,143.70943750168584,44.43984473293497
1.153179308800194,143.70943750168584,44.111983180694494
1.1850644509790014,143.70943750168584,44.07202354654641
1.2169495931578085,143.70943750168584,43.71229007339681
1.2488347353366156,143.70943750168584,43.658495479775354
1.280719877515423,143.70943750168584,43.682922037120264
1.31260501969423,143.70943750168584,43.82130426013261
1.3444901618730372,143.70943750168584,43.770485981908
1.3763753040518445,143.70943750168584,43.7562663907817
1.4082604462306518,143.70943750168584,44.00425309176456
1.440145588409459,143.70943750168584,44.03498650062307
1.472030730588266,143.70943750168584,399.5550020755403
1.5039158727670734,143.70943750168584,31645.096542732015
1.5358010149458805,143.70943750168584,56810.24681250255
1.5676861571246878,143.70943750168584,16423.820088030858
1.599571299303495,143.70943750168584,45.018629370064936
1.6314564414823023,143.70943750168584,45.58022887251949
1.6633415836611094,143.70943750168584,45.56193668982928
1.6952267258399167,143.70943750168584,46.38852401579487
1.7271118680187239,143.70943750168584,46.51597007105169
1.758997010197531,143.70943750168584,47.19182032793077
1.7908821523763383,143.70943750168584,47.520384006387616
1.8227672945551454,143.70943750168584,47.869685076654015
1.8546524367339527,143.70943750168584,48.367870269913354
1.8865375789127599,143.70943750168584,48.23723690079593
1.9184227210915672,143.70943750168584,49.17518757441078
1.9503078632703743,143.70943750168584,48.806302174823145
1.9821930054491814,143.70943750168584,49.95817414050201
2.0140781476279885,143.70943750168584,49.54967535556375
2.045963289806796,143.70943750168584,50.71652136985946
2.077848431985603,143.70943750168584,50.65677421790065
2.1097335741644105,143.70943750168584,51.660206140116905
2.141618716343218,143.70943750168584,51.87954250417342
2.1735038585220248,143.70943750168584,52.07076919350628
2.2053890007008317,143.70943750168584,52.693239881804125
2.237274142879639,143.70943750168584,52.28894637736744
2.2691592850584463,143.70943750168584,53.31944119796111
2.3010444272372537,143.70943750168584,52.65599249106013
2.332929569416061,143.70943750168584,53.8914507824325
2.3648147115948683,143.70943750168584,53.381777979400624
2.3966998537736752,143.70943750168584,54.7959532646444
2.428584995952482,143.70943750168584,54.5668446434002
2.4604701381312895,143.70943750168584,54.69018261733343
2.492355280310097,143.70943750168584,55.810750358189544
2.524240422488904,143.70943750168584,55.934042406863824
2.5561255646677115,143.70943750168584,56.50220432896367
2.588010706846519,143.70943750168584,57.08131857752567
2.619895849025326,143.70943750168584,56.68472156337354
2.6517809912041326,143.70943750168584,56.923515797475055
2.68366613338294,143.70943750168584,58.44780396411184
2.7155512755617472,143.70943750168584,58.803245363223446
2.7474364177405546,143.70943750168584,58.69351940533966
2.779321559919362,143.70943750168584,58.17637951681964
2.8112067020981693,143.70943750168584,58.65064804346075
2.8430918442769766,143.70943750168584,59.652950589470336
2.874976986455783,143.70943750168584,62.98586837359233
2.9068621286345904,143.70943750168584,65.96692205402495
2.9387472708133977,143.70943750168584,67.75261297831634
0.4198210386876282,148.13979492547804,75.94686271004642
0.45170618086643544,148.13979492547804,73.30549472457332
0.48359132304524266,148.13979492547804,69.16865578241293
0.5154764652240499,148.13979492547804,66.71488592638543
0.5473616074028571,148.13979492547804,64.46664520006017
0.5792467495816642,148.13979492547804,62.33475400997357
0.6111318917604714,148.13979492547804,60.206377092157624
0.6430170339392787,148.13979492547804,58.258398404801966
0.6749021761180859,148.13979492547804,56.595699051162946
0.7067873182968931,148.13979492547804,54.852448406939224
0.7386724604757003,148.13979492547804,53.62385692983077
0.7705576026545076,148.13979492547804,52.16012731197628
0.8024427448333147,148.13979492547804,51.116685679487475
0.834327887012122,148.13979492547804,50.117052994583815
0.8662130291909291,148.13979492547804,49.21585934571082
0.8980981713697364,148.13979492547804,48.41795385062117
0.9299833135485436,148.13979492547804,47.59743862451973
0.9618684557273508,148.13979492547804,46.96493859883184
0.993753597906158,148.13979492547804,46.37406289260516
1.0256387400849651,148.13979492547804,45.962251697163424
1.0575238822637725,148.13979492547804,45.584406668659
1.0894090244425796,148.13979492547804,45.14795681805477
1.1212941666213867,148.13979492547804,44.64165171148729
1.153179308800194,148.13979492547804,44.32604612989627
1.1850644509790014,148.13979492547804,44.29469636657291
1.2169495931578085,148.13979492547804,43.85065756610167
1.2488347353366156,148.13979492547804,43.806725568226305
1.280719877515423,148.13979492547804,43.82326727678854
1.31260501969423,148.13979492547804,43.912942184242155
1.3444901618730372,148.13979492547804,43.87805466550478
1.3763753040518445,148.13979492547804,43.83524033507269
1.4082604462306518,148.13979492547804,44.039666068678216
1.440145588409459,148.13979492547804,44.05509517093858
1.472030730588266,148.13979492547804,380.66357665439335
1.5039158727670734,148.13979492547804,28214.13198013229
1.5358010149458805,148.13979492547804,53464.844858343684
1.5676861571246878,148.13979492547804,18480.913810964044
1.599571299303495,148.13979492547804,44.90415705572768
1.6314564414823023,148.13979492547804,45.37999879374398
1.6633415836611094,148.13979492547804,45.43871413327649
1.6952267258399167,148.13979492547804,46.09685902411473
1.7271118680187239,148.13979492547804,46.33265197990963
1.758997010197531,148.13979492547804,46.859543188681045
1.7908821523763383,148.13979492547804,47.221404995934705
1.8227672945551454,148.13979492547804,47.50991544787875
1.8546524367339527,148.13979492547804,47.954105219750936
1.8865375789127599,148.13979492547804,47.86702686522838
1.9184227210915672,148.13979492547804,48.68351857097975
1.9503078632703743,148.13979492547804,48.454808275805945
1.9821930054491814,148.13979492547804,49.428769424361725
2.0140781476279885,148.13979492547804,49.26909953381413
2.045963289806796,148.13979492547804,50.166081049136814
2.077848431985603,148.13979492547804,50.34795866095016
2.1097335741644105,148.13979492547804,51.05221125257819
2.141618716343218,148.13979492547804,51.359405963679734
2.1735038585220248,148.13979492547804,51.49589610260658
2.2053890007008317,148.13979492547804,52.06962122806479
2.237274142879639,148.13979492547804,51.78602390410769
2.2691592850584463,148.13979492547804,52.689253618720436
2.3010444272372537,148.13979492547804,52.243446694517296
2.332929569416061,148.13979492547804,53.2854583339746
2.3648147115948683,148.13979492547804,53.025850339855765
2.3966998537736752,148.13979492547804,54.11668746976056
2.428584995952482,148.13979492547804,54.12787318070859
2.4604701381312895,148.13979492547804,54.22574784530405
2.492355280310097,148.13979492547804,55.065106181371235
2.524240422488904,148.13979492547804,55.24895400214307
2.5561255646677115,148.13979492547804,55.73876826108522
2.588010706846519,148.13979492547804,56.225002642294356
2.619895849025326,148.13979492547804,56.25651197094387
2.6517809912041326,148.13979492547804,56.171218691889116
2.68366613338294,148.13979492547804,57.487049366887945
2.7155512755617472,148.13979492547804,57.79017994807048
2.7474364177405546,148.13979492547804,57.95114844645136
2.779321559919362,148.13979492547804,57.332034930928856
2.8112067020981693,148.13979492547804,57.78381127232901
2.8430918442769766,148.13979492547804,59.29017090087452
2.874976986455783,148.13979492547804,62.41357684243481
2.9068621286345904,148.13979492547804,65.30794112589871
2.9387472708133977,148.13979492547804,67.06619042128101
0.4198210386876282,152.57015234927022,75.24272840690327
0.45170618086643544,152.57015234927022,72.47948439937245
0.48359132304524266,152.57015234927022,68.74379683319079
0.5154764652240499,152.57015234927022,66.2578271533762
0.5473616074028571,152.57015234927022,64.05925158174063
0.5792467495816642,152.57015234927022,61.946721388809806
0.6111318917604714,152.57015234927022,59.95022132577311
0.6430170339392787,152.57015234927022,57.940888539072105
0.6749021761180859,152.57015234927022,56.3369782278403
0.7067873182968931,152.57015234927022,54.68830131916978
0.7386724604757003,152.57015234927022,53.46344770267017
0.7705576026545076,152.57015234927022,52.110128821199275
0.8024427448333147,152.57015234927022,51.10272344345585
0.834327887012122,152.57015234927022,50.12470430666596
0.8662130291909291,152.57015234927022,49.25958059487396
0.8980981713697364,152.57015234927022,48.487636638256184
0.9299833135485436,152.57015234927022,47.71959150520768
0.9618684557273508,152.57015234927022,47.08330701084791
0.993753597906158,152.57015234927022,46.530964551961056
1.0256387400849651,152.57015234927022,46.091455294426666
1.0575238822637725,152.57015234927022,45.618285646783605
1.0894090244425796,152.57015234927022,45.28350853227238
1.1212941666213867,152.57015234927022,44.82185023658179
1.153179308800194,152.57015234927022,44.524843784894706
1.1850644509790014,152.57015234927022,44.461750180869615
1.2169495931578085,152.57015234927022,44.04109688197848
1.2488347353366156,152.57015234927022,43.968823291232965
1.280719877515423,152.57015234927022,43.94327450130401
1.31260501969423,152.57015234927022,43.98927860340904
1.3444901618730372,152.57015234927022,43.97120033092175
1.3763753040518445,152.57015234927022,43.92963489654361
1.4082604462306518,152.57015234927022,44.07137744253616
1.440145588409459,152.57015234927022,44.078317585716185
1.472030730588266,152.57015234927022,361.77490539234776
1.5039158727670734,152.57015234927022,24310.870121790875
1.5358010149458805,152.57015234927022,47814.049489362114
1.5676861571246878,152.57015234927022,19063.21210312581
1.599571299303495,152.57015234927022,44.815753382485575
1.6314564414823023,152.57015234927022,45.19707949423759
1.6633415836611094,152.57015234927022,45.34617391572678
1.6952267258399167,152.57015234927022,45.82572414815541
1.7271118680187239,152.57015234927022,46.1230378772479
1.758997010197531,152.57015234927022,46.55462556980398
1.7908821523763383,152.57015234927022,46.90382932183956
1.8227672945551454,152.57015234927022,47.19001000714985
1.8546524367339527,152.57015234927022,47.562302760397046
1.8865375789127599,152.57015234927022,47.55158384582888
1.9184227210915672,152.57015234927022,48.2340711612165
1.9503078632703743,152.57015234927022,48.174346328478116
1.9821930054491814,152.57015234927022,48.9449437854535
2.0140781476279885,152.57015234927022,49.0591886721776
2.045963289806796,152.57015234927022,49.65769173949124
2.077848431985603,152.57015234927022,49.98486730796716
2.1097335741644105,152.57015234927022,50.49239726807507
2.141618716343218,152.57015234927022,50.79980459173357
2.1735038585220248,152.57015234927022,50.98265954465647
2.2053890007008317,152.57015234927022,51.46855983982102
2.237274142879639,152.57015234927022,51.35418553774948
2.2691592850584463,152.57015234927022,52.11313425308864
2.3010444272372537,152.57015234927022,51.908654591517156
2.332929569416061,152.57015234927022,52.73164618847712
2.3648147115948683,152.57015234927022,52.780641395427644
2.3966998537736752,152.57015234927022,53.49363198965543
2.428584995952482,152.57015234927022,53.67277984343078
2.4604701381312895,152.57015234927022,53.83428675129143
2.492355280310097,152.57015234927022,54.415657684139504
2.524240422488904,152.57015234927022,54.65277024970506
2.5561255646677115,152.57015234927022,55.06868893993559
2.588010706846519,152.57015234927022,55.4609041286002
2.619895849025326,152.57015234927022,55.73465427017283
2.6517809912041326,152.57015234927022,55.53483834192978
2.68366613338294,152.57015234927022,56.596003838471496
2.7155512755617472,152.57015234927022,56.86434620977624
2.7474364177405546,152.57015234927022,57.13577442892167
2.779321559919362,152.57015234927022,56.67919752390543
2.8112067020981693,152.57015234927022,57.028253530378606
2.8430918442769766,152.57015234927022,58.901438904786524
2.874976986455783,152.57015234927022,61.820312876738264
2.9068621286345904,152.57015234927022,64.63174906932488
2.9387472708133977,152.57015234927022,66.36255673425214
0.4198210386876282,157.00050977306242,74.66425191011132
0.45170618086643544,157.00050977306242,71.76978170483514
0.48359132304524266,157.00050977306242,68.39819060953101
0.5154764652240499,157.00050977306242,65.85122092433879
0.5473616074028571,157.00050977306242,63.72058483584103
0.5792467495816642,157.00050977306242,61.628078872075584
0.6111318917604714,157.00050977306242,59.6461256129948
0.6430170339392787,157.00050977306242,57.6640913171674
0.6749021761180859,157.00050977306242,56.07368512662838
0.7067873182968931,157.00050977306242,54.54672871779655
0.7386724604757003,157.00050977306242,53.323448518051286
0.7705576026545076,157.00050977306242,52.06862371662735
0.8024427448333147,157.00050977306242,51.07538085009824
0.834327887012122,157.00050977306242,50.12816416673328
0.8662130291909291,157.00050977306242,49.293788311849454
0.8980981713697364,157.00050977306242,48.551404477510474
0.9299833135485436,157.00050977306242,47.82530376296043
0.9618684557273508,157.00050977306242,47.19562383156648
0.993753597906158,157.00050977306242,46.66506716366338
1.0256387400849651,157.00050977306242,46.20184730429798
1.0575238822637725,157.00050977306242,45.72797217647152
1.0894090244425796,157.00050977306242,45.38751951091932
1.1212941666213867,157.00050977306242,44.97584286430301
1.153179308800194,157.00050977306242,44.69606957631055
1.1850644509790014,157.00050977306242,44.563736044751025
1.2169495931578085,157.00050977306242,44.21878889485138
1.2488347353366156,157.00050977306242,44.1226316381649
1.280719877515423,157.00050977306242,44.04248479867413
1.31260501969423,157.00050977306242,44.048658486336265
1.3444901618730372,157.00050977306242,44.047417570165
1.3763753040518445,157.00050977306242,44.02132113457043
1.4082604462306518,157.00050977306242,44.098473264452764
1.440145588409459,157.00050977306242,44.09947725564929
1.472030730588266,157.00050977306242,342.88954656067796
1.5039158727670734,157.00050977306242,19658.84129257563
1.5358010149458805,157.00050977306242,39609.79525741722
1.5676861571246878,157.00050977306242,17798.619081116707
1.599571299303495,157.00050977306242,44.75809820561273
1.6314564414823023,157.00050977306242,45.040497705598426
1.6633415836611094,157.00050977306242,45.237465980902066
1.6952267258399167,157.00050977306242,45.59298580158736
1.7271118680187239,157.00050977306242,45.897582698752025
1.758997010197531,157.00050977306242,46.28404672342169
1.7908821523763383,157.00050977306242,46.61786331547488
1.8227672945551454,157.00050977306242,46.918221997197556
1.8546524367339527,157.00050977306242,47.226760038925285
1.8865375789127599,157.00050977306242,47.30044892413374
1.9184227210915672,157.00050977306242,47.84865550041815
1.9503078632703743,157.00050977306242,47.97817897445078
1.9821930054491814,157.00050977306242,48.53035441195538
2.0140781476279885,157.00050977306242,48.8115379285584
2.045963289806796,157.00050977306242,49.22158905256775
2.077848431985603,157.00050977306242,49.583465286904435
2.1097335741644105,157.00050977306242,49.99424466449085
2.141618716343218,157.00050977306242,50.28529662739506
2.1735038585220248,157.00050977306242,50.5441733102321
2.2053890007008317,157.00050977306242,50.95320364343554
2.237274142879639,157.00050977306242,51.00610194142078
2.2691592850584463,157.00050977306242,51.61938638926944
2.3010444272372537,157.00050977306242,51.664342062975635
2.332929569416061,157.00050977306242,52.257090690139115
2.3648147115948683,157.00050977306242,52.52384942770564
2.3966998537736752,157.00050977306242,52.96058294647589
2.428584995952482,157.00050977306242,53.21239654378092
2.4604701381312895,157.00050977306242,53.50944000757023
2.492355280310097,157.00050977306242,53.881471356645335
2.524240422488904,157.00050977306242,54.16210841797423
2.5561255646677115,157.00050977306242,54.51434479233116
2.588010706846519,157.00050977306242,54.83439783540331
2.619895849025326,157.00050977306242,55.149850160107
2.6517809912041326,157.00050977306242,55.03412160094992
2.68366613338294,157.00050977306242,55.80867864483596
2.7155512755617472,157.00050977306242,56.070845853577005
2.7474364177405546,157.00050977306242,56.34082905468696
2.779321559919362,157.00050977306242,56.26527227956645
2.8112067020981693,157.00050977306242,56.433862395616416
2.8430918442769766,157.00050977306242,58.49047380965191
2.874976986455783,157.00050977306242,61.20979568494833
2.9068621286345904,157.00050977306242,63.9418441662591
2.9387472708133977,157.00050977306242,65.64521019918534
0.4198210386876282,161.43086719685462,74.23122160170769
0.45170618086643544,161.43086719685462,71.21788834089423
0.48359132304524266,161.43086719685462,68.13841366253833
0.5154764652240499,161.43086719685462,65.55347775713031
0.5473616074028571,161.43086719685462,63.46821020542078
0.5792467495816642,161.43086719685462,61.39110927249883
0.6111318917604714,161.43086719685462,59.35815803427474
0.6430170339392787,161.43086719685462,57.449544840670264
0.6749021761180859,161.43086719685462,55.866838259234534
0.7067873182968931,161.43086719685462,54.43212561314676
0.7386724604757003,161.43086719685462,53.21381284669373
0.7705576026545076,161.43086719685462,52.03699676979312
0.8024427448333147,161.43086719685462,51.04482074083337
0.834327887012122,161.43086719685462,50.130302377247816
0.8662130291909291,161.43086719685462,49.31709102709513
0.8980981713697364,161.43086719685462,48.59711400817743
0.9299833135485436,161.43086719685462,47.90810448028739
0.9618684557273508,161.43086719685462,47.28533833550797
0.993753597906158,161.43086719685462,46.76867077940943
1.0256387400849651,161.43086719685462,46.28928731255163
1.0575238822637725,161.43086719685462,45.854620877067966
1.0894090244425796,161.43086719685462,45.46812594677856
1.1212941666213867,161.43086719685462,45.09903215073553
1.153179308800194,161.43086719685462,44.8282195519481
1.1850644509790014,161.43086719685462,44.59515695117597
1.2169495931578085,161.43086719685462,44.35772306792877
1.2488347353366156,161.43086719685462,44.24208658739313
1.280719877515423,161.43086719685462,44.1200829006077
1.31260501969423,161.43086719685462,44.089685097167745
1.3444901618730372,161.43086719685462,44.10420097524057
1.3763753040518445,161.43086719685462,44.089391288828416
1.4082604462306518,161.43086719685462,44.11976850653855
1.440145588409459,161.43086719685462,44.11614284049089
1.472030730588266,161.43086719685462,324.00805843065876
1.5039158727670734,161.43086719685462,14071.996469824622
1.5358010149458805,161.43086719685462,28603.97431605883
1.5676861571246878,161.43086719685462,14315.038861537241
1.599571299303495,161.43086719685462,446.8407439687999
1.6314564414823023,161.43086719685462,44.91928015942464
1.6633415836611094,161.43086719685462,45.11962483192923
1.6952267258399167,161.43086719685462,45.412287241770045
1.7271118680187239,161.43086719685462,45.71204445694572
1.758997010197531,161.43086719685462,46.06569488869028
1.7908821523763383,161.43086719685462,46.39564744382829
1.8227672945551454,161.43086719685462,46.70280466075216
1.8546524367339527,161.43086719685462,46.9665216409953
1.8865375789127599,161.43086719685462,47.1231631816793
1.9184227210915672,161.43086719685462,47.549081743881786
1.9503078632703743,161.43086719685462,47.8433516317493
1.9821930054491814,161.43086719685462,48.20865849204538
2.0140781476279885,161.43086719685462,48.525072002463766
2.045963289806796,161.43086719685462,48.88253772580783
2.077848431985603,161.43086719685462,49.241666849645604
2.1097335741644105,161.43086719685462,49.59977176676988
2.141618716343218,161.43086719685462,49.8871448039155
2.1735038585220248,161.43086719685462,50.193551189909634
2.2053890007008317,161.43086719685462,50.55290313839673
2.237274142879639,161.43086719685462,50.754443778249566
2.2691592850584463,161.43086719685462,51.23622257121119
2.3010444272372537,161.43086719685462,51.50862639415597
2.332929569416061,161.43086719685462,51.888868183159616
2.3648147115948683,161.43086719685462,52.21395708534821
2.3966998537736752,161.43086719685462,52.5477717045781
2.428584995952482,161.43086719685462,52.820748288380585
2.4604701381312895,161.43086719685462,53.17631929209223
2.492355280310097,161.43086719685462,53.481613689039726
2.524240422488904,161.43086719685462,53.79358577537518
2.5561255646677115,161.43086719685462,54.09805535858642
2.588010706846519,161.43086719685462,54.36780330301819
2.619895849025326,161.43086719685462,54.628421891824
2.6517809912041326,161.43086719685462,54.6888660121025
2.68366613338294,161.43086719685462,55.195917827211495
2.7155512755617472,161.43086719685462,55.454780584709106
2.7474364177405546,161.43086719685462,55.72229975217385
2.779321559919362,161.43086719685462,55.955862616853864
2.8112067020981693,161.43086719685462,56.11718015225742
2.8430918442769766,161.43086719685462,58.06099482391633
2.874976986455783,161.43086719685462,60.58574447551065
2.9068621286345904,161.43086719685462,63.241724698657
2.9387472708133977,161.43086719685462,64.9176490980363
0.4198210386876282,165.86122462064682,73.96342586372955
0.45170618086643544,165.86122462064682,70.86530600748276
0.48359132304524266,165.86122462064682,67.92530465944823
0.5154764652240499,165.86122462064682,65.38022907381952
0.5473616074028571,165.86122462064682,63.31720572872953
0.5792467495816642,165.86122462064682,61.24809540280743
0.6111318917604714,165.86122462064682,59.183756528907374
0.6430170339392787,165.86122462064682,57.312850564317095
0.6749021761180859,165.86122462064682,55.734661869643766
0.7067873182968931,165.86122462064682,54.35675858069032
0.7386724604757003,165.86122462064682,53.142787342505294
0.7705576026545076,165.86122462064682,52.01673316616119
0.8024427448333147,165.86122462064682,51.02574188564891
0.834327887012122,165.86122462064682,50.13154928274299
0.8662130291909291,165.86122462064682,49.3278020691724
0.8980981713697364,165.86122462064682,48.6244486290386
0.9299833135485436,165.86122462064682,47.961522739697955
0.9618684557273508,165.86122462064682,47.3445038075543
0.993753597906158,165.86122462064682,46.83407545089645
1.0256387400849651,165.86122462064682,46.346476470126824
1.0575238822637725,165.86122462064682,45.93407976371369
1.0894090244425796,165.86122462064682,45.52206200593157
1.1212941666213867,165.86122462064682,45.18537137512982
1.153179308800194,165.86122462064682,44.91211701870477
1.1850644509790014,165.86122462064682,44.666435530377726
1.2169495931578085,165.86122462064682,44.446605282045205
1.2488347353366156,165.86122462064682,44.318387843305786
1.280719877515423,165.86122462064682,44.170596807446074
1.31260501969423,165.86122462064682,44.111629322721555
1.3444901618730372,165.86122462064682,44.139045138154536
1.3763753040518445,165.86122462064682,44.13101592217897
1.4082604462306518,165.86122462064682,44.133273097376666
1.440145588409459,165.86122462064682,44.12690075175661
1.472030730588266,165.86122462064682,305.13099927356456
1.5039158727670734,165.86122462064682,7364.286630875863
1.5358010149458805,165.86122462064682,14553.593049841225
1.5676861571246878,165.86122462064682,8240.375560987939
1.599571299303495,165.86122462064682,1174.1872979394436
1.6314564414823023,165.86122462064682,44.84245358731433
1.6633415836611094,165.86122462064682,45.039413811503096
1.6952267258399167,165.86122462064682,45.29699888169579
1.7271118680187239,165.86122462064682,45.59391639234435
1.758997010197531,165.86122462064682,45.92598404209789
1.7908821523763383,165.86122462064682,46.2532499393411
1.8227672945551454,165.86122462064682,46.55228739488002
1.8546524367339527,165.86122462064682,46.800632152266694
1.8865375789127599,165.86122462064682,47.02952407957693
1.9184227210915672,165.86122462064682,47.3571600469045
1.9503078632703743,165.86122462064682,47.681872373062795
1.9821930054491814,165.86122462064682,48.003513213901535
2.0140781476279885,165.86122462064682,48.319411495450794
2.045963289806796,165.86122462064682,48.66530249665298
2.077848431985603,165.86122462064682,49.022639869173574
2.1097335741644105,165.86122462064682,49.348781911594216
2.141618716343218,165.86122462064682,49.63464763047521
2.1735038585220248,165.86122462064682,49.947955314067144
2.2053890007008317,165.86122462064682,50.29700882419294
2.237274142879639,165.86122462064682,50.61188132867636
2.2691592850584463,165.86122462064682,50.99185534286222
2.3010444272372537,165.86122462064682,51.324722835094356
2.332929569416061,165.86122462064682,51.65405501173764
2.3648147115948683,165.86122462064682,51.97840108797692
2.3966998537736752,165.86122462064682,52.28542962831819
2.428584995952482,165.86122462064682,52.57089874826404
2.4604701381312895,165.86122462064682,52.89719903888012
2.492355280310097,165.86122462064682,53.23515117147364
2.524240422488904,165.86122462064682,53.56381959033238
2.5561255646677115,165.86122462064682,53.84214017901592
2.588010706846519,165.86122462064682,54.08344007175935
2.619895849025326,165.86122462064682,54.31071049965548
2.6517809912041326,165.86122462064682,54.52046921132108
2.68366613338294,165.86122462064682,54.80464658342302
2.7155512755617472,165.86122462064682,55.06125210840884
2.7474364177405546,165.86122462064682,55.327354460960045
2.779321559919362,165.86122462064682,55.59902048544493
2.8112067020981693,165.86122462064682,55.98460205148936
2.8430918442769766,165.86122462064682,57.61672115602544
2.874976986455783,165.86122462064682,59.951878456870816
2.9068621286345904,165.86122462064682,62.53488894847427
2.9387472708133977,165.86122462064682,64.18337171276069
0.4198210386876282,170.291582044439,73.87978813506909
0.45170618086643544,170.291582044439,70.67816522311323
0.48359132304524266,170.291582044439,67.78243643190284
0.5154764652240499,170.291582044439,65.42335080522894
0.5473616074028571,170.291582044439,63.301261572772574
0.5792467495816642,170.291582044439,61.200982571775846
0.6111318917604714,170.291582044439,59.13236842705898
0.6430170339392787,170.291582044439,57.27024340239606
0.6749021761180859,170.291582044439,55.693001521990006
0.7067873182968931,170.291582044439,54.33237297600796
0.7386724604757003,170.291582044439,53.12018679405061
0.7705576026545076,170.291582044439,52.01020576153372
0.8024427448333147,170.291582044439,51.02161665097766
0.834327887012122,170.291582044439,50.13207685240582
0.8662130291909291,170.291582044439,49.332140137660154
0.8980981713697364,170.291582044439,48.63252949642269
0.9299833135485436,170.291582044439,47.978731598376584
0.9618684557273508,170.291582044439,47.36719085533225
0.993753597906158,170.291582044439,46.847339962168995
1.0256387400849651,170.291582044439,46.36800922406972
1.0575238822637725,170.291582044439,45.95787000497626
1.0894090244425796,170.291582044439,45.544217075040486
1.1212941666213867,170.291582044439,45.21406563611562
1.153179308800194,170.291582044439,44.93901933388617
1.1850644509790014,170.291582044439,44.68983291367146
1.2169495931578085,170.291582044439,44.47856627080729
1.2488347353366156,170.291582044439,44.34314139826395
1.280719877515423,170.291582044439,44.1840046719914
1.31260501969423,170.291582044439,44.12801298198444
1.3444901618730372,170.291582044439,44.14970875229793
1.3763753040518445,170.291582044439,44.144389953035706
1.4082604462306518,170.291582044439,44.136970501841326
1.440145588409459,170.291582044439,44.13026077068894
1.472030730588266,170.291582044439,-0.6102860709016894
1.5039158727670734,170.291582044439,-635.4190145772807
1.5358010149458805,170.291582044439,-1270.1942923207412
1.5676861571246878,170.291582044439,-781.6885927653262
1.599571299303495,170.291582044439,-146.6379067702619
1.6314564414823023,170.291582044439,44.819852076900624
1.6633415836611094,170.291582044439,45.01504854242233
1.6952267258399167,170.291582044439,45.260150884623066
1.7271118680187239,170.291582044439,45.55625940784639
1.758997010197531,170.291582044439,45.88070011135854
1.7908821523763383,170.291582044439,46.20641088127779
1.8227672945551454,170.291582044439,46.499954578234224
1.8546524367339527,170.291582044439,46.74773165144692
1.8865375789127599,170.291582044439,46.99729864401274
1.9184227210915672,170.291582044439,47.29411139653028
1.9503078632703743,170.291582044439,47.61975571547191
1.9821930054491814,170.291582044439,47.93854360599691
2.0140781476279885,170.291582044439,48.25462036723649
2.045963289806796,170.291582044439,48.59087473134758
2.077848431985603,170.291582044439,48.94241113801237
2.1097335741644105,170.291582044439,49.27655533730551
2.141618716343218,170.291582044439,49.56872638503762
2.1735038585220248,170.291582044439,49.86314470466039
2.2053890007008317,170.291582044439,50.20686009022401
2.237274142879639,170.291582044439,50.57021372018378
2.2691592850584463,170.291582044439,50.91422274933229
2.3010444272372537,170.291582044439,51.24678178828989
2.332929569416061,170.291582044439,51.57952861249276
2.3648147115948683,170.291582044439,51.90330445227635
2.3966998537736752,170.291582044439,52.2028113243003
2.428584995952482,170.291582044439,52.492166539136555
2.4604701381312895,170.291582044439,52.81008286016228
2.492355280310097,170.291582044439,53.1595679833922
2.524240422488904,170.291582044439,53.491875171553666
2.5561255646677115,170.291582044439,53.77306834554754
2.588010706846519,170.291582044439,54.01333284393705
2.619895849025326,170.291582044439,54.23034705677018
2.6517809912041326,170.291582044439,54.44178937409495
2.68366613338294,170.291582044439,54.66844176583931
2.7155512755617472,170.291582044439,54.920419557557544
2.7474364177405546,170.291582044439,55.189852597575666
2.779321559919362,170.291582044439,55.468501418668936
2.8112067020981693,170.291582044439,55.837988687253215
2.8430918442769766,170.291582044439,57.16150757752371
2.874976986455783,170.291582044439,59.31196434120266
2.9068621286345904,170.291582044439,61.82483519766657
2.9387472708133977,170.291582044439,63.44587632531415
0.4198210386876282,174.7219394682312,73.84270016654757
0.45170618086643544,174.7219394682312,70.64607894397105
0.48359132304524266,174.7219394682312,67.75079818516818
0.5154764652240499,174.7219394682312,65.40293015403834
0.5473616074028571,174.7219394682312,63.28215339158942
0.5792467495816642,174.7219394682312,61.1990052871072
0.6111318917604714,174.7219394682312,59.13186403296822
0.6430170339392787,174.7219394682312,57.27085053088468
0.6749021761180859,174.7219394682312,55.69442645675554
0.7067873182968931,174.7219394682312,54.33933740806465
0.7386724604757003,174.7219394682312,53.12703187584382
0.7705576026545076,174.7219394682312,52.01721793208692
0.8024427448333147,174.7219394682312,51.032744381465605
0.834327887012122,174.7219394682312,50.146611293944666
0.8662130291909291,174.7219394682312,49.348605547938625
0.8980981713697364,174.7219394682312,48.65314704883148
0.9299833135485436,174.7219394682312,47.9947503816714
0.9618684557273508,174.7219394682312,47.38979760239997
0.993753597906158,174.7219394682312,46.86628440024945
1.0256387400849651,174.7219394682312,46.40084630428418
1.0575238822637725,174.7219394682312,45.981225869410096
1.0894090244425796,174.7219394682312,45.571455958322915
1.1212941666213867,174.7219394682312,45.237045077301445
1.153179308800194,174.7219394682312,44.971453346099885
1.1850644509790014,174.7219394682312,44.712595972839786
1.2169495931578085,174.7219394682312,44.502411662461924
1.2488347353366156,174.7219394682312,44.371815492178044
1.280719877515423,174.7219394682312,44.21270391915931
1.31260501969423,174.7219394682312,44.158339895026096
1.3444901618730372,174.7219394682312,44.167377716321774
1.3763753040518445,174.7219394682312,44.168383282986184
1.4082604462306518,174.7219394682312,44.16101297076925
1.440145588409459,174.7219394682312,44.15413377532599
1.472030730588266,174.7219394682312,44.16624977712058
1.5039158727670734,174.7219394682312,-7481.892436997261
1.5358010149458805,174.7219394682312,-15728.917005236259
1.5676861571246878,174.7219394682312,-10265.928990211538
1.599571299303495,174.7219394682312,-2018.9154060728797
1.6314564414823023,174.7219394682312,44.835707730743536
1.6633415836611094,174.7219394682312,45.03039800257349
1.6952267258399167,174.7219394682312,45.269988998997206
1.7271118680187239,174.7219394682312,45.565616592417506
1.758997010197531,174.7219394682312,45.88347299864336
1.7908821523763383,174.7219394682312,46.207619943329554
1.8227672945551454,174.7219394682312,46.50043622879871
1.8546524367339527,174.7219394682312,46.74832346547467
1.8865375789127599,174.7219394682312,46.997622435453145
1.9184227210915672,174.7219394682312,47.2903272611603
1.9503078632703743,174.7219394682312,47.61729088930539
1.9821930054491814,174.7219394682312,47.93449729059181
2.0140781476279885,174.7219394682312,48.250468439887904
2.045963289806796,174.7219394682312,48.57902228222052
2.077848431985603,174.7219394682312,48.931381288942355
2.1097335741644105,174.7219394682312,49.26604261758062
2.141618716343218,174.7219394682312,49.55633796038538
2.1735038585220248,174.7219394682312,49.84861649072001
2.2053890007008317,174.7219394682312,50.18884466790765
2.237274142879639,174.7219394682312,50.556767391488734
2.2691592850584463,174.7219394682312,50.897373868560855
2.3010444272372537,174.7219394682312,51.22823832463469
2.332929569416061,174.7219394682312,51.558315850268706
2.3648147115948683,174.7219394682312,51.88477490357092
2.3966998537736752,174.7219394682312,52.18318507626554
2.428584995952482,174.7219394682312,52.46950789609683
2.4604701381312895,174.7219394682312,52.780739641630525
2.492355280310097,174.7219394682312,53.130188014624466
2.524240422488904,174.7219394682312,53.47350593247953
2.5561255646677115,174.7219394682312,53.74431828790249
2.588010706846519,174.7219394682312,53.9869499648361
2.619895849025326,174.7219394682312,54.20255392790795
2.6517809912041326,174.7219394682312,54.40882372744426
2.68366613338294,174.7219394682312,54.63161786637776
2.7155512755617472,174.7219394682312,54.881648427134266
2.7474364177405546,174.7219394682312,55.150894803450164
2.779321559919362,174.7219394682312,55.43111752810052
2.8112067020981693,174.7219394682312,55.71971220303377
2.8430918442769766,174.7219394682312,56.72378490507699
2.874976986455783,174.7219394682312,58.678695179930216
2.9068621286345904,174.7219394682312,61.115061728189545
2.9387472708133977,174.7219394682312,62.70866121765235
0.4198210386876282,179.1522968920234,73.7463091540674
0.45170618086643544,179.1522968920234,70.56476444645027
0.48359132304524266,179.1522968920234,67.67121239109373
0.5154764652240499,179.1522968920234,65.35103973523384
0.5473616074028571,179.1522968920234,63.233837993409225
0.5792467495816642,179.1522968920234,61.179401492081624
0.6111318917604714,179.1522968920234,59.11673443137812
0.6430170339392787,179.1522968920234,57.27220113380489
0.6749021761180859,179.1522968920234,55.698014617537254
0.7067873182968931,179.1522968920234,54.35189509088187
0.7386724604757003,179.1522968920234,53.147543283367575
0.7705576026545076,179.1522968920234,52.034736646300594
0.8024427448333147,179.1522968920234,51.06093451525309
0.834327887012122,179.1522968920234,50.18309272088272
0.8662130291909291,179.1522968920234,49.386301897802966
0.8980981713697364,179.1522968920234,48.67413946705208
0.9299833135485436,179.1522968920234,48.034142720083025
0.9618684557273508,179.1522968920234,47.449804312191034
0.993753597906158,179.1522968920234,46.916940270344384
1.0256387400849651,179.1522968920234,46.47713759611321
1.0575238822637725,179.1522968920234,46.04244645144415
1.0894090244425796,179.1522968920234,45.639475480124204
1.1212941666213867,179.1522968920234,45.26888194449769
1.153179308800194,179.1522968920234,45.01244161596996
1.1850644509790014,179.1522968920234,44.77107328966993
1.2169495931578085,179.1522968920234,44.56244409022561
1.2488347353366156,179.1522968920234,44.44429463057128
1.280719877515423,179.1522968920234,44.28539368982898
1.31260501969423,179.1522968920234,44.234680889882654
1.3444901618730372,179.1522968920234,44.21562323814573
1.3763753040518445,179.1522968920234,44.22921050299353
1.4082604462306518,179.1522968920234,44.20774372473433
1.440145588409459,179.1522968920234,44.214607697990495
1.472030730588266,179.1522968920234,44.19793141851214
1.5039158727670734,179.1522968920234,-11553.731203600288
1.5358010149458805,179.1522968920234,-27003.483478518458
1.5676861571246878,179.1522968920234,-18344.028990069135
1.599571299303495,179.1522968920234,-3065.5321297439527
1.6314564414823023,179.1522968920234,44.873608806480775
1.6633415836611094,179.1522968920234,45.067401594020474
1.6952267258399167,179.1522968920234,45.29499625763262
1.7271118680187239,179.1522968920234,45.589313865253665
1.758997010197531,179.1522968920234,45.890933859996935
1.7908821523763383,179.1522968920234,46.213955489896215
1.8227672945551454,179.1522968920234,46.50220022894627
1.8546524367339527,179.1522968920234,46.74983923110229
1.8865375789127599,179.1522968920234,46.99817457163087
1.9184227210915672,179.1522968920234,47.28441231257163
1.9503078632703743,179.1522968920234,47.61263685520153
1.9821930054491814,179.1522968920234,47.926255733852045
2.0140781476279885,179.1522968920234,48.2413725974923
2.045963289806796,179.1522968920234,48.550523255384974
2.077848431985603,179.1522968920234,48.905536760236025
2.1097335741644105,179.1522968920234,49.23893827548253
2.141618716343218,179.1522968920234,49.52412462376698
2.1735038585220248,179.1522968920234,49.8271658867753
2.2053890007008317,179.1522968920234,50.147350771844714
2.237274142879639,179.1522968920234,50.521674886917545
2.2691592850584463,179.1522968920234,50.85515553879379
2.3010444272372537,179.1522968920234,51.19166974914439
2.332929569416061,179.1522968920234,51.50305081621299
2.3648147115948683,179.1522968920234,51.836818370285116
2.3966998537736752,179.1522968920234,52.13240560023729
2.428584995952482,179.1522968920234,52.41046890920234
2.4604701381312895,179.1522968920234,52.70909285532538
2.492355280310097,179.1522968920234,53.05527660072683
2.524240422488904,179.1522968920234,53.43145347053151
2.5561255646677115,179.1522968920234,53.660489779820345
2.588010706846519,179.1522968920234,53.90613254705479
2.619895849025326,179.1522968920234,54.12097017212205
2.6517809912041326,179.1522968920234,54.33189868868487
2.68366613338294,179.1522968920234,54.54437756328879
2.7155512755617472,179.1522968920234,54.789783776091824
2.7474364177405546,179.1522968920234,55.05826883555819
2.779321559919362,179.1522968920234,55.339490810618514
2.8112067020981693,179.1522968920234,55.67200842739634
2.8430918442769766,179.1522968920234,56.3272770990568
2.874976986455783,179.1522968920234,58.06418900879298
2.9068621286345904,179.1522968920234,60.409066821998856
2.9387472708133977,179.1522968920234,61.97522467173094
0.4198210386876282,183.58265431581557,73.59706812885686
0.45170618086643544,183.58265431581557,70.44269657699134
0.48359132304524266,183.58265431581557,67.56125482310726
0.5154764652240499,183.58265431581557,65.2728788525452
0.5473616074028571,183.58265431581557,63.16151468196173
0.5792467495816642,183.58265431581557,61.14511726170166
0.6111318917604714,183.58265431581557,59.08959291798073
0.6430170339392787,183.58265431581557,57.27317352867697
0.6749021761180859,183.58265431581557,55.7033576347693
0.7067873182968931,183.58265431581557,54.36162100235053
0.7386724604757003,183.58265431581557,53.17896870554639
0.7705576026545076,183.58265431581557,52.061027861125886
0.8024427448333147,183.58265431581557,51.10323400333099
0.834327887012122,183.58265431581557,50.237733485347945
0.8662130291909291,183.58265431581557,49.43908023792056
0.8980981713697364,183.58265431581557,48.725077001370664
0.9299833135485436,183.58265431581557,48.09184619265554
0.9618684557273508,183.58265431581557,47.53102061611437
0.993753597906158,183.58265431581557,46.993399612337804
1.0256387400849651,183.58265431581557,46.58861449749838
1.0575238822637725,183.58265431581557,46.13959362164989
1.0894090244425796,183.58265431581557,45.7335825969774
1.1212941666213867,183.58265431581557,45.33022521031746
1.153179308800194,183.58265431581557,45.09181082798821
1.1850644509790014,183.58265431581557,44.85779285045164
1.2169495931578085,183.58265431581557,44.651814333720225
1.2488347353366156,183.58265431581557,44.55298213075081
1.280719877515423,183.58265431581557,44.39444071775303
1.31260501969423,183.58265431581557,44.348424304883785
1.3444901618730372,183.58265431581557,44.293822577547196
1.3763753040518445,183.58265431581557,44.32141569930967
1.4082604462306518,183.58265431581557,44.24758009983874
1.440145588409459,183.58265431581557,44.30534483400405
1.472030730588266,183.58265431581557,44.253517220711714
1.5039158727670734,183.58265431581557,-13223.042591562988
1.5358010149458805,183.58265431581557,-35526.15609888279
1.5676861571246878,183.58265431581557,-25202.044183746606
1.599571299303495,183.58265431581557,-3484.19104242413
1.6314564414823023,183.58265431581557,44.92978447981179
1.6633415836611094,183.58265431581557,45.12228849246261
1.6952267258399167,183.58265431581557,45.32876695165365
1.7271118680187239,183.58265431581557,45.624859136927675
1.758997010197531,183.58265431581557,45.89832329021867
1.7908821523763383,183.58265431581557,46.22455182915278
1.8227672945551454,183.58265431581557,46.50637291545893
1.8546524367339527,183.58265431581557,46.75214504174459
1.8865375789127599,183.58265431581557,46.9988347168407
1.9184227210915672,183.58265431581557,47.276527854989
1.9503078632703743,183.58265431581557,47.6058643661656
1.9821930054491814,183.58265431581557,47.914333910033555
2.0140781476279885,183.58265431581557,48.22900854934975
2.045963289806796,183.58265431581557,48.509656513829846
2.077848431985603,183.58265431581557,48.86649716112768
2.1097335741644105,183.58265431581557,49.197372716813256
2.141618716343218,183.58265431581557,49.47421678098448
2.1735038585220248,183.58265431581557,49.79422852737824
2.2053890007008317,183.58265431581557,50.08487563165354
2.237274142879639,183.58265431581557,50.4671890415593
2.2691592850584463,183.58265431581557,50.7904181988605
2.3010444272372537,183.58265431581557,51.15118478746969
2.332929569416061,183.58265431581557,51.417233555816765
2.3648147115948683,183.58265431581557,51.76293489791006
2.3966998537736752,183.58265431581557,52.05420153618455
2.428584995952482,183.58265431581557,52.31887825293365
2.4604701381312895,183.58265431581557,52.632204470778674
2.492355280310097,183.58265431581557,52.94195241011684
2.524240422488904,183.58265431581557,53.35585147342438
2.5561255646677115,183.58265431581557,53.53405261313468
2.588010706846519,183.58265431581557,53.78023551160332
2.619895849025326,183.58265431581557,53.99495071042267
2.6517809912041326,183.58265431581557,54.224491259464465
2.68366613338294,183.58265431581557,54.45806515143895
2.7155512755617472,183.58265431581557,54.65414717352433
2.7474364177405546,183.58265431581557,54.92129626299405
2.779321559919362,183.58265431581557,55.203222166865444
2.8112067020981693,183.58265431581557,55.622907613261155
2.8430918442769766,183.58265431581557,55.97819225324742
2.874976986455783,183.58265431581557,57.474653921575246
2.9068621286345904,183.58265431581557,59.710348761050184
2.9387472708133977,183.58265431581557,61.24906496950559
0.4198210386876282,188.01301173960778,73.40143012214413
0.45170618086643544,188.01301173960778,70.28835018203495
0.48359132304524266,188.01301173960778,67.42903429911053
0.5154764652240499,188.01301173960778,65.17476799157308
0.5473616074028571,188.01301173960778,63.07092280131065
0.5792467495816642,188.01301173960778,61.1074960390681
0.6111318917604714,188.01301173960778,59.05305278846806
0.6430170339392787,188.01301173960778,57.272835160679286
0.6749021761180859,188.01301173960778,55.710047138885926
0.7067873182968931,188.01301173960778,54.37270194883568
0.7386724604757003,188.01301173960778,53.218555831304805
0.7705576026545076,188.01301173960778,52.095329171655536
0.8024427448333147,188.01301173960778,51.1566897966903
0.834327887012122,188.01301173960778,50.30668932954413
0.8662130291909291,188.01301173960778,49.50497419104494
0.8980981713697364,188.01301173960778,48.81474855584204
0.9299833135485436,188.01301173960778,48.16525399201001
0.9618684557273508,188.01301173960778,47.5585377865235
0.993753597906158,188.01301173960778,47.08975446611376
1.0256387400849651,188.01301173960778,46.72700840638144
1.0575238822637725,188.01301173960778,46.1860479886581
1.0894090244425796,188.01301173960778,45.84890402222652
1.1212941666213867,188.01301173960778,45.41841525024494
1.153179308800194,188.01301173960778,45.195280688884864
1.1850644509790014,188.01301173960778,44.965282641474744
1.2169495931578085,188.01301173960778,44.76367317256761
1.2488347353366156,188.01301173960778,44.69028131002393
1.280719877515423,188.01301173960778,44.53221173668401
1.31260501969423,188.01301173960778,44.490958478359154
1.3444901618730372,188.01301173960778,44.40128356976865
1.3763753040518445,188.01301173960778,44.43954295818658
1.4082604462306518,188.01301173960778,44.317718146754494
1.440145588409459,188.01301173960778,44.42000747868829
1.472030730588266,188.01301173960778,44.33020087205365
1.5039158727670734,188.01301173960778,-12861.933878062013
1.5358010149458805,188.01301173960778,-41545.00501417674
1.5676861571246878,188.01301173960778,-31026.0301626526
1.599571299303495,188.01301173960778,-3737.7454074512025
1.6314564414823023,188.01301173960778,44.994403987254
1.6633415836611094,188.01301173960778,45.19128787359934
1.6952267258399167,188.01301173960778,45.35961925446682
1.7271118680187239,188.01301173960778,45.66976031801237
1.758997010197531,188.01301173960778,45.912238143651706
1.7908821523763383,188.01301173960778,46.23854326927429
1.8227672945551454,188.01301173960778,46.51257412156464
1.8546524367339527,188.01301173960778,46.755106990816415
1.8865375789127599,188.01301173960778,46.999589023541105
1.9184227210915672,188.01301173960778,47.26683519263721
1.9503078632703743,188.01301173960778,47.59661834732441
1.9821930054491814,188.01301173960778,47.89924679339223
2.0140781476279885,188.01301173960778,48.21578270088872
2.045963289806796,188.01301173960778,48.46928581615333
2.077848431985603,188.01301173960778,48.815882100851695
2.1097335741644105,188.01301173960778,49.14366238806499
2.141618716343218,188.01301173960778,49.40875737930368
2.1735038585220248,188.01301173960778,49.750233305885075
2.2053890007008317,188.01301173960778,50.003916476952476
2.237274142879639,188.01301173960778,50.395677814856946
2.2691592850584463,188.01301173960778,50.70601228759042
2.3010444272372537,188.01301173960778,51.09603951244743
2.332929569416061,188.01301173960778,51.307829026137576
2.3648147115948683,188.01301173960778,51.66662453193681
2.3966998537736752,188.01301173960778,51.95230152407628
2.428584995952482,188.01301173960778,52.21317949567646
2.4604701381312895,188.01301173960778,52.555870380802
2.492355280310097,188.01301173960778,52.797334111212
2.524240422488904,188.01301173960778,53.24992839918196
2.5561255646677115,188.01301173960778,53.40996058910679
2.588010706846519,188.01301173960778,53.61861377949192
2.619895849025326,188.01301173960778,53.83385046382007
2.6517809912041326,188.01301173960778,54.0905757328036
2.68366613338294,188.01301173960778,54.389348532509175
2.7155512755617472,188.01301173960778,54.484060188526065
2.7474364177405546,188.01301173960778,54.74929865485187
2.779321559919362,188.01301173960778,55.03813312147464
2.8112067020981693,188.01301173960778,55.51984033754273
2.8430918442769766,188.01301173960778,55.68273846143313
2.874976986455783,188.01301173960778,56.91629801206126
2.9068621286345904,188.01301173960778,59.02240582729914
2.9387472708133977,188.01301173960778,60.533680392931934
0.4198210386876282,192.44336916339998,73.16584816515748
0.45170618086643544,192.44336916339998,70.11187552609945
0.48359132304524266,192.44336916339998,67.27809599415025
0.5154764652240499,192.44336916339998,65.07785241479012
0.5473616074028571,192.44336916339998,62.97033595059786
0.5792467495816642,192.44336916339998,61.0715190274748
0.6111318917604714,192.44336916339998,59.009727338532095
0.6430170339392787,192.44336916339998,57.26685456528929
0.6749021761180859,192.44336916339998,55.717674760321295
0.7067873182968931,192.44336916339998,54.38568698862693
0.7386724604757003,192.44336916339998,53.26355234956736
0.7705576026545076,192.44336916339998,52.136573549191574
0.8024427448333147,192.44336916339998,51.218348846322
0.834327887012122,192.44336916339998,50.3843885389602
0.8662130291909291,192.44336916339998,49.58201737992958
0.8980981713697364,192.44336916339998,48.92514399740786
0.9299833135485436,192.44336916339998,48.25455745085188
0.9618684557273508,192.44336916339998,47.647580474407576
0.993753597906158,192.44336916339998,47.200096871556276
1.0256387400849651,192.44336916339998,46.88405072070398
1.0575238822637725,192.44336916339998,46.22820467877121
1.0894090244425796,192.44336916339998,45.982130152488374
1.1212941666213867,192.44336916339998,45.5300004763667
1.153179308800194,192.44336916339998,45.31477403882098
1.1850644509790014,192.44336916339998,45.08622841020772
1.2169495931578085,192.44336916339998,44.89117904351085
1.2488347353366156,192.44336916339998,44.84859548569784
1.280719877515423,192.44336916339998,44.69102770569302
1.31260501969423,192.44336916339998,44.65298960682939
1.3444901618730372,192.44336916339998,44.5373333229703
1.3763753040518445,192.44336916339998,44.57813636587619
1.4082604462306518,192.44336916339998,44.41945092741699
1.440145588409459,192.44336916339998,44.55225792736472
1.472030730588266,192.44336916339998,44.425198981172564
1.5039158727670734,192.44336916339998,-10842.557303566597
1.5358010149458805,192.44336916339998,-45308.10037224767
1.5676861571246878,192.44336916339998,-36251.95973897307
1.599571299303495,192.44336916339998,-3991.289825304411
1.6314564414823023,192.44336916339998,45.05341939367743
1.6633415836611094,192.44336916339998,45.27042663828418
1.6952267258399167,192.44336916339998,45.387553812128374
1.7271118680187239,192.44336916339998,45.72152531908059
1.758997010197531,192.44336916339998,45.934822855340705
1.7908821523763383,192.44336916339998,46.25506411843574
1.8227672945551454,192.44336916339998,46.52054074130078
1.8546524367339527,192.44336916339998,46.75859117173256
1.8865375789127599,192.44336916339998,47.000423644190654
1.9184227210915672,192.44336916339998,47.25611160793872
1.9503078632703743,192.44336916339998,47.58514370986406
1.9821930054491814,192.44336916339998,47.88150935818401
2.0140781476279885,192.44336916339998,48.20114375389354
2.045963289806796,192.44336916339998,48.43358638121757
2.077848431985603,192.44336916339998,48.75531118864249
2.1097335741644105,192.44336916339998,49.07983712321896
2.141618716343218,192.44336916339998,49.33548935805007
2.1735038585220248,192.44336916339998,49.69600086602013
2.2053890007008317,192.44336916339998,49.90697053735984
2.237274142879639,192.44336916339998,50.30950916625342
2.2691592850584463,192.44336916339998,50.60478824381294
2.3010444272372537,192.44336916339998,51.02674274524588
2.332929569416061,192.44336916339998,51.19516993531845
2.3648147115948683,192.44336916339998,51.55124040121339
2.3966998537736752,192.44336916339998,51.83043420388145
2.428584995952482,192.44336916339998,52.10894114646804
2.4604701381312895,192.44336916339998,52.46332104801461
2.492355280310097,192.44336916339998,52.62854037242983
2.524240422488904,192.44336916339998,53.11761699751525
2.5561255646677115,192.44336916339998,53.30409426673147
2.588010706846519,192.44336916339998,53.43062340504225
2.619895849025326,192.44336916339998,53.64702435332446
2.6517809912041326,192.44336916339998,53.9341264017229
2.68366613338294,192.44336916339998,54.29578619462534
2.7155512755617472,192.44336916339998,54.30248417145728
2.7474364177405546,192.44336916339998,54.551597580225945
2.779321559919362,192.44336916339998,54.852544957574594
2.8112067020981693,192.44336916339998,55.38335692641231
2.8430918442769766,192.44336916339998,55.447123817398214
2.874976986455783,192.44336916339998,56.39532937403535
2.9068621286345904,192.44336916339998,58.34873630270142
2.9387472708133977,192.44336916339998,59.83256922396567
0.4198210386876282,196.87372658719218,72.89677528912512
0.45170618086643544,196.87372658719218,69.93564720338354
0.48359132304524266,196.87372658719218,67.11198508327315
0.5154764652240499,196.87372658719218,64.99061087954539
0.5473616074028571,196.87372658719218,62.862842522006716
0.5792467495816642,196.87372658719218,61.036489793372944
0.6111318917604714,196.87372658719218,58.96247287602671
0.6430170339392787,196.87372658719218,57.2539552543817
0.6749021761180859,196.87372658719218,55.725832129509605
0.7067873182968931,196.87372658719218,54.40047779202321
0.7386724604757003,196.87372658719218,53.31120594925857
0.7705576026545076,196.87372658719218,52.18363932603796
0.8024427448333147,196.87372658719218,51.28525810321698
0.834327887012122,196.87372658719218,50.467695975352655
0.8662130291909291,196.87372658719218,49.668243427328015
0.8980981713697364,196.87372658719218,49.049070417710745
0.9299833135485436,196.87372658719218,48.363601306137994
0.9618684557273508,196.87372658719218,47.77890489854593
0.993753597906158,196.87372658719218,47.319094183011096
1.0256387400849651,196.87372658719218,47.04213995862291
1.0575238822637725,196.87372658719218,46.32062411862478
1.0894090244425796,196.87372658719218,46.12995138437963
1.1212941666213867,196.87372658719218,45.66156050140791
1.153179308800194,196.87372658719218,45.440995935658414
1.1850644509790014,196.87372658719218,45.21971964202952
1.2169495931578085,196.87372658719218,45.029478324208426
1.2488347353366156,196.87372658719218,45.0203279750798
1.280719877515423,196.87372658719218,44.861282752939516
1.31260501969423,196.87372658719218,44.82615410314889
1.3444901618730372,196.87372658719218,44.69375140616206
1.3763753040518445,196.87372658719218,44.7309703066013
1.4082604462306518,196.87372658719218,44.54296212391621
1.440145588409459,196.87372658719218,44.69572182938165
1.472030730588266,196.87372658719218,44.5357281567031
1.5039158727670734,196.87372658719218,-7986.574006067536
1.5358010149458805,196.87372658719218,-47063.51232094296
1.5676861571246878,196.87372658719218,-41252.066326772714
1.599571299303495,196.87372658719218,-4244.826382643598
1.6314564414823023,196.87372658719218,45.104584833524775
1.6633415836611094,196.87372658719218,45.35476648338953
1.6952267258399167,196.87372658719218,45.425927051745724
1.7271118680187239,196.87372658719218,45.777662050705146
1.758997010197531,196.87372658719218,45.96467808672967
1.7908821523763383,196.87372658719218,46.27324868481219
1.8227672945551454,196.87372658719218,46.53000966870474
1.8546524367339527,196.87372658719218,46.762235438024234
1.8865375789127599,196.87372658719218,47.00132473124783
1.9184227210915672,196.87372658719218,47.246230298366285
1.9503078632703743,196.87372658719218,47.5718004947518
1.9821930054491814,196.87372658719218,47.86163657866474
2.0140781476279885,196.87372658719218,48.18186578112169
2.045963289806796,196.87372658719218,48.39806435818767
2.077848431985603,196.87372658719218,48.68640403373435
2.1097335741644105,196.87372658719218,49.00753140584881
2.141618716343218,196.87372658719218,49.26171022594424
2.1735038585220248,196.87372658719218,49.632351851507806
2.2053890007008317,196.87372658719218,49.79864535186799
2.237274142879639,196.87372658719218,50.21105105519165
2.2691592850584463,196.87372658719218,50.48972332425197
2.3010444272372537,196.87372658719218,50.944427904730986
2.332929569416061,196.87372658719218,51.086960547770666
2.3648147115948683,196.87372658719218,51.41983033925581
2.3966998537736752,196.87372658719218,51.69230781908539
2.428584995952482,196.87372658719218,52.011657603071484
2.4604701381312895,196.87372658719218,52.354788047836976
2.492355280310097,196.87372658719218,52.44268986218786
2.524240422488904,196.87372658719218,52.96285001813515
2.5561255646677115,196.87372658719218,53.2106864783515
2.588010706846519,196.87372658719218,53.23614441545824
2.619895849025326,196.87372658719218,53.444023279770825
2.6517809912041326,196.87372658719218,53.75911755924291
2.68366613338294,196.87372658719218,54.17231412460208
2.7155512755617472,196.87372658719218,54.134875334061896
2.7474364177405546,196.87372658719218,54.337514608210405
2.779321559919362,196.87372658719218,54.65076431405093
2.8112067020981693,196.87372658719218,55.220603486844425
2.8430918442769766,196.87372658719218,55.277556414926934
2.874976986455783,196.87372658719218,55.91795610128175
2.9068621286345904,196.87372658719218,57.69283846921266
2.9387472708133977,196.87372658719218,59.14922974456242
0.4198210386876282,201.30408401098435,72.60066452527526
0.45170618086643544,201.30408401098435,69.76732276045634
0.48359132304524266,201.30408401098435,66.9342467415259
0.5154764652240499,201.30408401098435,64.91577498322765
0.5473616074028571,201.30408401098435,62.75049197929518
0.5792467495816642,201.30408401098435,60.98900802668606
0.6111318917604714,201.30408401098435,58.91401046879811
0.6430170339392787,201.30408401098435,57.235262778620196
0.6749021761180859,201.30408401098435,55.7341060935049
0.7067873182968931,201.30408401098435,54.41704172906791
0.7386724604757003,201.30408401098435,53.358584083080395
0.7705576026545076,201.30408401098435,52.23540483449861
0.8024427448333147,201.30408401098435,51.35446785285319
0.834327887012122,201.30408401098435,50.554880673634685
0.8662130291909291,201.30408401098435,49.761685955993784
0.8980981713697364,201.30408401098435,49.18180412324131
0.9299833135485436,201.30408401098435,48.49263388143999
0.9618684557273508,201.30408401098435,47.91138326531016
0.993753597906158,201.30408401098435,47.445197578218206
1.0256387400849651,201.30408401098435,47.16871734479984
1.0575238822637725,201.30408401098435,46.45073123298547
1.0894090244425796,201.30408401098435,46.28905811451708
1.1212941666213867,201.30408401098435,45.80967493809367
1.153179308800194,201.30408401098435,45.573933275756055
1.1850644509790014,201.30408401098435,45.373306140699725
1.2169495931578085,201.30408401098435,45.17812733301784
1.2488347353366156,201.30408401098435,45.19686603557139
1.280719877515423,201.30408401098435,45.03734910724833
1.31260501969423,201.30408401098435,45.00374100966712
1.3444901618730372,201.30408401098435,44.79699363628242
1.3763753040518445,201.30408401098435,44.88797958576791
1.4082604462306518,201.30408401098435,44.67878426711827
1.440145588409459,201.30408401098435,44.84031677940689
1.472030730588266,201.30408401098435,44.659005007279816
1.5039158727670734,201.30408401098435,-5097.971596791534
1.5358010149458805,201.30408401098435,-47059.311008109995
1.5676861571246878,201.30408401098435,-45966.48395493878
1.599571299303495,201.30408401098435,-4498.357166128595
1.6314564414823023,201.30408401098435,45.150805131334586
1.6633415836611094,201.30408401098435,45.44210350649466
1.6952267258399167,201.30408401098435,45.47634312767931
1.7271118680187239,201.30408401098435,45.835673343899444
1.758997010197531,201.30408401098435,46.00018790837628
1.7908821523763383,201.30408401098435,46.29192672969535
1.8227672945551454,201.30408401098435,46.54071779781392
1.8546524367339527,201.30408401098435,46.76558213081301
1.8865375789127599,201.30408401098435,47.00227843717117
1.9184227210915672,201.30408401098435,47.2381356038757
1.9503078632703743,201.30408401098435,47.55694874295487
1.9821930054491814,201.30408401098435,47.840142935326185
2.0140781476279885,201.30408401098435,48.15805414051265
2.045963289806796,201.30408401098435,48.359225358627064
2.077848431985603,201.30408401098435,48.61073668285626
2.1097335741644105,201.30408401098435,48.928379266822546
2.141618716343218,201.30408401098435,49.19032838171625
2.1735038585220248,201.30408401098435,49.560106906072434
2.2053890007008317,201.30408401098435,49.68763903357073
2.237274142879639,201.30408401098435,50.10267144111459
2.2691592850584463,201.30408401098435,50.36726077433778
2.3010444272372537,201.30408401098435,50.85022840976878
2.332929569416061,201.30408401098435,50.98895902508928
2.3648147115948683,201.30408401098435,51.275481716861066
2.3966998537736752,201.30408401098435,51.54124171939761
2.428584995952482,201.30408401098435,51.90969665694882
2.4604701381312895,201.30408401098435,52.2317165621567
2.492355280310097,201.30408401098435,52.24773957534964
2.524240422488904,201.30408401098435,52.78956021075266
2.5561255646677115,201.30408401098435,53.09348199332211
2.588010706846519,201.30408401098435,53.05159587682914
2.619895849025326,201.30408401098435,53.23475089319729
2.6517809912041326,201.30408401098435,53.56952349838426
2.68366613338294,201.30408401098435,54.02386479696427
2.7155512755617472,201.30408401098435,53.986846624447736
2.7474364177405546,201.30408401098435,54.116972162904304
2.779321559919362,201.30408401098435,54.43709782978921
2.8112067020981693,201.30408401098435,55.035886657724625
2.8430918442769766,201.30408401098435,55.21826666383546
2.874976986455783,201.30408401098435,55.490386287584805
2.9068621286345904,201.30408401098435,57.05951357471252
2.9387472708133977,201.30408401098435,58.48716023667788
0.4198210386876282,205.73444143477656,72.28396890483614
0.45170618086643544,205.73444143477656,69.6104993069036
0.48359132304524266,205.73444143477656,66.74842614395519
0.5154764652240499,205.73444143477656,64.84888188611258
0.5473616074028571,205.73444143477656,62.635333786221224
0.5792467495816642,205.73444143477656,60.92732256568472
0.6111318917604714,205.73444143477656,58.86521050200367
0.6430170339392787,205.73444143477656,57.211925307070715
0.6749021761180859,205.73444143477656,55.74206418635301
0.7067873182968931,205.73444143477656,54.435049872458684
0.7386724604757003,205.73444143477656,53.40359615741661
0.7705576026545076,205.73444143477656,52.29074840687746
0.8024427448333147,205.73444143477656,51.423810216363584
0.834327887012122,205.73444143477656,50.644211668719564
0.8662130291909291,205.73444143477656,49.860378588680334
0.8980981713697364,205.73444143477656,49.318621420490054
0.9299833135485436,205.73444143477656,48.64029204966097
0.9618684557273508,205.73444143477656,48.04344170660275
0.993753597906158,205.73444143477656,47.57836817654226
1.0256387400849651,205.73444143477656,47.2483070662629
1.0575238822637725,205.73444143477656,46.611278594022416
1.0894090244425796,205.73444143477656,46.456140739517444
1.1212941666213867,205.73444143477656,45.9709233991491
1.153179308800194,205.73444143477656,45.71362171359928
1.1850644509790014,205.73444143477656,45.548788559394
1.2169495931578085,205.73444143477656,45.3372537161373
1.2488347353366156,205.73444143477656,45.3694113852899
1.280719877515423,205.73444143477656,45.21584792571707
1.31260501969423,205.73444143477656,45.17904654344066
1.3444901618730372,205.73444143477656,44.820548147189655
1.3763753040518445,205.73444143477656,45.04566519410542
1.4082604462306518,205.73444143477656,44.82392690104735
1.440145588409459,205.73444143477656,44.97919469435109
1.472030730588266,205.73444143477656,44.79224614153737
1.5039158727670734,205.73444143477656,-2548.8546122858725
1.5358010149458805,205.73444143477656,-45543.56658159617
1.5676861571246878,205.73444143477656,-50333.198251987254
1.599571299303495,205.73444143477656,-4751.884262419256
1.6314564414823023,205.73444143477656,45.21141114830659
1.6633415836611094,205.73444143477656,45.530817524703906
1.6952267258399167,205.73444143477656,45.536759966916954
1.7271118680187239,205.73444143477656,45.89367544987192
1.758997010197531,205.73444143477656,46.040239962934805
1.7908821523763383,205.73444143477656,46.31029645592127
1.8227672945551454,205.73444143477656,46.55240202266566
1.8546524367339527,205.73444143477656,46.76854914460651
1.8865375789127599,205.73444143477656,47.00327091441915
1.9184227210915672,205.73444143477656,47.23273386564039
1.9503078632703743,205.73444143477656,47.54094849544054
1.9821930054491814,205.73444143477656,47.81753029149219
2.0140781476279885,205.73444143477656,48.13010641985745
2.045963289806796,205.73444143477656,48.31746697032681
2.077848431985603,205.73444143477656,48.529858705383674
2.1097335741644105,205.73444143477656,48.844014737008166
2.141618716343218,205.73444143477656,49.12424910241005
2.1735038585220248,205.73444143477656,49.48008667343842
2.2053890007008317,205.73444143477656,49.57870743772727
2.237274142879639,205.73444143477656,49.98673828346518
2.2691592850584463,205.73444143477656,50.242918559767105
2.3010444272372537,205.73444143477656,50.74527767922518
2.332929569416061,205.73444143477656,50.89159005725359
2.3648147115948683,205.73444143477656,51.1212825740404
2.3966998537736752,205.73444143477656,51.3803251008863
2.428584995952482,205.73444143477656,51.79380124627966
2.4604701381312895,205.73444143477656,52.09555177286145
2.492355280310097,205.73444143477656,52.052028965074356
2.524240422488904,205.73444143477656,52.60168032507873
2.5561255646677115,205.73444143477656,52.95212266995447
2.588010706846519,205.73444143477656,52.88180806824051
2.619895849025326,205.73444143477656,53.02416743969991
2.6517809912041326,205.73444143477656,53.369318512167474
2.68366613338294,205.73444143477656,53.85527047230444
2.7155512755617472,205.73444143477656,53.863904130731136
2.7474364177405546,205.73444143477656,53.9003592925188
2.779321559919362,205.73444143477656,54.21585214367506
2.8112067020981693,205.73444143477656,54.83351307793855
2.8430918442769766,205.73444143477656,55.14413180748562
2.874976986455783,205.73444143477656,55.11882802672872
2.9068621286345904,205.73444143477656,56.45914539039301
2.9387472708133977,205.73444143477656,57.84985898226767
0.4198210386876282,210.16479885856876,71.953141459036
0.45170618086643544,210.16479885856876,69.46877395231105
0.48359132304524266,210.16479885856876,66.55806846560772
0.5154764652240499,210.16479885856876,64.75661734627622
0.5473616074028571,210.16479885856876,62.519417406542786
0.5792467495816642,210.16479885856876,60.85389448925028
0.6111318917604714,210.16479885856876,58.81680690517729
0.6430170339392787,210.16479885856876,57.1853661097508
0.6749021761180859,210.16479885856876,55.74932126828462
0.7067873182968931,210.16479885856876,54.45416987766587
0.7386724604757003,210.16479885856876,53.44573898704816
0.7705576026545076,210.16479885856876,52.348548375478465
0.8024427448333147,210.16479885856876,51.49289987578672
0.834327887012122,210.16479885856876,50.73395799552049
0.8662130291909291,210.16479885856876,49.962354948141204
0.8980981713697364,210.16479885856876,49.454798615947524
0.9299833135485436,210.16479885856876,48.77395266349095
0.9618684557273508,210.16479885856876,48.17316886561601
0.993753597906158,210.16479885856876,47.718570490768045
1.0256387400849651,210.16479885856876,47.27362095044391
1.0575238822637725,210.16479885856876,46.79570626083127
1.0894090244425796,210.16479885856876,46.6278896559975
1.1212941666213867,210.16479885856876,46.14188549729936
1.153179308800194,210.16479885856876,45.861847677425196
1.1850644509790014,210.16479885856876,45.74271615982022
1.2169495931578085,210.16479885856876,45.506985119765055
1.2488347353366156,210.16479885856876,45.53352198058689
1.280719877515423,210.16479885856876,45.39340036544334
1.31260501969423,210.16479885856876,45.34433727379087
1.3444901618730372,210.16479885856876,44.893704717179
1.3763753040518445,210.16479885856876,45.201877044107135
1.4082604462306518,210.16479885856876,44.975468157588786
1.440145588409459,210.16479885856876,45.108851855127696
1.472030730588266,210.16479885856876,44.93266816811037
1.5039158727670734,210.16479885856876,-711.3275890978806
1.5358010149458805,210.16479885856876,-42764.34918924885
1.5676861571246878,210.16479885856876,-53607.86207103309
1.599571299303495,210.16479885856876,-5005.409758175387
1.6314564414823023,210.16479885856876,45.28630806143841
1.6633415836611094,210.16479885856876,45.61928835512159
1.6952267258399167,210.16479885856876,45.60513549644646
1.7271118680187239,210.16479885856876,45.95060775845281
1.758997010197531,210.16479885856876,46.08385106240346
1.7908821523763383,210.16479885856876,46.328119832729186
1.8227672945551454,210.16479885856876,46.564799237297386
1.8546524367339527,210.16479885856876,46.77105874407537
1.8865375789127599,210.16479885856876,47.00428831545028
1.9184227210915672,210.16479885856876,47.23042577493702
1.9503078632703743,210.16479885856876,47.52415979317609
1.9821930054491814,210.16479885856876,47.7943226144466
2.0140781476279885,210.16479885856876,48.09842020694713
2.045963289806796,210.16479885856876,48.27318678107794
2.077848431985603,210.16479885856876,48.446004778578995
2.1097335741644105,210.16479885856876,48.75607184727365
2.141618716343218,210.16479885856876,49.057993074134195
2.1735038585220248,210.16479885856876,49.393111797330164
2.2053890007008317,210.16479885856876,49.47639350998257
2.237274142879639,210.16479885856876,49.86561954168633
2.2691592850584463,210.16479885856876,50.120931867747345
2.3010444272372537,210.16479885856876,50.630709131966164
2.332929569416061,210.16479885856876,50.78516178938487
2.3648147115948683,210.16479885856876,50.96032095080515
2.3966998537736752,210.16479885856876,51.212646003562796
2.428584995952482,210.16479885856876,51.665416552951655
2.4604701381312895,210.16479885856876,51.947738861838815
2.492355280310097,210.16479885856876,51.860538311980925
2.524240422488904,210.16479885856876,52.403143110824345
2.5561255646677115,210.16479885856876,52.79019752666759
2.588010706846519,210.16479885856876,52.73161126877799
2.619895849025326,210.16479885856876,52.816247212299274
2.6517809912041326,210.16479885856876,53.162476893613174
2.68366613338294,210.16479885856876,53.67073953072071
2.7155512755617472,210.16479885856876,53.752967026911755
2.7474364177405546,210.16479885856876,53.6936089718939
2.779321559919362,210.16479885856876,53.99133389459406
2.8112067020981693,210.16479885856876,54.61778938637175
2.8430918442769766,210.16479885856876,55.01239390001078
2.874976986455783,210.16479885856876,54.80948941249783
2.9068621286345904,210.16479885856876,55.89854497640737
2.9387472708133977,210.16479885856876,57.24082426328748
0.4198210386876282,214.59515628236093,71.61463521910305
0.45170618086643544,214.59515628236093,69.32718240689427
0.48359132304524266,214.59515628236093,66.36671888153028
0.5154764652240499,214.59515628236093,64.63863178893578
0.5473616074028571,214.59515628236093,62.40479230401784
0.5792467495816642,214.59515628236093,60.77118487626411
0.6111318917604714,214.59515628236093,58.769484327748636
0.6430170339392787,214.59515628236093,57.15650241775074
0.6749021761180859,214.59515628236093,55.75550095372041
0.7067873182968931,214.59515628236093,54.47406940015988
0.7386724604757003,214.59515628236093,53.48456459548402
0.7705576026545076,214.59515628236093,52.407683072605536
0.8024427448333147,214.59515628236093,51.561598726382186
0.834327887012122,214.59515628236093,50.82238868895071
0.8662130291909291,214.59515628236093,50.06564865712993
0.8980981713697364,214.59515628236093,49.58561201610431
0.9299833135485436,214.59515628236093,48.82421778287737
0.9618684557273508,214.59515628236093,48.300530494842306
0.993753597906158,214.59515628236093,47.86576903368039
1.0256387400849651,214.59515628236093,47.3879436690365
1.0575238822637725,214.59515628236093,46.99745429250771
1.0894090244425796,214.59515628236093,46.80099526057395
1.1212941666213867,214.59515628236093,46.31914084526957
1.153179308800194,214.59515628236093,46.021005295636584
1.1850644509790014,214.59515628236093,45.953918660013315
1.2169495931578085,214.59515628236093,45.68773382865282
1.2488347353366156,214.59515628236093,45.68497236502108
1.280719877515423,214.59515628236093,45.56662758352474
1.31260501969423,214.59515628236093,45.48615229908448
1.3444901618730372,214.59515628236093,45.01130956005358
1.3763753040518445,214.59515628236093,45.35446504826634
1.4082604462306518,214.59515628236093,45.130486168627925
1.440145588409459,214.59515628236093,45.22578454265018
1.472030730588266,214.59515628236093,45.077487695633415
1.5039158727670734,214.59515628236093,42.504936225113916
1.5358010149458805,214.59515628236093,-38969.728978915526
1.5676861571246878,214.59515628236093,-54308.846953688764
1.599571299303495,214.59515628236093,-5258.935740056861
1.6314564414823023,214.59515628236093,45.37281952471141
1.6633415836611094,214.59515628236093,45.70589581485206
1.6952267258399167,214.59515628236093,45.679433303654015
1.7271118680187239,214.59515628236093,46.005378587548265
1.758997010197531,214.59515628236093,46.13003801878047
1.7908821523763383,214.59515628236093,46.34515921214429
1.8227672945551454,214.59515628236093,46.57764633574647
1.8546524367339527,214.59515628236093,46.773033193890285
1.8865375789127599,214.59515628236093,47.00531679272311
1.9184227210915672,214.59515628236093,47.228735783141616
1.9503078632703743,214.59515628236093,47.506942677128706
1.9821930054491814,214.59515628236093,47.77105503675058
2.0140781476279885,214.59515628236093,48.06339308957276
2.045963289806796,214.59515628236093,48.22678237867149
2.077848431985603,214.59515628236093,48.362459027491866
2.1097335741644105,214.59515628236093,48.666184628487024
2.141618716343218,214.59515628236093,48.98530107664045
2.1735038585220248,214.59515628236093,49.30000292147198
2.2053890007008317,214.59515628236093,49.38524019598164
2.237274142879639,214.59515628236093,49.74168317522102
2.2691592850584463,214.59515628236093,50.00553588548597
2.3010444272372537,214.59515628236093,50.50765618685773
2.332929569416061,214.59515628236093,50.670807640349125
2.3648147115948683,214.59515628236093,50.795684887166615
2.3966998537736752,214.59515628236093,51.04129246743838
2.428584995952482,214.59515628236093,51.52598775885238
2.4604701381312895,214.59515628236093,51.78972301097639
2.492355280310097,214.59515628236093,51.67807583236264
2.524240422488904,214.59515628236093,52.19788131770046
2.5561255646677115,214.59515628236093,52.6112955818805
2.588010706846519,214.59515628236093,52.605835757527124
2.619895849025326,214.59515628236093,52.615024369072366
2.6517809912041326,214.59515628236093,52.95297293574195
2.68366613338294,214.59515628236093,53.47424639138576
2.7155512755617472,214.59515628236093,53.61534342229644
2.7474364177405546,214.59515628236093,53.50222728914602
2.779321559919362,214.59515628236093,53.76784972143179
2.8112067020981693,214.59515628236093,54.393022221909845
2.8430918442769766,214.59515628236093,54.83406954922318
2.874976986455783,214.59515628236093,54.56857853867639
2.9068621286345904,214.59515628236093,55.38392042653989
2.9387472708133977,214.59515628236093,56.663554361692945
0.4198210386876282,219.02551370615313,71.27490321626549
0.45170618086643544,219.02551370615313,69.14143658142046
0.48359132304524266,219.02551370615313,66.17792256676944
0.5154764652240499,219.02551370615313,64.4998720173943
0.5473616074028571,219.02551370615313,62.293507942404325
0.5792467495816642,219.02551370615313,60.681654805607536
0.6111318917604714,219.02551370615313,58.72357945265193
0.6430170339392787,219.02551370615313,57.126068160604454
0.6749021761180859,219.02551370615313,55.76022685708123
0.7067873182968931,219.02551370615313,54.49441609541105
0.7386724604757003,219.02551370615313,53.51962500623305
0.7705576026545076,219.02551370615313,52.46703083056259
0.8024427448333147,219.02551370615313,51.629768663409635
0.834327887012122,219.02551370615313,50.90777278392339
0.8662130291909291,219.02551370615313,50.16829333839999
0.8980981713697364,219.02551370615313,49.706337927450896
0.9299833135485436,219.02551370615313,48.854976461790585
0.9618684557273508,219.02551370615313,48.42571178552615
0.993753597906158,219.02551370615313,48.01994180991266
1.0256387400849651,219.02551370615313,47.580409875046044
1.0575238822637725,219.02551370615313,47.209962748147326
1.0894090244425796,219.02551370615313,46.97214794986355
1.1212941666213867,219.02551370615313,46.49926905578485
1.153179308800194,219.02551370615313,46.1878954913091
1.1850644509790014,219.02551370615313,46.18122577800818
1.2169495931578085,219.02551370615313,45.88868027176544
1.2488347353366156,219.02551370615313,45.819537082151186
1.280719877515423,219.02551370615313,45.73213837935865
1.31260501969423,219.02551370615313,45.589050831014305
1.3444901618730372,219.02551370615313,45.158590955489714
1.3763753040518445,219.02551370615313,45.501279119076315
1.4082604462306518,219.02551370615313,45.28605906605004
1.440145588409459,219.02551370615313,45.326489037831976
1.472030730588266,219.02551370615313,45.22392133274113
1.5039158727670734,219.02551370615313,45.22432861577819
1.5358010149458805,219.02551370615313,-34407.776098443486
1.5676861571246878,219.02551370615313,-52674.699588766074
1.599571299303495,219.02551370615313,-5512.464294723487
1.6314564414823023,219.02551370615313,45.46826919210692
1.6633415836611094,219.02551370615313,45.78901972099966
1.6952267258399167,219.02551370615313,45.75783467562292
1.7271118680187239,219.02551370615313,46.056890108526986
1.758997010197531,219.02551370615313,46.17781764406408
1.7908821523763383,219.02551370615313,46.36117694619179
1.8227672945551454,219.02551370615313,46.59068021205025
1.8546524367339527,219.02551370615313,46.77501175789226
1.8865375789127599,219.02551370615313,47.006342498696114
1.9184227210915672,219.02551370615313,47.22717260020279
1.9503078632703743,219.02551370615313,47.48965718826572
1.9821930054491814,219.02551370615313,47.748262690965134
2.0140781476279885,219.02551370615313,48.02542265552537
2.045963289806796,219.02551370615313,48.17865135089849
2.077848431985603,219.02551370615313,48.28246446985396
2.1097335741644105,219.02551370615313,48.575987111516234
2.141618716343218,219.02551370615313,48.906993753653175
2.1735038585220248,219.02551370615313,49.20158068958823
2.2053890007008317,219.02551370615313,49.30772600247292
2.237274142879639,219.02551370615313,49.617297143512154
2.2691592850584463,219.02551370615313,49.900965800190484
2.3010444272372537,219.02551370615313,50.37725226276586
2.332929569416061,219.02551370615313,50.54966102901227
2.3648147115948683,219.02551370615313,50.6304624231361
2.3966998537736752,219.02551370615313,50.87080461670361
2.428584995952482,219.02551370615313,51.376960045869524
2.4604701381312895,219.02551370615313,51.622949402161815
2.492355280310097,219.02551370615313,51.50944974251272
2.524240422488904,219.02551370615313,51.98982769541803
2.5561255646677115,219.02551370615313,52.41898833024715
2.588010706846519,219.02551370615313,52.48419770971898
2.619895849025326,219.02551370615313,52.425097316055805
2.6517809912041326,219.02551370615313,52.74478093157434
2.68366613338294,219.02551370615313,53.26976534732022
2.7155512755617472,219.02551370615313,53.45412004883199
2.7474364177405546,219.02551370615313,53.331720332391484
2.779321559919362,219.02551370615313,53.54970626307385
2.8112067020981693,219.02551370615313,54.163518223438416
2.8430918442769766,219.02551370615313,54.620175362935065
2.874976986455783,219.02551370615313,54.4023034990487
2.9068621286345904,219.02551370615313,54.92147983457482
2.9387472708133977,219.02551370615313,56.12154755943973
0.4198210386876282,223.45587112994534,70.9403984817516
0.45170618086643544,223.45587112994534,68.9170264837996
0.48359132304524266,223.45587112994534,65.99522469637205
0.5154764652240499,223.45587112994534,64.34528483495478
0.5473616074028571,223.45587112994534,62.18761378546023
0.5792467495816642,223.45587112994534,60.58774940038741
0.6111318917604714,223.45587112994534,58.679627824423086
0.6430170339392787,223.45587112994534,57.09479726784586
0.6749021761180859,223.45587112994534,55.763122592787745
0.7067873182968931,223.45587112994534,54.51487761888979
0.7386724604757003,223.45587112994534,53.550472242804204
0.7705576026545076,223.45587112994534,52.52546998165358
0.8024427448333147,223.45587112994534,51.6972715821287
0.834327887012122,223.45587112994534,50.98837931535181
0.8662130291909291,223.45587112994534,50.2683226147049
0.8980981713697364,223.45587112994534,49.81225265647788
0.9299833135485436,223.45587112994534,48.92761441176372
0.9618684557273508,223.45587112994534,48.548897928912076
0.993753597906158,223.45587112994534,48.18042395543163
1.0256387400849651,223.45587112994534,47.76207413096862
1.0575238822637725,223.45587112994534,47.425117558406406
1.0894090244425796,223.45587112994534,47.138038120483046
1.1212941666213867,223.45587112994534,46.6788497415703
1.153179308800194,223.45587112994534,46.35911172837785
1.1850644509790014,223.45587112994534,46.41045360365233
1.2169495931578085,223.45587112994534,46.11299317348694
1.2488347353366156,223.45587112994534,45.93299067553586
1.280719877515423,223.45587112994534,45.88615850024216
1.31260501969423,223.45587112994534,45.63759018649097
1.3444901618730372,223.45587112994534,45.3222779805634
1.3763753040518445,223.45587112994534,45.64016916903038
1.4082604462306518,223.45587112994534,45.43926498174044
1.440145588409459,223.45587112994534,45.40782485359615
1.472030730588266,223.45587112994534,45.369185688068136
1.5039158727670734,223.45587112994534,45.32305715970309
1.5358010149458805,223.45587112994534,-29326.560695680182
1.5676861571246878,223.45587112994534,-49015.507709264355
1.599571299303495,223.45587112994534,-5765.997508835124
1.6314564414823023,223.45587112994534,45.569980717606335
1.6633415836611094,223.45587112994534,45.86703243386319
1.6952267258399167,223.45587112994534,45.838714775840344
1.7271118680187239,223.45587112994534,46.10404449275762
1.758997010197531,223.45587112994534,46.22620675025248
1.7908821523763383,223.45587112994534,46.37593538689691
1.8227672945551454,223.45587112994534,46.603637760246166
1.8546524367339527,223.45587112994534,46.778703917521995
1.8865375789127599,223.45587112994534,47.007351585827834
1.9184227210915672,223.45587112994534,47.225711385933174
1.9503078632703743,223.45587112994534,47.47266336755434
1.9821930054491814,223.45587112994534,47.726480709651334
2.0140781476279885,223.45587112994534,47.984906492595975
2.045963289806796,223.45587112994534,48.12919128555001
2.077848431985603,223.45587112994534,48.209264123396984
2.1097335741644105,223.45587112994534,48.48711332722931
2.141618716343218,223.45587112994534,48.82389174889673
2.1735038585220248,223.45587112994534,49.09866574540336
2.2053890007008317,223.45587112994534,49.22974602852079
2.237274142879639,223.45587112994534,49.4948294060027
2.2691592850584463,223.45587112994534,49.80971200630569
2.3010444272372537,223.45587112994534,50.2406307785565
2.332929569416061,223.45587112994534,50.422855374240335
2.3648147115948683,223.45587112994534,50.467741598724885
2.3966998537736752,223.45587112994534,50.70769559089726
2.428584995952482,223.45587112994534,51.219778595890624
2.4604701381312895,223.45587112994534,51.448863217282714
2.492355280310097,223.45587112994534,51.35946825872445
2.524240422488904,223.45587112994534,51.782914993687996
2.5561255646677115,223.45587112994534,52.2160744398638
2.588010706846519,223.45587112994534,52.33913299912076
2.619895849025326,223.45587112994534,52.251296300553285
2.6517809912041326,223.45587112994534,52.54187517413097
2.68366613338294,223.45587112994534,53.0612706915446
2.7155512755617472,223.45587112994534,53.274229381043334
2.7474364177405546,223.45587112994534,53.187594189746676
2.779321559919362,223.45587112994534,53.34121015840583
2.8112067020981693,223.45587112994534,53.933584029843054
2.8430918442769766,223.45587112994534,54.38172794895876
2.874976986455783,223.45587112994534,54.3609937756777
2.9068621286345904,223.45587112994534,54.51743129429647
2.9387472708133977,223.45587112994534,55.61830213848353
0.4198210386876282,227.88622855373754,70.61757404678958
0.45170618086643544,227.88622855373754,68.66230994669134
0.48359132304524266,227.88622855373754,65.82217044538466
0.5154764652240499,227.88622855373754,64.17981704492037
0.5473616074028571,227.88622855373754,62.0891592969435
0.5792467495816642,227.88622855373754,60.49168832002817
0.6111318917604714,227.88622855373754,58.63822620354465
0.6430170339392787,227.88622855373754,57.06342366900894
0.6749021761180859,227.88622855373754,55.76381177526078
0.7067873182968931,227.88622855373754,54.535121626066484
0.7386724604757003,227.88622855373754,53.57665832870645
0.7705576026545076,227.88622855373754,52.58187885818244
0.8024427448333147,227.88622855373754,51.76396937779898
0.834327887012122,227.88622855373754,51.06246817002801
0.8662130291909291,227.88622855373754,50.36377010879818
0.8980981713697364,227.88622855373754,49.897770955423375
0.9299833135485436,227.88622855373754,49.030943544659664
0.9618684557273508,227.88622855373754,48.67027411624467
0.993753597906158,227.88622855373754,48.34578046882028
1.0256387400849651,227.88622855373754,47.92195734611697
1.0575238822637725,227.88622855373754,47.62095130338628
1.0894090244425796,227.88622855373754,47.2953561690492
1.1212941666213867,227.88622855373754,46.85446251535112
1.153179308800194,227.88622855373754,46.531247470777885
1.1850644509790014,227.88622855373754,46.55165288089993
1.2169495931578085,227.88622855373754,46.27461213169775
1.2488347353366156,227.88622855373754,46.0241410788929
1.280719877515423,227.88622855373754,46.024467542992056
1.31260501969423,227.88622855373754,45.68924981419313
1.3444901618730372,227.88622855373754,45.49459069235421
1.3763753040518445,227.88622855373754,45.76898511062183
1.4082604462306518,227.88622855373754,45.58718204758449
1.440145588409459,227.88622855373754,45.49615116922743
1.472030730588266,227.88622855373754,45.51049737024903
1.5039158727670734,227.88622855373754,45.43658557652328
1.5358010149458805,227.88622855373754,-23974.152918472984
1.5676861571246878,227.88622855373754,-43641.359048183105
1.599571299303495,227.88622855373754,-6019.537469051579
1.6314564414823023,227.88622855373754,45.67527773005266
1.6633415836611094,227.88622855373754,45.93808433904264
1.6952267258399167,227.88622855373754,45.92045342141064
1.7271118680187239,227.88622855373754,46.14574391160892
1.758997010197531,227.88622855373754,46.27422214934392
1.7908821523763383,227.88622855373754,46.39261579552549
1.8227672945551454,227.88622855373754,46.616255874371554
1.8546524367339527,227.88622855373754,46.7839027413439
1.8865375789127599,227.88622855373754,47.00833020657673
1.9184227210915672,227.88622855373754,47.22432730014532
1.9503078632703743,227.88622855373754,47.45632125596184
1.9821930054491814,227.88622855373754,47.70624422537029
2.0140781476279885,227.88622855373754,47.94224218857558
2.045963289806796,227.88622855373754,48.078799770417
2.077848431985603,227.88622855373754,48.14610100585259
2.1097335741644105,227.88622855373754,48.401197306494225
2.141618716343218,227.88622855373754,48.736815706095506
2.1735038585220248,227.88622855373754,48.99207873264171
2.2053890007008317,227.88622855373754,49.14839595545985
2.237274142879639,227.88622855373754,49.37664792213555
2.2691592850584463,227.88622855373754,49.71725754360557
2.3010444272372537,227.88622855373754,50.09892515309569
2.332929569416061,227.88622855373754,50.291524094899295
2.3648147115948683,227.88622855373754,50.31253510732978
2.3966998537736752,227.88622855373754,50.55760361736057
2.428584995952482,227.88622855373754,51.05588859080338
2.4604701381312895,227.88622855373754,51.26890963822666
2.492355280310097,227.88622855373754,51.23114209499671
2.524240422488904,227.88622855373754,51.58107596222136
2.5561255646677115,227.88622855373754,52.005964023609145
2.588010706846519,227.88622855373754,52.17412946139762
2.619895849025326,227.88622855373754,52.09845160165031
2.6517809912041326,227.88622855373754,52.34822995643242
2.68366613338294,227.88622855373754,52.852736717079516
2.7155512755617472,227.88622855373754,53.08060389345527
2.7474364177405546,227.88622855373754,53.07514794464636
2.779321559919362,227.88622855373754,53.14666804631335
2.8112067020981693,227.88622855373754,53.70752628000937
2.8430918442769766,227.88622855373754,54.1297470720034
2.874976986455783,227.88622855373754,54.25935377336193
2.9068621286345904,227.88622855373754,54.17798289948911
2.9387472708133977,227.88622855373754,55.15731638077995
0.4198210386876282,232.3165859775297,70.31288294260764
0.45170618086643544,232.3165859775297,68.38564480275512
0.48359132304524266,232.3165859775297,65.66230498885407
0.5154764652240499,232.3165859775297,64.00841840771979
0.5473616074028571,232.3165859775297,62.000291790087985
0.5792467495816642,232.3165859775297,60.39552487037272
0.6111318917604714,232.3165859775297,58.59997135049909
0.6430170339392787,232.3165859775297,57.03268129362759
0.6749021761180859,232.3165859775297,55.760751821676045
0.7067873182968931,232.3165859775297,54.55481577241149
0.7386724604757003,232.3165859775297,53.59773528744864
0.7705576026545076,232.3165859775297,52.6351357924531
0.8024427448333147,232.3165859775297,51.83019259854534
0.834327887012122,232.3165859775297,51.1280535737284
0.8662130291909291,232.3165859775297,50.45266944343334
0.8980981713697364,232.3165859775297,49.95338368416278
0.9299833135485436,232.3165859775297,49.15377577234135
0.9618684557273508,232.3165859775297,48.79002555383028
0.993753597906158,232.3165859775297,48.51129921506668
1.0256387400849651,232.3165859775297,48.06192607989943
1.0575238822637725,232.3165859775297,47.78801029833429
1.0894090244425796,232.3165859775297,47.44079249217871
1.1212941666213867,232.3165859775297,47.02268698985236
1.153179308800194,232.3165859775297,46.70089618244434
1.1850644509790014,232.3165859775297,46.557793165097216
1.2169495931578085,232.3165859775297,46.30537549627421
1.2488347353366156,232.3165859775297,46.12674389735501
1.280719877515423,232.3165859775297,46.14282008231807
1.31260501969423,232.3165859775297,45.849724887134364
1.3444901618730372,232.3165859775297,45.66900459501155
1.3763753040518445,232.3165859775297,45.885576856343924
1.4082604462306518,232.3165859775297,45.72688839546746
1.440145588409459,232.3165859775297,45.604772175397436
1.472030730588266,232.3165859775297,45.64507298791844
1.5039158727670734,232.3165859775297,45.561426422232444
1.5358010149458805,232.3165859775297,-18598.622914669304
1.5676861571246878,232.3165859775297,-36862.34133852176
1.599571299303495,232.3165859775297,-6273.086262032714
1.6314564414823023,232.3165859775297,45.78159361784068
1.6633415836611094,232.3165859775297,46.00019252456202
1.6952267258399167,232.3165859775297,46.00143042943816
1.7271118680187239,232.3165859775297,46.18090542060574
1.758997010197531,232.3165859775297,46.320880653336616
1.7908821523763383,232.3165859775297,46.41606329210053
1.8227672945551454,232.3165859775297,46.62827144846383
1.8546524367339527,232.3165859775297,46.790260175866464
1.8865375789127599,232.3165859775297,47.00926451340135
1.9184227210915672,232.3165859775297,47.22299550265191
1.9503078632703743,232.3165859775297,47.440990894455474
1.9821930054491814,232.3165859775297,47.68785611440869
2.0140781476279885,232.3165859775297,47.89782733125529
2.045963289806796,232.3165859775297,48.02787439329059
2.077848431985603,232.3165859775297,48.09621813495248
2.1097335741644105,232.3165859775297,48.31987308017899
2.141618716343218,232.3165859775297,48.64658626897386
2.1735038585220248,232.3165859775297,48.88264029502761
2.2053890007008317,232.3165859775297,49.06449642701448
2.237274142879639,232.3165859775297,49.265120651353705
2.2691592850584463,232.3165859775297,49.620293841837565
2.3010444272372537,232.3165859775297,49.953268805249316
2.332929569416061,232.3165859775297,50.15680060985508
2.3648147115948683,232.3165859775297,50.172725662108476
2.3966998537736752,232.3165859775297,50.426162551808375
2.428584995952482,232.3165859775297,50.88673521249532
2.4604701381312895,232.3165859775297,51.08453384688134
2.492355280310097,232.3165859775297,51.10575778967399
2.524240422488904,232.3165859775297,51.38824335072908
2.5561255646677115,232.3165859775297,51.79258983119412
2.588010706846519,232.3165859775297,51.992776114968514
2.619895849025326,232.3165859775297,51.97139349843258
2.6517809912041326,232.3165859775297,52.16781957149925
2.68366613338294,232.3165859775297,52.64813771694558
2.7155512755617472,232.3165859775297,52.8781760605927
2.7474364177405546,232.3165859775297,52.962763367935764
2.779321559919362,232.3165859775297,52.970386565681984
2.8112067020981693,232.3165859775297,53.48965161282295
2.8430918442769766,232.3165859775297,53.87451011866107
2.874976986455783,232.3165859775297,54.09801216027143
2.9068621286345904,232.3165859775297,53.909342743937025
2.9387472708133977,232.3165859775297,54.742088568284686
0.4198210386876282,236.74694340132191,70.03277820043402
0.45170618086643544,236.74694340132191,68.09557529736657
0.48359132304524266,236.74694340132191,65.51917350182694
0.5154764652240499,236.74694340132191,63.838466117384186
0.5473616074028571,236.74694340132191,61.92362578132287
0.5792467495816642,236.74694340132191,60.301359705531205
0.6111318917604714,236.74694340132191,58.5654600257498
0.6430170339392787,236.74694340132191,57.003304071235775
0.6749021761180859,236.74694340132191,55.752149598407414
0.7067873182968931,236.74694340132191,54.57362771339522
0.7386724604757003,236.74694340132191,53.615227236226204
0.7705576026545076,236.74694340132191,52.68411911676948
0.8024427448333147,236.74694340132191,51.90305818377034
0.834327887012122,236.74694340132191,51.18293569289877
0.8662130291909291,236.74694340132191,50.53305424136388
0.8980981713697364,236.74694340132191,49.97067613997837
0.9299833135485436,236.74694340132191,49.28257636096511
0.9618684557273508,236.74694340132191,48.90737563078657
0.993753597906158,236.74694340132191,48.61323559155075
1.0256387400849651,236.74694340132191,48.18694569461894
1.0575238822637725,236.74694340132191,47.91811354664019
1.0894090244425796,236.74694340132191,47.571037486488365
1.1212941666213867,236.74694340132191,47.180102777799206
1.153179308800194,236.74694340132191,46.864651327312295
1.1850644509790014,236.74694340132191,46.68750857227259
1.2169495931578085,236.74694340132191,46.38906707871614
1.2488347353366156,236.74694340132191,46.24793625762763
1.280719877515423,236.74694340132191,46.23697069292997
1.31260501969423,236.74694340132191,46.02894473021058
1.3444901618730372,236.74694340132191,45.838995192684834
1.3763753040518445,236.74694340132191,45.987794318689986
1.4082604462306518,236.74694340132191,45.855462157274665
1.440145588409459,236.74694340132191,45.72709275758437
1.472030730588266,236.74694340132191,45.77012914971099
1.5039158727670734,236.74694340132191,45.69409225282437
1.5358010149458805,236.74694340132191,-13448.040832116476
1.5676861571246878,236.74694340132191,-29115.74798460687
1.599571299303495,236.74694340132191,-6518.101616700879
1.6314564414823023,236.74694340132191,45.88603770213287
1.6633415836611094,236.74694340132191,46.05137356606076
1.6952267258399167,236.74694340132191,46.080025617027225
1.7271118680187239,236.74694340132191,46.21823326755275
1.758997010197531,236.74694340132191,46.365199074228805
1.7908821523763383,236.74694340132191,46.44500529840421
1.8227672945551454,236.74694340132191,46.63942137656036
1.8546524367339527,236.74694340132191,46.797428167598234
1.8865375789127599,236.74694340132191,47.010140658760214
1.9184227210915672,236.74694340132191,47.221690196323905
1.9503078632703743,236.74694340132191,47.42703232400251
1.9821930054491814,236.74694340132191,47.66815045108903
2.0140781476279885,236.74694340132191,47.852059508426095
2.045963289806796,236.74694340132191,47.976812741961766
2.077848431985603,236.74694340132191,48.057744113528464
2.1097335741644105,236.74694340132191,48.24570831155623
2.141618716343218,236.74694340132191,48.55402408125619
2.1735038585220248,236.74694340132191,48.772795429312126
2.2053890007008317,236.74694340132191,48.978868086909095
2.237274142879639,236.74694340132191,49.16261555310007
2.2691592850584463,236.74694340132191,49.51995431986764
2.3010444272372537,236.74694340132191,49.80590516456936
2.332929569416061,236.74694340132191,50.01981833797374
2.3648147115948683,236.74694340132191,50.05416057025995
2.3966998537736752,236.74694340132191,50.319006249955486
2.428584995952482,236.74694340132191,50.71376364285412
2.4604701381312895,236.74694340132191,50.89748930258682
2.492355280310097,236.74694340132191,50.97823761488104
2.524240422488904,236.74694340132191,51.208349908922095
2.5561255646677115,236.74694340132191,51.57988461235807
2.588010706846519,236.74694340132191,51.798661978252476
2.619895849025326,236.74694340132191,51.872985832151386
2.6517809912041326,236.74694340132191,52.00461831235206
2.68366613338294,236.74694340132191,52.45144798416333
2.7155512755617472,236.74694340132191,52.67389505540494
2.7474364177405546,236.74694340132191,52.82815651114157
2.779321559919362,236.74694340132191,52.816692432274024
2.8112067020981693,236.74694340132191,53.284266667169376
2.8430918442769766,236.74694340132191,53.623570786026924
2.874976986455783,236.74694340132191,53.88798554421851
2.9068621286345904,236.74694340132191,53.7177189214245
2.9387472708133977,236.74694340132191,54.37611698295338
0.4198210386876282,241.17730082511412,69.78371285149697
0.45170618086643544,241.17730082511412,67.81501431694562
0.48359132304524266,241.17730082511412,65.39632115934998
0.5154764652240499,241.17730082511412,63.678694702272225
0.5473616074028571,241.17730082511412,61.86189389830494
0.5792467495816642,241.17730082511412,60.21281654317787
0.6111318917604714,241.17730082511412,58.5275639924674
0.6430170339392787,241.17730082511412,56.97602593136739
0.6749021761180859,241.17730082511412,55.73906639646534
0.7067873182968931,241.17730082511412,54.59122510448802
0.7386724604757003,241.17730082511412,53.63313072735478
0.7705576026545076,241.17730082511412,52.72770716343552
0.8024427448333147,241.17730082511412,51.9447383227316
0.834327887012122,241.17730082511412,51.224915146656215
0.8662130291909291,241.17730082511412,50.6029581253433
0.8980981713697364,241.17730082511412,50.02277211176739
0.9299833135485436,241.17730082511412,49.40540252554848
0.9618684557273508,241.17730082511412,49.017955272681824
0.993753597906158,241.17730082511412,48.63972499604539
1.0256387400849651,241.17730082511412,48.297228150932426
1.0575238822637725,241.17730082511412,47.973044472516015
1.0894090244425796,241.17730082511412,47.682781548594875
1.1212941666213867,241.17730082511412,47.32328949191676
1.153179308800194,241.17730082511412,47.019106369316845
1.1850644509790014,241.17730082511412,46.85798351041725
1.2169495931578085,241.17730082511412,46.52862758948375
1.2488347353366156,241.17730082511412,46.38342861357798
1.280719877515423,241.17730082511412,46.308682686740234
1.31260501969423,241.17730082511412,46.18030900194964
1.3444901618730372,241.17730082511412,45.998037989523404
1.3763753040518445,241.17730082511412,46.07348741015331
1.4082604462306518,241.17730082511412,45.96998146489145
1.440145588409459,241.17730082511412,45.85651780126626
1.472030730588266,241.17730082511412,45.882882464261264
1.5039158727670734,241.17730082511412,45.82720581582966
1.5358010149458805,241.17730082511412,-8770.47681866194
1.5676861571246878,241.17730082511412,-21262.173305476514
1.599571299303495,241.17730082511412,-6563.250245793238
1.6314564414823023,241.17730082511412,45.98424526037074
1.6633415836611094,241.17730082511412,46.090323246216094
1.6952267258399167,241.17730082511412,46.15455877616869
1.7271118680187239,241.17730082511412,46.26436239019669
1.758997010197531,241.17730082511412,46.40619422401868
1.7908821523763383,241.17730082511412,46.47807509364019
1.8227672945551454,241.17730082511412,46.64944255269853
1.8546524367339527,241.17730082511412,46.80490703941402
1.8865375789127599,241.17730082511412,47.01094479511181
1.9184227210915672,241.17730082511412,47.22038750523904
1.9503078632703743,241.17730082511412,47.415268492299866
1.9821930054491814,241.17730082511412,47.64627271874508
2.0140781476279885,241.17730082511412,47.80675226311345
2.045963289806796,241.17730082511412,47.92692680601459
2.077848431985603,241.17730082511412,48.02113156858399
2.1097335741644105,241.17730082511412,48.18307060431758
2.141618716343218,241.17730082511412,48.45994978666682
2.1735038585220248,241.17730082511412,48.66830757558448
2.2053890007008317,241.17730082511412,48.892331578868
2.237274142879639,241.17730082511412,49.07150058681758
2.2691592850584463,241.17730082511412,49.417372396561774
2.3010444272372537,241.17730082511412,49.66506507508958
2.332929569416061,241.17730082511412,49.88172654059449
2.3648147115948683,241.17730082511412,49.96264508504502
2.3966998537736752,241.17730082511412,50.23211320808471
2.428584995952482,241.17730082511412,50.53967390246391
2.4604701381312895,241.17730082511412,50.71753546695767
2.492355280310097,241.17730082511412,50.8500267525055
2.524240422488904,241.17730082511412,51.04532838651137
2.5561255646677115,241.17730082511412,51.37557670464893
2.588010706846519,241.17730082511412,51.601172916925385
2.619895849025326,241.17730082511412,51.767476400225426
2.6517809912041326,241.17730082511412,51.86260047201141
2.68366613338294,241.17730082511412,52.26664181175339
2.7155512755617472,241.17730082511412,52.48144036095403
2.7474364177405546,241.17730082511412,52.67625984878858
2.779321559919362,241.17730082511412,52.69062069132498
2.8112067020981693,241.17730082511412,53.09567808193426
2.8430918442769766,241.17730082511412,53.38749240494482
2.874976986455783,241.17730082511412,53.641699160678826
2.9068621286345904,241.17730082511412,53.62446052922976
2.9387472708133977,241.17730082511412,54.06289990674169
0.4198210386876282,245.60765824890632,69.57213992702468
0.45170618086643544,245.60765824890632,67.56492448998542
0.48359132304524266,245.60765824890632,65.2972456276436
0.5154764652240499,245.60765824890632,63.53651867204835
0.5473616074028571,245.60765824890632,61.817082692888285
0.5792467495816642,245.60765824890632,60.13416555168315
0.6111318917604714,245.60765824890632,58.48039945999083
0.6430170339392787,245.60765824890632,56.95162324315383
0.6749021761180859,245.60765824890632,55.72269883739189
0.7067873182968931,245.60765824890632,54.60727560116027
0.7386724604757003,245.60765824890632,53.65132624857166
0.7705576026545076,245.60765824890632,52.764778264755144
0.8024427448333147,245.60765824890632,51.961564288089946
0.834327887012122,245.60765824890632,51.25428326283248
0.8662130291909291,245.60765824890632,50.66041471812516
0.8980981713697364,245.60765824890632,50.10087788161152
0.9299833135485436,245.60765824890632,49.51585474801861
0.9618684557273508,245.60765824890632,49.116558836820396
0.993753597906158,245.60765824890632,48.722850915870126
1.0256387400849651,245.60765824890632,48.3928593852679
1.0575238822637725,245.60765824890632,48.01455545141678
1.0894090244425796,245.60765824890632,47.77271507511503
1.1212941666213867,245.60765824890632,47.44882674493016
1.153179308800194,245.60765824890632,47.15896241059303
1.1850644509790014,245.60765824890632,46.991851836017005
1.2169495931578085,245.60765824890632,46.6900592148394
1.2488347353366156,245.60765824890632,46.525965348111384
1.280719877515423,245.60765824890632,46.39280658033355
1.31260501969423,245.60765824890632,46.302188000246254
1.3444901618730372,245.60765824890632,46.1396084896767
1.3763753040518445,245.60765824890632,46.14094545134523
1.4082604462306518,245.60765824890632,46.067524450203095
1.440145588409459,245.60765824890632,45.979091410048966
1.472030730588266,245.60765824890632,45.98054954020391
1.5039158727670734,245.60765824890632,45.94608213391017
1.5358010149458805,245.60765824890632,-4814.001022153092
1.5676861571246878,245.60765824890632,-13891.565963940899
1.599571299303495,245.60765824890632,-6283.026364683086
1.6314564414823023,245.60765824890632,46.07172537167721
1.6633415836611094,245.60765824890632,46.13372172882293
1.6952267258399167,245.60765824890632,46.221294545880966
1.7271118680187239,245.60765824890632,46.31725071552534
1.758997010197531,245.60765824890632,46.442882914704505
1.7908821523763383,245.60765824890632,46.51230197364445
1.8227672945551454,245.60765824890632,46.65807187091572
1.8546524367339527,245.60765824890632,46.811723307905886
1.8865375789127599,245.60765824890632,47.011663074914665
1.9184227210915672,245.60765824890632,47.21907742522225
1.9503078632703743,245.60765824890632,47.40750537948512
1.9821930054491814,245.60765824890632,47.622620505167816
2.0140781476279885,245.60765824890632,47.76539023215919
2.045963289806796,245.60765824890632,47.88185339164907
2.077848431985603,245.60765824890632,47.986394616325676
2.1097335741644105,245.60765824890632,48.134932274758086
2.141618716343218,245.60765824890632,48.36850504285555
2.1735038585220248,245.60765824890632,48.57471228682874
2.2053890007008317,245.60765824890632,48.80570754661561
2.237274142879639,245.60765824890632,48.994143711949164
2.2691592850584463,245.60765824890632,49.313681490785974
2.3010444272372537,245.60765824890632,49.53833391066247
2.332929569416061,245.60765824890632,49.752670680741645
2.3648147115948683,245.60765824890632,49.89546107012029
2.3966998537736752,245.60765824890632,50.14459471863425
2.428584995952482,245.60765824890632,50.380337221363064
2.4604701381312895,245.60765824890632,50.55549236825135
2.492355280310097,245.60765824890632,50.72257038443495
2.524240422488904,245.60765824890632,50.90311153320791
2.5561255646677115,245.60765824890632,51.19157656859355
2.588010706846519,245.60765824890632,51.42189240427873
2.619895849025326,245.60765824890632,51.64265513396882
2.6517809912041326,245.60765824890632,51.74574034349792
2.68366613338294,245.60765824890632,52.09785245490883
2.7155512755617472,245.60765824890632,52.310223752407225
2.7474364177405546,245.60765824890632,52.51376900737952
2.779321559919362,245.60765824890632,52.597730450814204
2.8112067020981693,245.60765824890632,52.92819249600316
2.8430918442769766,245.60765824890632,53.177291583229106
2.874976986455783,245.60765824890632,53.4092286353367
2.9068621286345904,245.60765824890632,53.56566105543344
2.9387472708133977,245.60765824890632,53.80593562160528
0.4198210386876282,250.0380156726985,69.40451245824538
0.45170618086643544,250.0380156726985,67.35854138270562
0.48359132304524266,250.0380156726985,65.2236058050623
0.5154764652240499,250.0380156726985,63.41935253637712
0.5473616074028571,250.0380156726985,61.76266809225604
0.5792467495816642,250.0380156726985,60.06944381625096
0.6111318917604714,250.0380156726985,58.42715294504327
0.6430170339392787,250.0380156726985,56.93125837493977
0.6749021761180859,250.0380156726985,55.706989288581596
0.7067873182968931,250.0380156726985,54.62143057485145
0.7386724604757003,250.0380156726985,53.66862060266388
0.7705576026545076,250.0380156726985,52.794210753032296
0.8024427448333147,250.0380156726985,52.0014086426276
0.834327887012122,250.0380156726985,51.288149125356306
0.8662130291909291,250.0380156726985,50.703457642462936
0.8980981713697364,250.0380156726985,50.15980344079272
0.9299833135485436,250.0380156726985,49.60758471072728
0.9618684557273508,250.0380156726985,49.19798068050669
0.993753597906158,250.0380156726985,48.820109854684354
1.0256387400849651,250.0380156726985,48.47260567539311
1.0575238822637725,250.0380156726985,48.115373972218755
1.0894090244425796,250.0380156726985,47.84049361338099
1.1212941666213867,250.0380156726985,47.553294149564515
1.153179308800194,250.0380156726985,47.27367639179808
1.1850644509790014,250.0380156726985,47.08990616234145
1.2169495931578085,250.0380156726985,46.82520212343949
1.2488347353366156,250.0380156726985,46.64722737283247
1.280719877515423,250.0380156726985,46.49216865850783
1.31260501969423,250.0380156726985,46.39371677896293
1.3444901618730372,250.0380156726985,46.257182197294036
1.3763753040518445,250.0380156726985,46.20483083519192
1.4082604462306518,250.0380156726985,46.14517068176226
1.440145588409459,250.0380156726985,46.07620005856541
1.472030730588266,250.0380156726985,46.06034698617351
1.5039158727670734,250.0380156726985,46.044082189054926
1.5358010149458805,250.0380156726985,-1826.683590437321
1.5676861571246878,250.0380156726985,-7562.083648636215
1.599571299303495,250.0380156726985,-5469.255589254336
1.6314564414823023,250.0380156726985,46.14398711517514
1.6633415836611094,250.0380156726985,46.18749183233849
1.6952267258399167,250.0380156726985,46.27622696705983
1.7271118680187239,250.0380156726985,46.36971674273208
1.758997010197531,250.0380156726985,46.47412586389965
1.7908821523763383,250.0380156726985,46.541464162230945
1.8227672945551454,250.0380156726985,46.665046225249306
1.8546524367339527,250.0380156726985,46.81741224221278
1.8865375789127599,250.0380156726985,47.01228165062727
1.9184227210915672,250.0380156726985,47.21775139158899
1.9503078632703743,250.0380156726985,47.40464483028392
1.9821930054491814,250.0380156726985,47.59759139814824
2.0140781476279885,250.0380156726985,47.7302194784775
2.045963289806796,250.0380156726985,47.84392021389587
2.077848431985603,250.0380156726985,47.95393084454459
2.1097335741644105,250.0380156726985,48.10011690152357
2.141618716343218,250.0380156726985,48.29240173313378
2.1735038585220248,250.0380156726985,48.49754294434629
2.2053890007008317,250.0380156726985,48.72618364431054
2.237274142879639,250.0380156726985,48.9329128879378
2.2691592850584463,250.0380156726985,49.212968831842026
2.3010444272372537,250.0380156726985,49.43298917777779
2.332929569416061,250.0380156726985,49.64558024671933
2.3648147115948683,250.0380156726985,49.83147107369287
2.3966998537736752,250.0380156726985,50.05675242258208
2.428584995952482,250.0380156726985,50.24728821823747
2.4604701381312895,250.0380156726985,50.420376220693676
2.492355280310097,250.0380156726985,50.59762998767225
2.524240422488904,250.0380156726985,50.78563209872264
2.5561255646677115,250.0380156726985,51.03809181429553
2.588010706846519,250.0380156726985,51.271668392350044
2.619895849025326,250.0380156726985,51.505966836218
2.6517809912041326,250.0380156726985,51.658012219832145
2.68366613338294,250.0380156726985,51.95654765158786
2.7155512755617472,250.0380156726985,52.16915394960745
2.7474364177405546,250.0380156726985,52.37293420504936
2.779321559919362,250.0380156726985,52.53833437099658
2.8112067020981693,250.0380156726985,52.78611654826172
2.8430918442769766,250.0380156726985,53.0039849286941
2.874976986455783,250.0380156726985,53.21927608062221
2.9068621286345904,250.0380156726985,53.43404480340044
2.9387472708133977,250.0380156726985,53.60872240949981
0.4198210386876282,254.4683730964907,69.28728347638732
0.45170618086643544,254.4683730964907,67.20910056132591
0.48359132304524266,254.4683730964907,65.17364986050393
0.5154764652240499,254.4683730964907,63.33461080492309
0.5473616074028571,254.4683730964907,61.6913499801022
0.5792467495816642,254.4683730964907,60.02268842208521
0.6111318917604714,254.4683730964907,58.384578853206385
0.6430170339392787,254.4683730964907,56.916011659305816
0.6749021761180859,254.4683730964907,55.69444971187783
0.7067873182968931,254.4683730964907,54.6321967047636
0.7386724604757003,254.4683730964907,53.68138159866987
0.7705576026545076,254.4683730964907,52.814882960570905
0.8024427448333147,254.4683730964907,52.035104562687685
0.834327887012122,254.4683730964907,51.325836974468935
0.8662130291909291,254.4683730964907,50.73006975894928
0.8980981713697364,254.4683730964907,50.19820912549805
0.9299833135485436,254.4683730964907,49.67424409602632
0.9618684557273508,254.4683730964907,49.25701516104508
0.993753597906158,254.4683730964907,48.8857773097307
1.0256387400849651,254.4683730964907,48.53128689289367
1.0575238822637725,254.4683730964907,48.19471264270933
1.0894090244425796,254.4683730964907,47.894304798616815
1.1212941666213867,254.4683730964907,47.63327131854498
1.153179308800194,254.4683730964907,47.35611256691563
1.1850644509790014,254.4683730964907,47.152789781994436
1.2169495931578085,254.4683730964907,46.92371385576905
1.2488347353366156,254.4683730964907,46.73492477133133
1.280719877515423,254.4683730964907,46.5792896477548
1.31260501969423,254.4683730964907,46.45450560156087
1.3444901618730372,254.4683730964907,46.34421385475346
1.3763753040518445,254.4683730964907,46.267387236203604
1.4082604462306518,254.4683730964907,46.1999444912665
1.440145588409459,254.4683730964907,46.14393126289772
1.472030730588266,254.4683730964907,46.1194914108047
1.5039158727670734,254.4683730964907,46.11501629167336
1.5358010149458805,254.4683730964907,-130.75562223705967
1.5676861571246878,254.4683730964907,-2831.8840481985353
1.599571299303495,254.4683730964907,-2830.059560426334
1.6314564414823023,254.4683730964907,46.196539569987465
1.6633415836611094,254.4683730964907,46.23830022575865
1.6952267258399167,254.4683730964907,46.31591970592807
1.7271118680187239,254.4683730964907,46.40800977563319
1.758997010197531,254.4683730964907,46.49723009442978
1.7908821523763383,254.4683730964907,46.56347481893903
1.8227672945551454,254.4683730964907,46.67010250973669
1.8546524367339527,254.4683730964907,46.821569617593234
1.8865375789127599,254.4683730964907,47.0127859067018
1.9184227210915672,254.4683730964907,47.216400839654774
1.9503078632703743,254.4683730964907,47.40388633380084
1.9821930054491814,254.4683730964907,47.574517531356875
2.0140781476279885,254.4683730964907,47.703475642162296
2.045963289806796,254.4683730964907,47.815362912848826
2.077848431985603,254.4683730964907,47.9258166835855
2.1097335741644105,254.4683730964907,48.06699230828701
2.141618716343218,254.4683730964907,48.23771201966397
2.1735038585220248,254.4683730964907,48.44233292943868
2.2053890007008317,254.4683730964907,48.668932262117515
2.237274142879639,254.4683730964907,48.8901760742264
2.2691592850584463,254.4683730964907,49.1373269758718
2.3010444272372537,254.4683730964907,49.35630838292512
2.332929569416061,254.4683730964907,49.56773274501714
2.3648147115948683,254.4683730964907,49.77031448257456
2.3966998537736752,254.4683730964907,49.97151682256943
2.428584995952482,254.4683730964907,50.149543107312894
2.4604701381312895,254.4683730964907,50.321203238510556
2.492355280310097,254.4683730964907,50.49828893118307
2.524240422488904,254.4683730964907,50.696822832766514
2.5561255646677115,254.4683730964907,50.92533005185849
2.588010706846519,254.4683730964907,51.16070849124294
2.619895849025326,254.4683730964907,51.39881233895822
2.6517809912041326,254.4683730964907,51.60327080949572
2.68366613338294,254.4683730964907,51.85437776164295
2.7155512755617472,254.4683730964907,52.067139672397886
2.7474364177405546,254.4683730964907,52.27107554052353
2.779321559919362,254.4683730964907,52.46973459336941
2.8112067020981693,254.4683730964907,52.6749025093503
2.8430918442769766,254.4683730964907,52.87858904915412
2.874976986455783,254.4683730964907,53.08285810434969
2.9068621286345904,254.4683730964907,53.28747418316423
2.9387472708133977,254.4683730964907,53.47475855238095
0.4198210386876282,258.8987305202829,69.22690601267868
0.45170618086643544,258.8987305202829,67.12983759206598
0.48359132304524266,258.8987305202829,65.11385399242776
0.5154764652240499,258.8987305202829,63.28970798735077
0.5473616074028571,258.8987305202829,61.647757365992035
0.5792467495816642,258.8987305202829,59.99793645438979
0.6111318917604714,258.8987305202829,58.36187483804546
0.6430170339392787,258.8987305202829,56.90691002146792
0.6749021761180859,258.8987305202829,55.68610703249653
0.7067873182968931,258.8987305202829,54.63809851602844
0.7386724604757003,258.8987305202829,53.68844250721571
0.7705576026545076,258.8987305202829,52.82559792915114
0.8024427448333147,258.8987305202829,52.05174562846695
0.834327887012122,258.8987305202829,51.34735017953556
0.8662130291909291,258.8987305202829,50.74267444811804
0.8980981713697364,258.8987305202829,50.21600731366922
0.9299833135485436,258.8987305202829,49.70948458626754
0.9618684557273508,258.8987305202829,49.28845663573992
0.993753597906158,258.8987305202829,48.91829969106624
1.0256387400849651,258.8987305202829,48.56301936548492
1.0575238822637725,258.8987305202829,48.23595540605417
1.0894090244425796,258.8987305202829,47.92230277453013
1.1212941666213867,258.8987305202829,47.67987334828602
1.153179308800194,258.8987305202829,47.399431056256866
1.1850644509790014,258.8987305202829,47.184757990892344
1.2169495931578085,258.8987305202829,46.97633709451907
1.2488347353366156,258.8987305202829,46.78139283677928
1.280719877515423,258.8987305202829,46.62531166047016
1.31260501969423,258.8987305202829,46.48612458308924
1.3444901618730372,258.8987305202829,46.39136894937007
1.3763753040518445,258.8987305202829,46.30256824406103
1.4082604462306518,258.8987305202829,46.22839270885295
1.440145588409459,258.8987305202829,46.17869542142209
1.472030730588266,258.8987305202829,46.154546544323395
1.5039158727670734,258.8987305202829,46.15269475217485
1.5358010149458805,258.8987305202829,46.163863943953544
1.5676861571246878,258.8987305202829,-259.12485126406244
1.599571299303495,258.8987305202829,-259.1049453614405
1.6314564414823023,258.8987305202829,46.22489181523704
1.6633415836611094,258.8987305202829,46.26573858113125
1.6952267258399167,258.8987305202829,46.336936428708434
1.7271118680187239,258.8987305202829,46.42834094638915
1.758997010197531,258.8987305202829,46.51009461974135
1.7908821523763383,258.8987305202829,46.57653497812735
1.8227672945551454,258.8987305202829,46.672897232716736
1.8546524367339527,258.8987305202829,46.82379120930587
1.8865375789127599,258.8987305202829,47.01314225821032
1.9184227210915672,258.8987305202829,47.21501720473509
1.9503078632703743,258.8987305202829,47.40321044254124
1.9821930054491814,258.8987305202829,47.560971412024685
2.0140781476279885,258.8987305202829,47.6873943633075
2.045963289806796,258.8987305202829,47.79841712860192
2.077848431985603,258.8987305202829,47.90967704807694
2.1097335741644105,258.8987305202829,48.04001750169039
2.141618716343218,258.8987305202829,48.20996928374754
2.1735038585220248,258.8987305202829,48.41461562340727
2.2053890007008317,258.8987305202829,48.63971932012363
2.237274142879639,258.8987305202829,48.86974883676706
2.2691592850584463,258.8987305202829,49.097047570135196
2.3010444272372537,258.8987305202829,49.315569032594226
2.332929569416061,258.8987305202829,49.52640568212482
2.3648147115948683,258.8987305202829,49.72836160589624
2.3966998537736752,258.8987305202829,49.92014021310947
2.428584995952482,258.8987305202829,50.096118102815346
2.4604701381312895,258.8987305202829,50.26698963592782
2.492355280310097,258.8987305202829,50.44454652746771
2.524240422488904,258.8987305202829,50.64188301792836
2.5561255646677115,258.8987305202829,50.863498891385994
2.588010706846519,258.8987305202829,51.09922031106095
2.619895849025326,258.8987305202829,51.33967068158419
2.6517809912041326,258.8987305202829,51.575473407586536
2.68366613338294,258.8987305202829,51.8002515049171
2.7155512755617472,258.8987305202829,52.01308964062152
2.7474364177405546,258.8987305202829,52.21710173364503
2.779321559919362,258.8987305202829,52.41586553339927
2.8112067020981693,258.8987305202829,52.61383230878659
2.8430918442769766,258.8987305202829,52.81212055242352
2.874976986455783,258.8987305202829,53.010991314333445
2.9068621286345904,258.8987305202829,53.21020910274365
2.9387472708133977,258.8987305202829,53.40754233220434
0.4198210386876282,263.3290879440751,69.22
0.45170618086643544,263.3290879440751,67.08653610752562
0.48359132304524266,263.3290879440751,65.08553404485437
0.5154764652240499,263.3290879440751,63.32104323529943
0.5473616074028571,263.3290879440751,61.654833486430626
0.5792467495816642,263.3290879440751,59.975075597812086
0.6111318917604714,263.3290879440751,58.3452361122612
0.6430170339392787,263.3290879440751,56.90770579998508
0.6749021761180859,263.3290879440751,55.69366678730149
0.7067873182968931,263.3290879440751,54.63378953231596
0.7386724604757003,263.3290879440751,53.68797018615903
0.7705576026545076,263.3290879440751,52.82749790557991
0.8024427448333147,263.3290879440751,52.05744954427562
0.834327887012122,263.3290879440751,51.35147040978251
0.8662130291909291,263.3290879440751,50.747973499733554
0.8980981713697364,263.3290879440751,50.221531485130576
0.9299833135485436,263.3290879440751,49.71559481342504
0.9618684557273508,263.3290879440751,49.295265643916565
0.993753597906158,263.3290879440751,48.924711383110754
1.0256387400849651,263.3290879440751,48.570301262150736
1.0575238822637725,263.3290879440751,48.243408491638036
1.0894090244425796,263.3290879440751,47.9312772743279
1.1212941666213867,263.3290879440751,47.68892503640674
1.153179308800194,263.3290879440751,47.40772139931664
1.1850644509790014,263.3290879440751,47.19161321866862
1.2169495931578085,263.3290879440751,46.98571892314536
1.2488347353366156,263.3290879440751,46.79047935510884
1.280719877515423,263.3290879440751,46.634138901095184
1.31260501969423,263.3290879440751,46.49388882716746
1.3444901618730372,263.3290879440751,46.3992054732903
1.3763753040518445,263.3290879440751,46.3098615420279
1.4082604462306518,263.3290879440751,46.23480192094797
1.440145588409459,263.3290879440751,46.185721273415545
1.472030730588266,263.3290879440751,46.16143323149254
1.5039158727670734,263.3290879440751,46.15975529073241
1.5358010149458805,263.3290879440751,46.17096552553746
1.5676861571246878,263.3290879440751,46.186766876519215
1.599571299303495,263.3290879440751,46.205836408804124
1.6314564414823023,263.3290879440751,46.23020704049307
1.6633415836611094,263.3290879440751,46.27091769995902
1.6952267258399167,263.3290879440751,46.3416969325831
1.7271118680187239,263.3290879440751,46.43334059478312
1.758997010197531,263.3290879440751,46.51373921571327
1.7908821523763383,263.3290879440751,46.58138986019567
1.8227672945551454,263.3290879440751,46.67401622146209
1.8546524367339527,263.3290879440751,46.8255388847553
1.8865375789127599,263.3290879440751,47.0140914525617
1.9184227210915672,263.3290879440751,47.2137576714892
1.9503078632703743,263.3290879440751,47.40258703606463
1.9821930054491814,263.3290879440751,47.553298190710976
2.0140781476279885,263.3290879440751,47.66917393446841
2.045963289806796,263.3290879440751,47.77377982953562
2.077848431985603,263.3290879440751,47.8912560772482
2.1097335741644105,263.3290879440751,48.04325447865921
2.141618716343218,263.3290879440751,48.22573290845972
2.1735038585220248,263.3290879440751,48.42754072370023
2.2053890007008317,263.3290879440751,48.64268503020304
2.237274142879639,263.3290879440751,48.86535816147805
2.2691592850584463,263.3290879440751,49.089213599701736
2.3010444272372537,263.3290879440751,49.3116370645852
2.332929569416061,263.3290879440751,49.525467748448335
2.3648147115948683,263.3290879440751,49.72455626644411
2.3966998537736752,263.3290879440751,49.90438342776625
2.428584995952482,263.3290879440751,50.07662311003845
2.4604701381312895,263.3290879440751,50.2497314699005
2.492355280310097,263.3290879440751,50.432094931560094
2.524240422488904,263.3290879440751,50.63169447065315
2.5561255646677115,263.3290879440751,50.85290549165088
2.588010706846519,263.3290879440751,51.08829142978903
2.619895849025326,263.3290879440751,51.328890603529935
2.6517809912041326,263.3290879440751,51.565739767855014
2.68366613338294,263.3290879440751,51.78888004304755
2.7155512755617472,263.3290879440751,52.00083791890796
2.7474364177405546,263.3290879440751,52.204964566326865
2.779321559919362,263.3290879440751,52.404923709297655
2.8112067020981693,263.3290879440751,52.6020659203519
2.8430918442769766,263.3290879440751,52.79890265309072
2.874976986455783,263.3290879440751,52.996027056660104
2.9068621286345904,263.3290879440751,53.19333073549845
2.9387472708133977,263.3290879440751,53.400000000000006
0.4198210386876282,267.75944536786733,69.22
0.45170618086643544,267.75944536786733,67.04742335545642
0.48359132304524266,267.75944536786733,65.0571120000074
0.5154764652240499,267.75944536786733,63.294995421850984
0.5473616074028571,267.75944536786733,61.62950771813613
0.5792467495816642,267.75944536786733,59.94876994304837
0.6111318917604714,267.75944536786733,58.31793881523056
0.6430170339392787,267.75944536786733,56.90335743265851
0.6749021761180859,267.75944536786733,55.68736574945762
0.7067873182968931,267.75944536786733,54.638766574239085
0.7386724604757003,267.75944536786733,53.69339066284956
0.7705576026545076,267.75944536786733,52.833356033714296
0.8024427448333147,267.75944536786733,52.06698264825599
0.834327887012122,267.75944536786733,51.36523595317211
0.8662130291909291,267.75944536786733,50.76308604417011
0.8980981713697364,267.75944536786733,50.234476933085155
0.9299833135485436,267.75944536786733,49.729398595343234
0.9618684557273508,267.75944536786733,49.315145678045894
0.993753597906158,267.75944536786733,48.944531151190034
1.0256387400849651,267.75944536786733,48.59151150238859
1.0575238822637725,267.75944536786733,48.262105879536826
1.0894090244425796,267.75944536786733,47.95388879425384
1.1212941666213867,267.75944536786733,47.7017467921544
1.153179308800194,267.75944536786733,47.43147659661397
1.1850644509790014,267.75944536786733,47.21330072856089
1.2169495931578085,267.75944536786733,47.00626128851501
1.2488347353366156,267.75944536786733,46.81513687722363
1.280719877515423,267.75944536786733,46.65879396313037
1.31260501969423,267.75944536786733,46.52048117049426
1.3444901618730372,267.75944536786733,46.415497712827175
1.3763753040518445,267.75944536786733,46.332267817981986
1.4082604462306518,267.75944536786733,46.25545175867951
1.440145588409459,267.75944536786733,46.206741720799954
1.472030730588266,267.75944536786733,46.17063195240797
1.5039158727670734,267.75944536786733,46.17805738409414
1.5358010149458805,267.75944536786733,46.188360042688295
1.5676861571246878,267.75944536786733,46.20318660956409
1.599571299303495,267.75944536786733,46.222169959145184
1.6314564414823023,267.75944536786733,46.24480235111788
1.6633415836611094,267.75944536786733,46.28287664960726
1.6952267258399167,267.75944536786733,46.35302202016017
1.7271118680187239,267.75944536786733,46.44619354027857
1.758997010197531,267.75944536786733,46.521335874116076
1.7908821523763383,267.75944536786733,46.589763992350896
1.8227672945551454,267.75944536786733,46.67868933375991
1.8546524367339527,267.75944536786733,46.83185771091338
1.8865375789127599,267.75944536786733,47.01594691443589
1.9184227210915672,267.75944536786733,47.209369236003624
1.9503078632703743,267.75944536786733,47.39860354573263
1.9821930054491814,267.75944536786733,47.546126377909154
2.0140781476279885,267.75944536786733,47.66146038812985
2.045963289806796,267.75944536786733,47.765524549371705
2.077848431985603,267.75944536786733,47.88245906297041
2.1097335741644105,267.75944536786733,48.033958441132945
2.141618716343218,267.75944536786733,48.210417731778556
2.1735038585220248,267.75944536786733,48.41201226733184
2.2053890007008317,267.75944536786733,48.626943294024336
2.237274142879639,267.75944536786733,48.85274310418501
2.2691592850584463,267.75944536786733,49.06756156740121
2.3010444272372537,267.75944536786733,49.2898238225085
2.332929569416061,267.75944536786733,49.503493296515344
2.3648147115948683,267.75944536786733,49.702420604574804
2.3966998537736752,267.75944536786733,49.878603581231346
2.428584995952482,267.75944536786733,50.051909196307996
2.4604701381312895,267.75944536786733,50.226969960565306
2.492355280310097,267.75944536786733,50.411285827607166
2.524240422488904,267.75944536786733,50.61030071973549
2.5561255646677115,267.75944536786733,50.83142795469028
2.588010706846519,267.75944536786733,51.06702667188222
2.619895849025326,267.75944536786733,51.30783862479069
2.6517809912041326,267.75944536786733,51.54124096332766
2.68366613338294,267.75944536786733,51.76164344142543
2.7155512755617472,267.75944536786733,51.972775026505374
2.7474364177405546,267.75944536786733,52.17764107326304
2.779321559919362,267.75944536786733,52.377381855826194
2.8112067020981693,267.75944536786733,52.565769417637284
2.8430918442769766,267.75944536786733,52.754712488415315
2.874976986455783,267.75944536786733,52.943873742081394
2.9068621286345904,267.75944536786733,53.16492905854823
2.9387472708133977,267.75944536786733,53.400000000000006
0.4198210386876282,272.1898027916595,69.22
0.45170618086643544,272.1898027916595,66.95920497216922
0.48359132304524266,272.1898027916595,64.99732232493399
0.5154764652240499,272.1898027916595,63.24655207463109
0.5473616074028571,272.1898027916595,61.58247578667312
0.5792467495816642,272.1898027916595,59.90596515400417
0.6111318917604714,272.1898027916595,58.272984195124266
0.6430170339392787,272.1898027916595,56.8983239162763
0.6749021761180859,272.1898027916595,55.68020158365104
0.7067873182968931,272.1898027916595,54.642257928439506
0.7386724604757003,272.1898027916595,53.70462394101384
0.7705576026545076,272.1898027916595,52.84584810422017
0.8024427448333147,272.1898027916595,52.08425569295289
0.834327887012122,272.1898027916595,51.39018014632055
0.8662130291909291,272.1898027916595,50.7876834244945
0.8980981713697364,272.1898027916595,50.2450607440734
0.9299833135485436,272.1898027916595,49.75393884537406
0.9618684557273508,272.1898027916595,49.35093541117603
0.993753597906158,272.1898027916595,48.980432882167946
1.0256387400849651,272.1898027916595,48.629465766355864
1.0575238822637725,272.1898027916595,48.29859669521853
1.0894090244425796,272.1898027916595,47.992438533103254
1.1212941666213867,272.1898027916595,47.722441394004356
1.153179308800194,272.1898027916595,47.47239068552361
1.1850644509790014,272.1898027916595,47.25288856151758
1.2169495931578085,272.1898027916595,47.04308815436501
1.2488347353366156,272.1898027916595,46.85980646997827
1.280719877515423,272.1898027916595,46.70368536041694
1.31260501969423,272.1898027916595,46.568273046976806
1.3444901618730372,272.1898027916595,46.44725291129086
1.3763753040518445,272.1898027916595,46.36746487588036
1.4082604462306518,272.1898027916595,46.27700972910499
1.440145588409459,272.1898027916595,46.24491938875376
1.472030730588266,272.1898027916595,46.19211803324433
1.5039158727670734,272.1898027916595,46.211301300185866
1.5358010149458805,272.1898027916595,46.21651677332785
1.5676861571246878,272.1898027916595,46.23305203048315
1.599571299303495,272.1898027916595,46.251867800047656
1.6314564414823023,272.1898027916595,46.27155030376987
1.6633415836611094,272.1898027916595,46.30452037124333
1.6952267258399167,272.1898027916595,46.372846322088975
1.7271118680187239,272.1898027916595,46.46869308674284
1.758997010197531,272.1898027916595,46.53138754028117
1.7908821523763383,272.1898027916595,46.6029067529851
1.8227672945551454,272.1898027916595,46.6876248201815
1.8546524367339527,272.1898027916595,46.84221661703072
1.8865375789127599,272.1898027916595,47.01829952670408
1.9184227210915672,272.1898027916595,47.20269598415242
1.9503078632703743,272.1898027916595,47.39188758332627
1.9821930054491814,272.1898027916595,47.535250622104826
2.0140781476279885,272.1898027916595,47.647584413735906
2.045963289806796,272.1898027916595,47.75058598976647
2.077848431985603,272.1898027916595,47.86645791786532
2.1097335741644105,272.1898027916595,48.02477284237398
2.141618716343218,272.1898027916595,48.18272398392976
2.1735038585220248,272.1898027916595,48.38390018470353
2.2053890007008317,272.1898027916595,48.598412876493406
2.237274142879639,272.1898027916595,48.83036274103273
2.2691592850584463,272.1898027916595,49.02954944415251
2.3010444272372537,272.1898027916595,49.25033114493675
2.332929569416061,272.1898027916595,49.46368441848628
2.3648147115948683,272.1898027916595,49.662804449817195
2.3966998537736752,272.1898027916595,49.851869178843344
2.428584995952482,272.1898027916595,50.005650736037076
2.4604701381312895,272.1898027916595,50.18454105724572
2.492355280310097,272.1898027916595,50.37268648222591
2.524240422488904,272.1898027916595,50.57110544620622
2.5561255646677115,272.1898027916595,50.79142400905633
2.588010706846519,272.1898027916595,51.02744008717111
2.619895849025326,272.1898027916595,51.26866940111625
2.6517809912041326,272.1898027916595,51.49442491644351
2.68366613338294,272.1898027916595,51.713130045244675
2.7155512755617472,272.1898027916595,51.92402079994918
2.7474364177405546,272.1898027916595,52.130208119613485
2.779321559919362,272.1898027916595,52.316463117442076
2.8112067020981693,272.1898027916595,52.48955109989228
2.8430918442769766,272.1898027916595,52.662923935195515
2.874976986455783,272.1898027916595,52.843649498641994
2.9068621286345904,272.1898027916595,53.400000000000006
2.9387472708133977,272.1898027916595,53.400000000000006
0.4198210386876282,276.6201602154517,69.22
0.45170618086643544,276.6201602154517,66.83661562199542
0.48359132304524266,276.6201602154517,64.90570453524192
0.5154764652240499,276.6201602154517,63.17840983045612
0.5473616074028571,276.6201602154517,61.51643432885796
0.5792467495816642,276.6201602154517,59.84835840587485
0.6111318917604714,276.6201602154517,58.21789535354341
0.6430170339392787,276.6201602154517,56.89247852470783
0.6749021761180859,276.6201602154517,55.672338927918894
0.7067873182968931,276.6201602154517,54.643757741740515
0.7386724604757003,276.6201602154517,53.7203431030861
0.7705576026545076,276.6201602154517,52.863063711717366
0.8024427448333147,276.6201602154517,52.1078134051526
0.834327887012122,276.6201602154517,51.424204059693615
0.8662130291909291,276.6201602154517,50.820068432130356
0.8980981713697364,276.6201602154517,50.26672744990323
0.9299833135485436,276.6201602154517,49.78786790644155
0.9618684557273508,276.6201602154517,49.39963002175578
0.993753597906158,276.6201602154517,49.02938129017817
1.0256387400849651,276.6201602154517,48.68100732080113
1.0575238822637725,276.6201602154517,48.34168806518369
1.0894090244425796,276.6201602154517,48.04186472647548
1.1212941666213867,276.6201602154517,47.75612680563545
1.153179308800194,276.6201602154517,47.51008338432575
1.1850644509790014,276.6201602154517,47.3073578902481
1.2169495931578085,276.6201602154517,47.092826157162825
1.2488347353366156,276.6201602154517,46.920717117285534
1.280719877515423,276.6201602154517,46.764998007640614
1.31260501969423,276.6201602154517,46.63292494341541
1.3444901618730372,276.6201602154517,46.49418860226234
1.3763753040518445,276.6201602154517,46.39650778953555
1.4082604462306518,276.6201602154517,46.299617755611536
1.440145588409459,276.6201602154517,46.29702956751905
1.472030730588266,276.6201602154517,46.22496081836788
1.5039158727670734,276.6201602154517,46.256684065166844
1.5358010149458805,276.6201602154517,46.25348877469489
1.5676861571246878,276.6201602154517,46.273839579962896
1.599571299303495,276.6201602154517,46.2916969491509
1.6314564414823023,276.6201602154517,46.308696253113865
1.6633415836611094,276.6201602154517,46.33455936628419
1.6952267258399167,276.6201602154517,46.40016135293799
1.7271118680187239,276.6201602154517,46.499537087225264
1.758997010197531,276.6201602154517,46.54229159999511
1.7908821523763383,276.6201602154517,46.62026057482908
1.8227672945551454,276.6201602154517,46.700413809957
1.8546524367339527,276.6201602154517,46.85620087989121
1.8865375789127599,276.6201602154517,47.021171386072645
1.9184227210915672,276.6201602154517,47.19414607375266
1.9503078632703743,276.6201602154517,47.38289366777426
1.9821930054491814,276.6201602154517,47.52488432620553
2.0140781476279885,276.6201602154517,47.628825434398145
2.045963289806796,276.6201602154517,47.73024357383143
2.077848431985603,276.6201602154517,47.844653920943294
2.1097335741644105,276.6201602154517,48.00998365249963
2.141618716343218,276.6201602154517,48.1461364220128
2.1735038585220248,276.6201602154517,48.34559869386753
2.2053890007008317,276.6201602154517,48.55948799566242
2.237274142879639,276.6201602154517,48.79935258148414
2.2691592850584463,276.6201602154517,48.993567213654764
2.3010444272372537,276.6201602154517,49.19651929719743
2.332929569416061,276.6201602154517,49.40940137968856
2.3648147115948683,276.6201602154517,49.61202386532844
2.3966998537736752,276.6201602154517,49.82509751581864
2.428584995952482,276.6201602154517,49.94010974095642
2.4604701381312895,276.6201602154517,50.124706771672436
2.492355280310097,276.6201602154517,50.318558907146965
2.524240422488904,276.6201602154517,50.5161750597812
2.5561255646677115,276.6201602154517,50.7350602457418
2.588010706846519,276.6201602154517,50.97169826664848
2.619895849025326,276.6201602154517,51.212375846893934
2.6517809912041326,276.6201602154517,51.428599623884516
2.68366613338294,276.6201602154517,51.64619286379409
2.7155512755617472,276.6201602154517,51.85742824852821
2.7474364177405546,276.6201602154517,52.059120013141246
2.779321559919362,276.6201602154517,52.21839842993729
2.8112067020981693,276.6201602154517,52.36833685368709
2.8430918442769766,276.6201602154517,52.5185785909668
2.874976986455783,276.6201602154517,53.400000000000006
2.9068621286345904,276.6201602154517,53.400000000000006
2.9387472708133977,276.6201602154517,53.400000000000006
0.4198210386876282,281.0505176392439,69.22
0.45170618086643544,281.0505176392439,66.83550769375779
0.48359132304524266,281.0505176392439,64.78179814653902
0.5154764652240499,281.0505176392439,63.092538362689815
0.5473616074028571,281.0505176392439,61.43453430441486
0.5792467495816642,281.0505176392439,59.777646873855794
0.6111318917604714,281.0505176392439,58.16768398237759
0.6430170339392787,281.0505176392439,56.885001272984915
0.6749021761180859,281.0505176392439,55.663942420298376
0.7067873182968931,281.0505176392439,54.643838859734984
0.7386724604757003,281.0505176392439,53.73922123150059
0.7705576026545076,281.0505176392439,52.884168380920535
0.8024427448333147,281.0505176392439,52.13620051164142
0.834327887012122,281.0505176392439,51.46484867322846
0.8662130291909291,281.0505176392439,50.85916094762593
0.8980981713697364,281.0505176392439,50.298324805444
0.9299833135485436,281.0505176392439,49.83126127162799
0.9618684557273508,281.0505176392439,49.45467050564217
0.993753597906158,281.0505176392439,49.088341089354365
1.0256387400849651,281.0505176392439,48.742979432472964
1.0575238822637725,281.0505176392439,48.352435478039766
1.0894090244425796,281.0505176392439,48.10060135135284
1.1212941666213867,281.0505176392439,47.801257839078005
1.153179308800194,281.0505176392439,47.54091920014714
1.1850644509790014,281.0505176392439,47.37368988746184
1.2169495931578085,281.0505176392439,47.152101933375924
1.2488347353366156,281.0505176392439,46.99409780305821
1.280719877515423,281.0505176392439,46.838916819487025
1.31260501969423,281.0505176392439,46.71002699598303
1.3444901618730372,281.0505176392439,46.55604037052775
1.3763753040518445,281.0505176392439,46.42583586578986
1.4082604462306518,281.0505176392439,46.3329818664248
1.440145588409459,281.0505176392439,46.359847547338035
1.472030730588266,281.0505176392439,46.26776167030672
1.5039158727670734,281.0505176392439,46.31140270519631
1.5358010149458805,281.0505176392439,46.29805469864702
1.5676861571246878,281.0505176392439,46.32238324186944
1.599571299303495,281.0505176392439,46.33759750875394
1.6314564414823023,281.0505176392439,46.34688530890123
1.6633415836611094,281.0505176392439,46.37170413614683
1.6952267258399167,281.0505176392439,46.43395862727569
1.7271118680187239,281.0505176392439,46.53253037720221
1.758997010197531,281.0505176392439,46.556977826013544
1.7908821523763383,281.0505176392439,46.64126789061366
1.8227672945551454,281.0505176392439,46.71655778651442
1.8546524367339527,281.0505176392439,46.8733957762787
1.8865375789127599,281.0505176392439,47.02452503584901
1.9184227210915672,281.0505176392439,47.18417389534973
1.9503078632703743,281.0505176392439,47.372032079862954
1.9821930054491814,281.0505176392439,47.513762667846535
2.0140781476279885,281.0505176392439,47.60684255961154
2.045963289806796,281.0505176392439,47.70577672467809
2.077848431985603,281.0505176392439,47.81914684654455
2.1097335741644105,281.0505176392439,47.990223639746816
2.141618716343218,281.0505176392439,48.11195654889439
2.1735038585220248,281.0505176392439,48.29950201287603
2.2053890007008317,281.0505176392439,48.51256286958369
2.237274142879639,281.0505176392439,48.76084813500212
2.2691592850584463,281.0505176392439,48.966416884659345
2.3010444272372537,281.0505176392439,49.131748544618056
2.332929569416061,281.0505176392439,49.34400444544974
2.3648147115948683,281.0505176392439,49.552418541512786
2.3966998537736752,281.0505176392439,49.78566997869845
2.428584995952482,281.0505176392439,49.86498789599169
2.4604701381312895,281.0505176392439,50.04972911557619
2.492355280310097,281.0505176392439,50.25104976544257
2.524240422488904,281.0505176392439,50.44754516876897
2.5561255646677115,281.0505176392439,50.664503255739355
2.588010706846519,281.0505176392439,50.90196780130702
2.619895849025326,281.0505176392439,51.137071773661944
2.6517809912041326,281.0505176392439,51.346618094939465
2.68366613338294,281.0505176392439,51.56368490636252
2.7155512755617472,281.0505176392439,51.775047033314095
2.7474364177405546,281.0505176392439,51.95483946758179
2.779321559919362,281.0505176392439,52.07796803640238
2.8112067020981693,281.0505176392439,52.19705256559196
2.8430918442769766,281.0505176392439,52.50043245315132
2.874976986455783,281.0505176392439,53.400000000000006
2.9068621286345904,281.0505176392439,53.400000000000006
2.9387472708133977,281.0505176392439,53.400000000000006
0.4198210386876282,285.4808750630361,69.22
0.45170618086643544,285.4808750630361,69.22
0.48359132304524266,285.4808750630361,64.62514267443304
0.5154764652240499,285.4808750630361,62.989305979163525
0.5473616074028571,285.4808750630361,61.339853043896234
0.5792467495816642,285.4808750630361,59.69552773314232
0.6111318917604714,285.4808750630361,58.12741196373634
0.6430170339392787,285.4808750630361,56.87324365529594
0.6749021761180859,285.4808750630361,55.65517669882666
0.7067873182968931,285.4808750630361,54.64321619061426
0.7386724604757003,285.4808750630361,53.75993140869158
0.7705576026545076,285.4808750630361,52.90832763654438
0.8024427448333147,285.4808750630361,52.1679617392057
0.834327887012122,285.4808750630361,51.509243603146885
0.8662130291909291,285.4808750630361,50.90388085152957
0.8980981713697364,285.4808750630361,50.337653318644115
0.9299833135485436,285.4808750630361,49.88599397363305
0.9618684557273508,285.4808750630361,49.50562477211396
0.993753597906158,285.4808750630361,49.15390295152628
1.0256387400849651,285.4808750630361,48.81222536811989
1.0575238822637725,285.4808750630361,48.383775045946614
1.0894090244425796,285.4808750630361,48.16708361871396
1.1212941666213867,285.4808750630361,47.85628379435514
1.153179308800194,285.4808750630361,47.581484474889535
1.1850644509790014,285.4808750630361,47.44213250780706
1.2169495931578085,285.4808750630361,47.21766466164091
1.2488347353366156,285.4808750630361,47.076177511209046
1.280719877515423,285.4808750630361,46.921265132538004
1.31260501969423,285.4808750630361,46.79482498214347
1.3444901618730372,285.4808750630361,46.63254186576778
1.3763753040518445,285.4808750630361,46.467730303634774
1.4082604462306518,285.4808750630361,46.37596400006791
1.440145588409459,285.4808750630361,46.43014861845283
1.472030730588266,285.4808750630361,46.31912197333159
1.5039158727670734,285.4808750630361,46.37194946628746
1.5358010149458805,285.4808750630361,46.34899319704179
1.5676861571246878,285.4808750630361,46.36997957540619
1.599571299303495,285.4808750630361,46.38827838251532
1.6314564414823023,285.4808750630361,46.381181369517954
1.6633415836611094,285.4808750630361,46.414673110883115
1.6952267258399167,285.4808750630361,46.47331993162881
1.7271118680187239,285.4808750630361,46.56404922204593
1.758997010197531,285.4808750630361,46.57539210193653
1.7908821523763383,285.4808750630361,46.66537113306967
1.8227672945551454,285.4808750630361,46.73555823328175
1.8546524367339527,285.4808750630361,46.89319250797538
1.8865375789127599,285.4808750630361,47.028323019340796
1.9184227210915672,285.4808750630361,47.17423230315968
1.9503078632703743,285.4808750630361,47.35962155812349
1.9821930054491814,285.4808750630361,47.501095739812286
2.0140781476279885,285.4808750630361,47.58484145581085
2.045963289806796,285.4808750630361,47.678464865417965
2.077848431985603,285.4808750630361,47.79086806690366
2.1097335741644105,285.4808750630361,47.96613654726957
2.141618716343218,285.4808750630361,48.08386082196559
2.1735038585220248,285.4808750630361,48.24801917331206
2.2053890007008317,285.4808750630361,48.460238624321015
2.237274142879639,285.4808750630361,48.71598491104961
2.2691592850584463,285.4808750630361,48.93718777811346
2.3010444272372537,285.4808750630361,49.064392581113495
2.332929569416061,285.4808750630361,49.270853881097274
2.3648147115948683,285.4808750630361,49.48553941813753
2.3966998537736752,285.4808750630361,49.735391819666084
2.428584995952482,285.4808750630361,49.794767892835
2.4604701381312895,285.4808750630361,49.96187010068763
2.492355280310097,285.4808750630361,50.171908309501184
2.524240422488904,285.4808750630361,50.36725138147802
2.5561255646677115,285.4808750630361,50.58192039557635
2.588010706846519,285.4808750630361,50.820293063822845
2.619895849025326,285.4808750630361,51.04380532575114
2.6517809912041326,285.4808750630361,51.2513333388972
2.68366613338294,285.4808750630361,51.46845918223874
2.7155512755617472,285.4808750630361,51.671906723429686
2.7474364177405546,285.4808750630361,51.80833444917608
2.779321559919362,285.4808750630361,51.89007006106175
2.8112067020981693,285.4808750630361,52.06047288606921
2.8430918442769766,285.4808750630361,52.53
2.874976986455783,285.4808750630361,53.400000000000006
2.9068621286345904,285.4808750630361,53.400000000000006
2.9387472708133977,285.4808750630361,53.400000000000006
0.4198210386876282,289.9112324868283,69.22
0.45170618086643544,289.9112324868283,69.22
0.48359132304524266,289.9112324868283,64.43683152843376
0.5154764652240499,289.9112324868283,62.870076311762865
0.5473616074028571,289.9112324868283,61.23462640703624
0.5792467495816642,289.9112324868283,59.60349856324797
0.6111318917604714,289.9112324868283,58.09097853804912
0.6430170339392787,289.9112324868283,56.857257980040515
0.6749021761180859,289.9112324868283,55.64620640154091
0.7067873182968931,289.9112324868283,54.6421141250824
0.7386724604757003,289.9112324868283,53.78113468251824
0.7705576026545076,289.9112324868283,52.93470700330353
0.8024427448333147,289.9112324868283,52.20164181463177
0.834327887012122,289.9112324868283,51.55629477101595
0.8662130291909291,289.9112324868283,50.95314802438954
0.8980981713697364,289.9112324868283,50.383542321890154
0.9299833135485436,289.9112324868283,49.95432564666679
0.9618684557273508,289.9112324868283,49.550479401702475
0.993753597906158,289.9112324868283,49.218747688202676
1.0256387400849651,289.9112324868283,48.885588394490526
1.0575238822637725,289.9112324868283,48.435538859342834
1.0894090244425796,289.9112324868283,48.23974673953741
1.1212941666213867,289.9112324868283,47.91965373370131
1.153179308800194,289.9112324868283,47.634556907236856
1.1850644509790014,289.9112324868283,47.494065037571396
1.2169495931578085,289.9112324868283,47.28808247445878
1.2488347353366156,289.9112324868283,47.16315189114629
1.280719877515423,289.9112324868283,47.007648720842845
1.31260501969423,289.9112324868283,46.883682140636054
1.3444901618730372,289.9112324868283,46.706705669272154
1.3763753040518445,289.9112324868283,46.52039419956304
1.4082604462306518,289.9112324868283,46.428625187553514
1.440145588409459,289.9112324868283,46.50416763339953
1.472030730588266,289.9112324868283,46.37764311171322
1.5039158727670734,289.9112324868283,46.431214667580576
1.5358010149458805,289.9112324868283,46.4050829217368
1.5676861571246878,289.9112324868283,46.413467256122225
1.599571299303495,289.9112324868283,46.44262958335007
1.6314564414823023,289.9112324868283,46.40936985480796
1.6633415836611094,289.9112324868283,46.462358738780196
1.6952267258399167,289.9112324868283,46.51739479200065
1.7271118680187239,289.9112324868283,46.592156698064095
1.758997010197531,289.9112324868283,46.59723810789931
1.7908821523763383,289.9112324868283,46.69194813669429
1.8227672945551454,289.9112324868283,46.756916633686984
1.8546524367339527,289.9112324868283,46.91363214554951
1.8865375789127599,289.9112324868283,47.03252787985547
1.9184227210915672,289.9112324868283,47.165243146421254
1.9503078632703743,289.9112324868283,47.34598059909557
1.9821930054491814,289.9112324868283,47.48705900861811
2.0140781476279885,289.9112324868283,47.563788912319204
2.045963289806796,289.9112324868283,47.64959428374418
2.077848431985603,289.9112324868283,47.76048227051299
2.1097335741644105,289.9112324868283,47.93838706356027
2.141618716343218,289.9112324868283,48.06274818323549
2.1735038585220248,289.9112324868283,48.19603095122466
2.2053890007008317,289.9112324868283,48.40522275759779
2.237274142879639,289.9112324868283,48.66589841908945
2.2691592850584463,289.9112324868283,48.89917227599564
2.3010444272372537,289.9112324868283,49.00216943380444
2.332929569416061,289.9112324868283,49.193309951958675
2.3648147115948683,289.9112324868283,49.41293743497
2.3966998537736752,289.9112324868283,49.675807784599634
2.428584995952482,289.9112324868283,49.734102774334694
2.4604701381312895,289.9112324868283,49.86420843294505
2.492355280310097,289.9112324868283,50.08313856503895
2.524240422488904,289.9112324868283,50.27732930621684
2.5561255646677115,289.9112324868283,50.48958975254912
2.588010706846519,289.9112324868283,50.72704809145728
2.619895849025326,289.9112324868283,50.93600167738495
2.6517809912041326,289.9112324868283,51.14559836504653
2.68366613338294,289.9112324868283,51.361424648093426
2.7155512755617472,289.9112324868283,51.54193760654168
2.7474364177405546,289.9112324868283,51.615176127117074
2.779321559919362,289.9112324868283,51.682652327516585
2.8112067020981693,289.9112324868283,52.53
2.8430918442769766,289.9112324868283,52.53
2.874976986455783,289.9112324868283,53.400000000000006
2.9068621286345904,289.9112324868283,53.400000000000006
2.9387472708133977,289.9112324868283,53.400000000000006
0.4198210386876282,294.3415899106205,69.22
0.45170618086643544,294.3415899106205,69.22
0.48359132304524266,294.3415899106205,64.26457021933298
0.5154764652240499,294.3415899106205,62.73626655575691
0.5473616074028571,294.3415899106205,61.1210838705011
0.5792467495816642,294.3415899106205,59.503165985617954
0.6111318917604714,294.3415899106205,58.05191862958588
0.6430170339392787,294.3415899106205,56.83734956834776
0.6749021761180859,294.3415899106205,55.63716793587819
0.7067873182968931,294.3415899106205,54.6406157485153
0.7386724604757003,294.3415899106205,53.80125025809093
0.7705576026545076,294.3415899106205,52.96247200591267
0.8024427448333147,294.3415899106205,52.23584743629251
0.834327887012122,294.3415899106205,51.605046685553035
0.8662130291909291,294.3415899106205,51.00588234675415
0.8980981713697364,294.3415899106205,50.43482860492623
0.9299833135485436,294.3415899106205,50.034903531882996
0.9618684557273508,294.3415899106205,49.587549549447466
0.993753597906158,294.3415899106205,49.27967913199625
1.0256387400849651,294.3415899106205,48.959704525610505
1.0575238822637725,294.3415899106205,48.503248526072056
1.0894090244425796,294.3415899106205,48.31702592480185
1.1212941666213867,294.3415899106205,47.9898167193509
1.153179308800194,294.3415899106205,47.698043470849136
1.1850644509790014,294.3415899106205,47.52586835611453
1.2169495931578085,294.3415899106205,47.36331625311091
1.2488347353366156,294.3415899106205,47.25015365615989
1.280719877515423,294.3415899106205,47.09616088017891
1.31260501969423,294.3415899106205,46.97320978915273
1.3444901618730372,294.3415899106205,46.73303295822843
1.3763753040518445,294.3415899106205,46.58191136899623
1.4082604462306518,294.3415899106205,46.48987425302715
1.440145588409459,294.3415899106205,46.57671733520617
1.472030730588266,294.3415899106205,46.441926469722354
1.5039158727670734,294.3415899106205,46.486748522040074
1.5358010149458805,294.3415899106205,46.46510252458961
1.5676861571246878,294.3415899106205,46.45146749629255
1.599571299303495,294.3415899106205,46.49954112417318
1.6314564414823023,294.3415899106205,46.43899463008612
1.6633415836611094,294.3415899106205,46.51376324210722
1.6952267258399167,294.3415899106205,46.56518852721618
1.7271118680187239,294.3415899106205,46.61951493077775
1.758997010197531,294.3415899106205,46.62221952403717
1.7908821523763383,294.3415899106205,46.719810288276065
1.8227672945551454,294.3415899106205,46.78013447115811
1.8546524367339527,294.3415899106205,46.93344902197251
1.8865375789127599,294.3415899106205,47.0371021607006
1.9184227210915672,294.3415899106205,47.15772265096868
1.9503078632703743,294.3415899106205,47.33142769931883
1.9821930054491814,294.3415899106205,47.47163240496366
2.0140781476279885,294.3415899106205,47.544273824949876
2.045963289806796,294.3415899106205,47.62059115752777
2.077848431985603,294.3415899106205,47.72865414586488
2.1097335741644105,294.3415899106205,47.907639877111244
2.141618716343218,294.3415899106205,48.03968111692093
2.1735038585220248,294.3415899106205,48.147162188810746
2.2053890007008317,294.3415899106205,48.348776230275455
2.237274142879639,294.3415899106205,48.6117241685846
2.2691592850584463,294.3415899106205,48.853784396189575
2.3010444272372537,294.3415899106205,48.94714140728484
2.332929569416061,294.3415899106205,49.11463098171503
2.3648147115948683,294.3415899106205,49.33616353177751
2.3966998537736752,294.3415899106205,49.60842262252385
2.428584995952482,294.3415899106205,49.68653026629108
2.4604701381312895,294.3415899106205,49.76382688522384
2.492355280310097,294.3415899106205,49.98677614036434
2.524240422488904,294.3415899106205,50.17981455129395
2.5561255646677115,294.3415899106205,50.38966643041081
2.588010706846519,294.3415899106205,50.62312903858062
2.619895849025326,294.3415899106205,50.81992114606028
2.6517809912041326,294.3415899106205,51.0322661826721
2.68366613338294,294.3415899106205,51.238782515226966
2.7155512755617472,294.3415899106205,51.36714651642235
2.7474364177405546,294.3415899106205,51.37578905303609
2.779321559919362,294.3415899106205,51.68033258137062
2.8112067020981693,294.3415899106205,52.53
2.8430918442769766,294.3415899106205,52.53
2.874976986455783,294.3415899106205,53.400000000000006
2.9068621286345904,294.3415899106205,53.400000000000006
2.9387472708133977,294.3415899106205,53.400000000000006
0.4198210386876282,298.7719473344127,69.22
0.45170618086643544,298.7719473344127,69.22
0.48359132304524266,298.7719473344127,64.19346932430419
0.5154764652240499,298.7719473344127,62.58736607220884
0.5473616074028571,298.7719473344127,61.001454910957044
0.5792467495816642,298.7719473344127,59.39674698964006
0.6111318917604714,298.7719473344127,58.01053755947574
0.6430170339392787,298.7719473344127,56.81382374134685
0.6749021761180859,298.7719473344127,55.62807166050908
0.7067873182968931,298.7719473344127,54.63880414628888
0.7386724604757003,298.7719473344127,53.81949996372304
0.7705576026545076,298.7719473344127,52.99017476032367
0.8024427448333147,298.7719473344127,52.269940864628964
0.834327887012122,298.7719473344127,51.65454385547547
0.8662130291909291,298.7719473344127,51.061003699171714
0.8980981713697364,298.7719473344127,50.49034895749651
0.9299833135485436,298.7719473344127,50.121960480377346
0.9618684557273508,298.7719473344127,49.62539582470519
0.993753597906158,298.7719473344127,49.33500767080447
1.0256387400849651,298.7719473344127,49.03195052648508
1.0575238822637725,298.7719473344127,48.58381739631151
1.0894090244425796,298.7719473344127,48.397356385485836
1.1212941666213867,298.7719473344127,48.06522181353829
1.153179308800194,298.7719473344127,47.769850775296845
1.1850644509790014,298.7719473344127,47.56899473734118
1.2169495931578085,298.7719473344127,47.44336227299278
1.2488347353366156,298.7719473344127,47.334098937872774
1.280719877515423,298.7719473344127,47.185112193346676
1.31260501969423,298.7719473344127,47.05998681869247
1.3444901618730372,298.7719473344127,46.75565276085122
1.3763753040518445,298.7719473344127,46.650502329431866
1.4082604462306518,298.7719473344127,46.558174103393604
1.440145588409459,298.7719473344127,46.64569347320194
1.472030730588266,298.7719473344127,46.51057343162974
1.5039158727670734,298.7719473344127,46.537058283626585
1.5358010149458805,298.7719473344127,46.527830657457805
1.5676861571246878,298.7719473344127,46.4830381585698
1.599571299303495,298.7719473344127,46.557903017899676
1.6314564414823023,298.7719473344127,46.47677215569697
1.6633415836611094,298.7719473344127,46.56788958767187
1.6952267258399167,298.7719473344127,46.61570410408304
1.7271118680187239,298.7719473344127,46.64926122133226
1.758997010197531,298.7719473344127,46.6500400304854
1.7908821523763383,298.7719473344127,46.74797971042355
1.8227672945551454,298.7719473344127,46.804713229123124
1.8546524367339527,298.7719473344127,46.951594439470135
1.8865375789127599,298.7719473344127,47.04200840518373
1.9184227210915672,298.7719473344127,47.15218704263624
1.9503078632703743,298.7719473344127,47.31628135533296
1.9821930054491814,298.7719473344127,47.45463534108741
2.0140781476279885,298.7719473344127,47.52642426055412
2.045963289806796,298.7719473344127,47.5922871151767
2.077848431985603,298.7719473344127,47.696048381451696
2.1097335741644105,298.7719473344127,47.87455967641486
2.141618716343218,298.7719473344127,48.01198974774109
2.1735038585220248,298.7719473344127,48.10296378565737
2.2053890007008317,298.7719473344127,48.2920345518169
2.237274142879639,298.7719473344127,48.55459766899792
2.2691592850584463,298.7719473344127,48.80243815657909
2.3010444272372537,298.7719473344127,48.9013702815892
2.332929569416061,298.7719473344127,49.0372370210316
2.3648147115948683,298.7719473344127,49.25676864832738
2.3966998537736752,298.7719473344127,49.53478727320606
2.428584995952482,298.7719473344127,49.63486596709345
2.4604701381312895,298.7719473344127,49.66572022860356
2.492355280310097,298.7719473344127,49.88485664378591
2.524240422488904,298.7719473344127,50.07674272501783
2.5561255646677115,298.7719473344127,50.28418603746992
2.588010706846519,298.7719473344127,50.509828854658565
2.619895849025326,298.7719473344127,50.698510955099806
2.6517809912041326,298.7719473344127,50.912406727245134
2.68366613338294,298.7719473344127,51.096835058386986
2.7155512755617472,298.7719473344127,51.14023956162348
2.7474364177405546,298.7719473344127,51.217398659845244
2.779321559919362,298.7719473344127,52.53
2.8112067020981693,298.7719473344127,52.53
2.8430918442769766,298.7719473344127,52.53
2.874976986455783,298.7719473344127,53.400000000000006
2.9068621286345904,298.7719473344127,53.400000000000006
2.9387472708133977,298.7719473344127,53.400000000000006
0.4198210386876282,303.20230475820483,69.22
0.45170618086643544,303.20230475820483,69.22
0.48359132304524266,303.20230475820483,64.73
0.5154764652240499,303.20230475820483,62.421612568680445
0.5473616074028571,303.20230475820483,60.87796900507026
0.5792467495816642,303.20230475820483,59.28669138544876
0.6111318917604714,303.20230475820483,57.96714064884784
0.6430170339392787,303.20230475820483,56.78698582016683
0.6749021761180859,303.20230475820483,55.61889370168155
0.7067873182968931,303.20230475820483,54.63676240377907
0.7386724604757003,303.20230475820483,53.835438553585284
0.7705576026545076,303.20230475820483,53.013276434389894
0.8024427448333147,303.20230475820483,52.303788999538405
0.834327887012122,303.20230475820483,51.70383078950061
0.8662130291909291,303.20230475820483,51.117431962190494
0.8980981713697364,303.20230475820483,50.548940169345094
0.9299833135485436,303.20230475820483,50.18208971779271
0.9618684557273508,303.20230475820483,49.672606636194814
0.993753597906158,303.20230475820483,49.38304369252475
1.0256387400849651,303.20230475820483,49.10052215888346
1.0575238822637725,303.20230475820483,48.67417695967545
1.0894090244425796,303.20230475820483,48.47917333256797
1.1212941666213867,303.20230475820483,48.14431807849788
1.153179308800194,303.20230475820483,47.847986129530064
1.1850644509790014,303.20230475820483,47.62643604200322
1.2169495931578085,303.20230475820483,47.528216809499725
1.2488347353366156,303.20230475820483,47.41288992531341
1.280719877515423,303.20230475820483,47.27281324314675
1.31260501969423,303.20230475820483,47.13890550865
1.3444901618730372,303.20230475820483,46.8058143273419
1.3763753040518445,303.20230475820483,46.72459905013469
1.4082604462306518,303.20230475820483,46.63198764555767
1.440145588409459,303.20230475820483,46.70937371917711
1.472030730588266,303.20230475820483,46.582185381706125
1.5039158727670734,303.20230475820483,46.58065120630063
1.5358010149458805,303.20230475820483,46.592045972198974
1.5676861571246878,303.20230475820483,46.51887203472168
1.599571299303495,303.20230475820483,46.61660527744459
1.6314564414823023,303.20230475820483,46.5213162343635
1.6633415836611094,303.20230475820483,46.62374074228181
1.6952267258399167,303.20230475820483,46.66794448940892
1.7271118680187239,303.20230475820483,46.68109924986292
1.758997010197531,303.20230475820483,46.68040330737927
1.7908821523763383,303.20230475820483,46.775574406341086
1.8227672945551454,303.20230475820483,46.83015439101004
1.8546524367339527,303.20230475820483,46.96701970026823
1.8865375789127599,303.20230475820483,47.04720915661233
1.9184227210915672,303.20230475820483,47.14834969584457
1.9503078632703743,303.20230475820483,47.300860063677575
1.9821930054491814,303.20230475820483,47.43636961816063
2.0140781476279885,303.20230475820483,47.50768044099085
2.045963289806796,303.20230475820483,47.56527105250427
2.077848431985603,303.20230475820483,47.663329665765794
2.1097335741644105,303.20230475820483,47.83981114996346
2.141618716343218,303.20230475820483,47.98049131505628
2.1735038585220248,303.20230475820483,48.064986641351595
2.2053890007008317,303.20230475820483,48.23613323168505
2.237274142879639,303.20230475820483,48.49565442979234
2.2691592850584463,303.20230475820483,48.746528456208786
2.3010444272372537,303.20230475820483,48.864825343337735
2.332929569416061,303.20230475820483,48.9631868117735
2.3648147115948683,303.20230475820483,49.17630372438693
2.3966998537736752,303.20230475820483,49.45645267641356
2.428584995952482,303.20230475820483,49.57291106768019
2.4604701381312895,303.20230475820483,49.574453660503416
2.492355280310097,303.20230475820483,49.77941568361214
2.524240422488904,303.20230475820483,49.97014943569702
2.5561255646677115,303.20230475820483,50.175184182034954
2.588010706846519,303.20230475820483,50.388440489156835
2.619895849025326,303.20230475820483,50.57462411379232
2.6517809912041326,303.20230475820483,50.78281315182684
2.68366613338294,303.20230475820483,50.914102310464635
2.7155512755617472,303.20230475820483,50.88253410314779
2.7474364177405546,303.20230475820483,52.53
2.779321559919362,303.20230475820483,52.53
2.8112067020981693,303.20230475820483,52.53
2.8430918442769766,303.20230475820483,52.53
2.874976986455783,303.20230475820483,53.400000000000006
2.9068621286345904,303.20230475820483,53.400000000000006
2.9387472708133977,303.20230475820483,53.400000000000006
0.4198210386876282,307.63266218199703,59.4
0.45170618086643544,307.63266218199703,59.4
0.48359132304524266,307.63266218199703,59.4
0.5154764652240499,307.63266218199703,62.238545560779535
0.5473616074028571,307.63266218199703,60.75285562950696
0.5792467495816642,307.63266218199703,59.17782144395773
0.6111318917604714,307.63266218199703,57.92203321883127
0.6430170339392787,307.63266218199703,56.75714112593689
0.6749021761180859,307.63266218199703,55.60961020728599
0.7067873182968931,307.63266218199703,54.634573606361734
0.7386724604757003,307.63266218199703,53.848620781848545
0.7705576026545076,307.63266218199703,53.026354013485026
0.8024427448333147,307.63266218199703,52.33726795540949
0.834327887012122,307.63266218199703,51.75195199634582
0.8662130291909291,307.63266218199703,51.17408701635879
0.8980981713697364,307.63266218199703,50.609439030216144
0.9299833135485436,307.63266218199703,50.19362041182595
0.9618684557273508,307.63266218199703,49.72754129638739
0.993753597906158,307.63266218199703,49.42230102275072
1.0256387400849651,307.63266218199703,49.1636190388548
1.0575238822637725,307.63266218199703,48.77125870577825
1.0894090244425796,307.63266218199703,48.560911977026905
1.1212941666213867,307.63266218199703,48.2255545764641
1.153179308800194,307.63266218199703,47.9307519510497
1.1850644509790014,307.63266218199703,47.695500532566356
1.2169495931578085,307.63266218199703,47.61937717447804
1.2488347353366156,307.63266218199703,47.484428807510376
1.280719877515423,307.63266218199703,47.35757461237967
1.31260501969423,307.63266218199703,47.20238315354174
1.3444901618730372,307.63266218199703,46.875710689702444
1.3763753040518445,307.63266218199703,46.80265059134373
1.4082604462306518,307.63266218199703,46.709777786424134
1.440145588409459,307.63266218199703,46.766035744922
1.472030730588266,307.63266218199703,46.65536370422225
1.5039158727670734,307.63266218199703,46.61763208485252
1.5358010149458805,307.63266218199703,46.65652712067067
1.5676861571246878,307.63266218199703,46.56292980743085
1.599571299303495,307.63266218199703,46.674537915722894
1.6314564414823023,307.63266218199703,46.571240668808656
1.6633415836611094,307.63266218199703,46.68031967274473
1.6952267258399167,307.63266218199703,46.72091265000148
1.7271118680187239,307.63266218199703,46.71473269650501
1.758997010197531,307.63266218199703,46.71301303485409
1.7908821523763383,307.63266218199703,46.80171237923313
1.8227672945551454,307.63266218199703,46.855959440246856
1.8546524367339527,307.63266218199703,46.97900449682175
1.8865375789127599,307.63266218199703,47.05266695829405
1.9184227210915672,307.63266218199703,47.1454344925801
1.9503078632703743,307.63266218199703,47.285482320892406
1.9821930054491814,307.63266218199703,47.41715373272301
2.0140781476279885,307.63266218199703,47.487695927093355
2.045963289806796,307.63266218199703,47.5401318653238
2.077848431985603,307.63266218199703,47.63116268729953
2.1097335741644105,307.63266218199703,47.804058986249416
2.141618716343218,307.63266218199703,47.94600305822689
2.1735038585220248,307.63266218199703,48.03478165548046
2.2053890007008317,307.63266218199703,48.18220777934278
2.237274142879639,307.63266218199703,48.43602996043072
2.2691592850584463,307.63266218199703,48.68727976134265
2.3010444272372537,307.63266218199703,48.8232147383004
2.332929569416061,307.63266218199703,48.89454213397526
2.3648147115948683,307.63266218199703,49.09631969972348
2.3966998537736752,307.63266218199703,49.37496977191369
2.428584995952482,307.63266218199703,49.50253765565915
2.4604701381312895,307.63266218199703,49.49459237834264
2.492355280310097,307.63266218199703,49.672488868151525
2.524240422488904,307.63266218199703,49.862070291639995
2.5561255646677115,307.63266218199703,50.06431802725307
2.588010706846519,307.63266218199703,50.26033537413309
2.619895849025326,307.63266218199703,50.45111363142667
2.6517809912041326,307.63266218199703,50.63992296487301
2.68366613338294,307.63266218199703,50.6737911368365
2.7155512755617472,307.63266218199703,50.827690558294044
2.7474364177405546,307.63266218199703,49.13
2.779321559919362,307.63266218199703,49.13
2.8112067020981693,307.63266218199703,49.13
2.8430918442769766,307.63266218199703,49.13
2.874976986455783,307.63266218199703,49.13
2.9068621286345904,307.63266218199703,49.13
2.9387472708133977,307.63266218199703,49.13
0.4198210386876282,312.06301960578924,59.4
0.45170618086643544,312.06301960578924,59.4
0.48359132304524266,312.06301960578924,59.4
0.5154764652240499,312.06301960578924,62.03770456411394
0.5473616074028571,312.06301960578924,60.62834426093337
0.5792467495816642,312.06301960578924,59.07517509737349
0.6111318917604714,312.06301960578924,57.87552059055519
0.6430170339392787,312.06301960578924,56.724594979786104
0.6749021761180859,312.06301960578924,55.60019732521272
0.7067873182968931,312.06301960578924,54.63232083941284
0.7386724604757003,312.06301960578924,53.85860909216125
0.7705576026545076,312.06301960578924,53.0305797317026
0.8024427448333147,312.06301960578924,52.370253846630746
0.834327887012122,312.06301960578924,51.797951984728456
0.8662130291909291,312.06301960578924,51.229888742224915
0.8980981713697364,312.06301960578924,50.67068232985378
0.9299833135485436,312.06301960578924,50.21912114922604
0.9618684557273508,312.06301960578924,49.78855911775389
0.993753597906158,312.06301960578924,49.46396488849336
1.0256387400849651,312.06301960578924,49.21944078244827
1.0575238822637725,312.06301960578924,48.87199412423417
1.0894090244425796,312.06301960578924,48.64100752984118
1.1212941666213867,312.06301960578924,48.307380369671336
1.153179308800194,312.06301960578924,48.01650036440604
1.1850644509790014,312.06301960578924,47.77349647149619
1.2169495931578085,312.06301960578924,47.721571914230154
1.2488347353366156,312.06301960578924,47.54661777349212
1.280719877515423,312.06301960578924,47.43766285189318
1.31260501969423,312.06301960578924,47.242639656359444
1.3444901618730372,312.06301960578924,46.95761345439955
1.3763753040518445,312.06301960578924,46.88310601329799
1.4082604462306518,312.06301960578924,46.79000743289779
1.440145588409459,312.06301960578924,46.81395722222688
1.472030730588266,312.06301960578924,46.72870978344889
1.5039158727670734,312.06301960578924,46.66119362057973
1.5358010149458805,312.06301960578924,46.7200527547305
1.5676861571246878,312.06301960578924,46.6136709503931
1.599571299303495,312.06301960578924,46.73059094564963
1.6314564414823023,312.06301960578924,46.62515926175542
1.6633415836611094,312.06301960578924,46.73651676332658
1.6952267258399167,312.06301960578924,46.7735213254653
1.7271118680187239,312.06301960578924,46.74986524139381
1.758997010197531,312.06301960578924,46.747572893045074
1.7908821523763383,312.06301960578924,46.82551163230412
1.8227672945551454,312.06301960578924,46.88162986026152
1.8546524367339527,312.06301960578924,46.98986720624958
1.8865375789127599,312.06301960578924,47.05834435353628
1.9184227210915672,312.06301960578924,47.14340273433227
1.9503078632703743,312.06301960578924,47.270466623517045
1.9821930054491814,312.06301960578924,47.39730618131416
2.0140781476279885,312.06301960578924,47.466646185377
2.045963289806796,312.06301960578924,47.51745844944859
2.077848431985603,312.06301960578924,47.60021213454525
2.1097335741644105,312.06301960578924,47.76796787376507
2.141618716343218,312.06301960578924,47.909342216613254
2.1735038585220248,312.06301960578924,48.01100735335591
2.2053890007008317,312.06301960578924,48.131516415124395
2.237274142879639,312.06301960578924,48.376859770376015
2.2691592850584463,312.06301960578924,48.62582824783779
2.3010444272372537,312.06301960578924,48.77459875769484
2.332929569416061,312.06301960578924,48.83336476767139
2.3648147115948683,312.06301960578924,49.01836751410435
2.3966998537736752,312.06301960578924,49.291889499473776
2.428584995952482,312.06301960578924,49.42561781863816
2.4604701381312895,312.06301960578924,49.430701579540454
2.492355280310097,312.06301960578924,49.56611180571255
2.524240422488904,312.06301960578924,49.75454090115527
2.5561255646677115,312.06301960578924,49.95265405038117
2.588010706846519,312.06301960578924,50.1321083260215
2.619895849025326,312.06301960578924,50.327064396522964
2.6517809912041326,312.06301960578924,50.468279355368146
2.68366613338294,312.06301960578924,50.437487935058016
2.7155512755617472,312.06301960578924,49.13
2.7474364177405546,312.06301960578924,49.13
2.779321559919362,312.06301960578924,49.13
2.8112067020981693,312.06301960578924,49.13
2.8430918442769766,312.06301960578924,49.13
2.874976986455783,312.06301960578924,49.13
2.9068621286345904,312.06301960578924,49.13
2.9387472708133977,312.06301960578924,49.13
0.4198210386876282,316.49337702958144,59.4
0.45170618086643544,316.49337702958144,59.4
0.48359132304524266,316.49337702958144,59.4
0.5154764652240499,316.49337702958144,61.845621146751526
0.5473616074028571,316.49337702958144,60.50666437601572
0.5792467495816642,316.49337702958144,58.98356863356728
0.6111318917604714,316.49337702958144,57.8279080851487
0.6430170339392787,316.49337702958144,56.689652702843595
0.6749021761180859,316.49337702958144,55.59063120335209
0.7067873182968931,316.49337702958144,54.630087188308266
0.7386724604757003,316.49337702958144,53.8660137350093
0.7705576026545076,316.49337702958144,53.045732062144246
0.8024427448333147,316.49337702958144,52.40262278759085
0.834327887012122,316.49337702958144,51.84087526336586
0.8662130291909291,316.49337702958144,51.2837570203372
0.8980981713697364,316.49337702958144,50.731506858002156
0.9299833135485436,316.49337702958144,50.26282504895911
0.9618684557273508,316.49337702958144,49.854019412765325
0.993753597906158,316.49337702958144,49.514025779919955
1.0256387400849651,316.49337702958144,49.26618700571313
1.0575238822637725,316.49337702958144,48.969292954067754
1.0894090244425796,316.49337702958144,48.71789520198946
1.1212941666213867,316.49337702958144,48.388244520353965
1.153179308800194,316.49337702958144,48.10358349414943
1.1850644509790014,316.49337702958144,47.8577321212584
1.2169495931578085,316.49337702958144,47.825825974460805
1.2488347353366156,316.49337702958144,47.597359012287136
1.280719877515423,316.49337702958144,47.51107360926617
1.31260501969423,316.49337702958144,47.25546247726428
1.3444901618730372,316.49337702958144,47.04584292106408
1.3763753040518445,316.49337702958144,46.96441437623647
1.4082604462306518,316.49337702958144,46.8711394918834
1.440145588409459,316.49337702958144,46.854985169581916
1.472030730588266,316.49337702958144,46.80082500365673
1.5039158727670734,316.49337702958144,46.71318319321027
1.5358010149458805,316.49337702958144,46.781401526235996
1.5676861571246878,316.49337702958144,46.669554937304255
1.599571299303495,316.49337702958144,46.78365438013979
1.6314564414823023,316.49337702958144,46.68168581592677
1.6633415836611094,316.49337702958144,46.789686591172675
1.6952267258399167,316.49337702958144,46.82346504188743
1.7271118680187239,316.49337702958144,46.786200564664604
1.758997010197531,316.49337702958144,46.78378656208758
1.7908821523763383,316.49337702958144,46.84638653151888
1.8227672945551454,316.49337702958144,46.90666713448207
1.8546524367339527,316.49337702958144,47.00024820108941
1.8865375789127599,316.49337702958144,47.06420388564668
1.9184227210915672,316.49337702958144,47.14221696440864
1.9503078632703743,316.49337702958144,47.25613146809123
1.9821930054491814,316.49337702958144,47.377145460473805
2.0140781476279885,316.49337702958144,47.44470668235713
2.045963289806796,316.49337702958144,47.497839700691934
2.077848431985603,316.49337702958144,47.57114269599531
2.1097335741644105,316.49337702958144,47.732202501002796
2.141618716343218,316.49337702958144,47.871325992182825
2.1735038585220248,316.49337702958144,47.98382635693981
2.2053890007008317,316.49337702958144,48.08563123968119
2.237274142879639,316.49337702958144,48.31927936909111
2.2691592850584463,316.49337702958144,48.563309425157115
2.3010444272372537,316.49337702958144,48.72039141940484
2.332929569416061,316.49337702958144,48.78171649289651
2.3648147115948683,316.49337702958144,48.94399810729684
2.3966998537736752,316.49337702958144,49.208762798861116
2.428584995952482,316.49337702958144,49.34402364422512
2.4604701381312895,316.49337702958144,49.38165861201612
2.492355280310097,316.49337702958144,49.462320104603776
2.524240422488904,316.49337702958144,49.64959687255134
2.5561255646677115,316.49337702958144,49.84148313556301
2.588010706846519,316.49337702958144,50.00937819502432
2.619895849025326,316.49337702958144,50.19565788943477
2.6517809912041326,316.49337702958144,50.23490837682136
2.68366613338294,316.49337702958144,49.13
2.7155512755617472,316.49337702958144,49.13
2.7474364177405546,316.49337702958144,49.13
2.779321559919362,316.49337702958144,49.13
2.8112067020981693,316.49337702958144,49.13
2.8430918442769766,316.49337702958144,49.13
2.874976986455783,316.49337702958144,49.13
2.9068621286345904,316.49337702958144,49.13
2.9387472708133977,316.49337702958144,49.13
0.4198210386876282,320.92373445337364,59.4
0.45170618086643544,320.92373445337364,59.4
0.48359132304524266,320.92373445337364,59.4
0.5154764652240499,320.92373445337364,61.78843041647776
0.5473616074028571,320.92373445337364,60.3899713164216
0.5792467495816642,320.92373445337364,58.90781834041008
0.6111318917604714,320.92373445337364,57.77950102374093
0.6430170339392787,320.92373445337364,56.65261961623855
0.6749021761180859,320.92373445337364,55.580772640495795
0.7067873182968931,320.92373445337364,54.62795573842393
0.7386724604757003,320.92373445337364,53.87164889761162
0.7705576026545076,320.92373445337364,53.068807527425534
0.8024427448333147,320.92373445337364,52.43425089267837
0.834327887012122,320.92373445337364,51.87971087803325
0.8662130291909291,320.92373445337364,51.33461173124388
0.8980981713697364,320.92373445337364,50.79074940440542
0.9299833135485436,320.92373445337364,50.31916614331814
0.9618684557273508,320.92373445337364,49.92228149389272
0.993753597906158,320.92373445337364,49.570803154967
1.0256387400849651,320.92373445337364,49.302902607390784
1.0575238822637725,320.92373445337364,49.05306488305625
1.0894090244425796,320.92373445337364,48.79001020445032
1.1212941666213867,320.92373445337364,48.46659609074642
1.153179308800194,320.92373445337364,48.1903534648302
1.1850644509790014,320.92373445337364,47.94551574431866
1.2169495931578085,320.92373445337364,47.86592011819152
1.2488347353366156,320.92373445337364,47.642877223740456
1.280719877515423,320.92373445337364,47.57569992891501
1.31260501969423,320.92373445337364,47.31134468688514
1.3444901618730372,320.92373445337364,47.13690812773453
1.3763753040518445,320.92373445337364,47.04502474039818
1.4082604462306518,320.92373445337364,46.95163687028578
1.440145588409459,320.92373445337364,46.90335502852819
1.472030730588266,320.92373445337364,46.87031074911655
1.5039158727670734,320.92373445337364,46.77183931161467
1.5358010149458805,320.92373445337364,46.839352087044794
1.5676861571246878,320.92373445337364,46.72904124186018
1.599571299303495,320.92373445337364,46.83261823210839
1.6314564414823023,320.92373445337364,46.73944145008884
1.6633415836611094,320.92373445337364,46.83732867760722
1.6952267258399167,320.92373445337364,46.86858002388383
1.7271118680187239,320.92373445337364,46.82344234645266
1.758997010197531,320.92373445337364,46.82135772211681
1.7908821523763383,320.92373445337364,46.86777752176018
1.8227672945551454,320.92373445337364,46.93057274633653
1.8546524367339527,320.92373445337364,47.0101100246488
1.8865375789127599,320.92373445337364,47.07020809793266
1.9184227210915672,320.92373445337364,47.14183972611678
1.9503078632703743,320.92373445337364,47.24279535115457
1.9821930054491814,320.92373445337364,47.356990066741545
2.0140781476279885,320.92373445337364,47.42205288454891
2.045963289806796,320.92373445337364,47.480224742459676
2.077848431985603,320.92373445337364,47.54461906014206
2.1097335741644105,320.92373445337364,47.697427556454905
2.141618716343218,320.92373445337364,47.832731516945145
2.1735038585220248,320.92373445337364,47.95298762800241
2.2053890007008317,320.92373445337364,48.04610443574357
2.237274142879639,320.92373445337364,48.26442426603888
2.2691592850584463,320.92373445337364,48.50085880276353
2.3010444272372537,320.92373445337364,48.662006741314116
2.332929569416061,320.92373445337364,48.74165908968504
2.3648147115948683,320.92373445337364,48.874762419068276
2.3966998537736752,320.92373445337364,49.127140609843025
2.428584995952482,320.92373445337364,49.2596272200278
2.4604701381312895,320.92373445337364,49.325768445311425
2.492355280310097,320.92373445337364,49.36482960231008
2.524240422488904,320.92373445337364,49.54927381413673
2.5561255646677115,320.92373445337364,49.73209823226427
2.588010706846519,320.92373445337364,49.89499799043038
2.619895849025326,320.92373445337364,50.04875517519809
2.6517809912041326,320.92373445337364,50.065567499009525
2.68366613338294,320.92373445337364,49.13
2.7155512755617472,320.92373445337364,49.13
2.7474364177405546,320.92373445337364,49.13
2.779321559919362,320.92373445337364,49.13
2.8112067020981693,320.92373445337364,49.13
2.8430918442769766,320.92373445337364,49.13
2.874976986455783,320.92373445337364,49.13
2.9068621286345904,320.92373445337364,49.13
2.9387472708133977,320.92373445337364,49.13
0.4198210386876282,325.35409187716584,59.4
0.45170618086643544,325.35409187716584,59.4
0.48359132304524266,325.35409187716584,59.4
0.5154764652240499,325.35409187716584,59.4
0.5473616074028571,325.35409187716584,60.27894599618554
0.5792467495816642,325.35409187716584,58.85274050577315
0.6111318917604714,325.35409187716584,57.730604727460985
0.6430170339392787,325.35409187716584,56.61380104110008
0.6749021761180859,325.35409187716584,55.568623371835436
0.7067873182968931,325.35409187716584,54.62600957513577
0.7386724604757003,325.35409187716584,53.8758055935305
0.7705576026545076,325.35409187716584,53.094270651348076
0.8024427448333147,325.35409187716584,52.46677574552249
0.834327887012122,325.35409187716584,51.91323668921177
0.8662130291909291,325.35409187716584,51.3813727554933
0.8980981713697364,325.35409187716584,50.84724675880767
0.9299833135485436,325.35409187716584,50.38237492766378
0.9618684557273508,325.35409187716584,49.99150520587633
0.993753597906158,325.35409187716584,49.63261647157118
1.0256387400849651,325.35409187716584,49.34294362197686
1.0575238822637725,325.35409187716584,49.12046465445301
1.0894090244425796,325.35409187716584,48.85578774820237
1.1212941666213867,325.35409187716584,48.54088414308305
1.153179308800194,325.35409187716584,48.27516240099866
1.1850644509790014,325.35409187716584,48.033908544578246
1.2169495931578085,325.35409187716584,47.88825336863915
1.2488347353366156,325.35409187716584,47.69822366542997
1.280719877515423,325.35409187716584,47.629434671557156
1.31260501969423,325.35409187716584,47.40296302398176
1.3444901618730372,325.35409187716584,47.22742470906399
1.3763753040518445,325.35409187716584,47.123386166022115
1.4082604462306518,325.35409187716584,47.029962475009704
1.440145588409459,325.35409187716584,46.95963748779776
1.472030730588266,325.35409187716584,46.935768404099115
1.5039158727670734,325.35409187716584,46.83540048466342
1.5358010149458805,325.35409187716584,46.89268308901444
1.5676861571246878,325.35409187716584,46.79057316070522
1.599571299303495,325.35409187716584,46.87637251447044
1.6314564414823023,325.35409187716584,46.79712150856365
1.6633415836611094,325.35409187716584,46.87721410031115
1.6952267258399167,325.35409187716584,46.90692292433149
1.7271118680187239,325.35409187716584,46.86129426689326
1.758997010197531,325.35409187716584,46.8599900532681
1.7908821523763383,325.35409187716584,46.890680715593035
1.8227672945551454,325.35409187716584,46.95284817925281
1.8546524367339527,325.35409187716584,47.01941522023529
1.8865375789127599,325.35409187716584,47.076293960902376
1.9184227210915672,325.35409187716584,47.14223356276419
1.9503078632703743,325.35409187716584,47.23077676924675
1.9821930054491814,325.35409187716584,47.3371584966571
2.0140781476279885,325.35409187716584,47.398887403571855
2.045963289806796,325.35409187716584,47.461597854295604
2.077848431985603,325.35409187716584,47.52129240305441
2.1097335741644105,325.35409187716584,47.664307728613785
2.141618716343218,325.35409187716584,47.794249626718376
2.1735038585220248,325.35409187716584,47.91930840590407
2.2053890007008317,325.35409187716584,48.01448690289861
2.237274142879639,325.35409187716584,48.21342997068224
2.2691592850584463,325.35409187716584,48.439611890119934
2.3010444272372537,325.35409187716584,48.60085874130639
2.332929569416061,325.35409187716584,48.708892647610526
2.3648147115948683,325.35409187716584,48.81221138918599
2.3966998537736752,325.35409187716584,49.04857387218685
2.428584995952482,325.35409187716584,49.17458794232802
2.4604701381312895,325.35409187716584,49.26200133050916
2.492355280310097,325.35409187716584,49.28050670894058
2.524240422488904,325.35409187716584,49.45560733421993
2.5561255646677115,325.35409187716584,49.62579228995065
2.588010706846519,325.35409187716584,49.787229565816666
2.619895849025326,325.35409187716584,49.842668805643264
2.6517809912041326,325.35409187716584,49.13
2.68366613338294,325.35409187716584,49.13
2.7155512755617472,325.35409187716584,49.13
2.7474364177405546,325.35409187716584,49.13
2.779321559919362,325.35409187716584,49.13
2.8112067020981693,325.35409187716584,49.13
2.8430918442769766,325.35409187716584,49.13
2.874976986455783,325.35409187716584,49.13
2.9068621286345904,325.35409187716584,49.13
2.9387472708133977,325.35409187716584,49.13
0.4198210386876282,329.78444930095804,59.4
0.45170618086643544,329.78444930095804,59.4
0.48359132304524266,329.78444930095804,59.4
0.5154764652240499,329.78444930095804,59.4
0.5473616074028571,329.78444930095804,60.174585654528485
0.5792467495816642,329.78444930095804,58.816224826753775
0.6111318917604714,329.78444930095804,57.68152618402795
0.6430170339392787,329.78444930095804,56.57398718182025
0.6749021761180859,329.78444930095804,55.553697682109394
0.7067873182968931,329.78444930095804,54.62433178381968
0.7386724604757003,329.78444930095804,53.87877483632833
0.7705576026545076,329.78444930095804,53.11779274167356
0.8024427448333147,329.78444930095804,52.50076164416598
0.834327887012122,329.78444930095804,51.94021365471006
0.8662130291909291,329.78444930095804,51.422959973633745
0.8980981713697364,329.78444930095804,50.89983571095307
0.9299833135485436,329.78444930095804,50.44512945193377
0.9618684557273508,329.78444930095804,50.05835403320775
0.993753597906158,329.78444930095804,49.69776758444766
1.0256387400849651,329.78444930095804,49.39019959938271
1.0575238822637725,329.78444930095804,49.16793679445793
1.0894090244425796,329.78444930095804,48.9136630442242
1.1212941666213867,329.78444930095804,48.60955773959831
1.153179308800194,329.78444930095804,48.35636242720514
1.1850644509790014,329.78444930095804,48.1190495505359
1.2169495931578085,329.78444930095804,47.941601702409734
1.2488347353366156,329.78444930095804,47.76179532999337
1.280719877515423,329.78444930095804,47.67017069791004
1.31260501969423,329.78444930095804,47.487946783004
1.3444901618730372,329.78444930095804,47.31400829970566
1.3763753040518445,329.78444930095804,47.197947713347304
1.4082604462306518,329.78444930095804,47.10457921295995
1.440145588409459,329.78444930095804,47.0225451444294
1.472030730588266,329.78444930095804,46.9957993528751
1.5039158727670734,329.78444930095804,46.90196930817253
1.5358010149458805,329.78444930095804,46.9401731840025
1.5676861571246878,329.78444930095804,46.85077734277936
1.599571299303495,329.78444930095804,46.913799502530445
1.6314564414823023,329.78444930095804,46.85269873027223
1.6633415836611094,329.78444930095804,46.907113936965374
1.6952267258399167,329.78444930095804,46.936550396107464
1.7271118680187239,329.78444930095804,46.89946000612168
1.758997010197531,329.78444930095804,46.89850909438457
1.7908821523763383,329.78444930095804,46.91479979315271
1.8227672945551454,329.78444930095804,46.972994916659
1.8546524367339527,329.78444930095804,47.02812633115639
1.8865375789127599,329.78444930095804,47.082183969025785
1.9184227210915672,329.78444930095804,47.14336101765838
1.9503078632703743,329.78444930095804,47.22040403196108
1.9821930054491814,329.78444930095804,47.31796924676011
2.0140781476279885,329.78444930095804,47.376284090593906
2.045963289806796,329.78444930095804,47.44203484713837
2.077848431985603,329.78444930095804,47.50148795402691
2.1097335741644105,329.78444930095804,47.633507705971795
2.141618716343218,329.78444930095804,47.757104414383065
2.1735038585220248,329.78444930095804,47.88360593000512
2.2053890007008317,329.78444930095804,47.99232954073337
2.237274142879639,329.78444930095804,48.16743199248412
2.2691592850584463,329.78444930095804,48.38070419668923
2.3010444272372537,329.78444930095804,48.53943467434452
2.332929569416061,329.78444930095804,48.67011561141011
2.3648147115948683,329.78444930095804,48.75789595741729
2.3966998537736752,329.78444930095804,48.974613525659876
2.428584995952482,329.78444930095804,49.09264381478009
2.4604701381312895,329.78444930095804,49.1922293552172
2.492355280310097,329.78444930095804,49.214004700212655
2.524240422488904,329.78444930095804,49.370633041109414
2.5561255646677115,329.78444930095804,49.524935591098895
2.588010706846519,329.78444930095804,49.674607294019694
2.619895849025326,329.78444930095804,49.79168974524509
2.6517809912041326,329.78444930095804,49.13
2.68366613338294,329.78444930095804,49.13
2.7155512755617472,329.78444930095804,49.13
2.7474364177405546,329.78444930095804,49.13
2.779321559919362,329.78444930095804,49.13
2.8112067020981693,329.78444930095804,49.13
2.8430918442769766,329.78444930095804,49.13
2.874976986455783,329.78444930095804,49.13
2.9068621286345904,329.78444930095804,49.13
2.9387472708133977,329.78444930095804,49.13
0.4198210386876282,334.2148067247502,59.4
0.45170618086643544,334.2148067247502,59.4
0.48359132304524266,334.2148067247502,59.4
0.5154764652240499,334.2148067247502,59.4
0.5473616074028571,334.2148067247502,60.07830748672019
0.5792467495816642,334.2148067247502,58.782115286580826
0.6111318917604714,334.2148067247502,57.635449242944574
0.6430170339392787,334.2148067247502,56.536852225002285
0.6749021761180859,334.2148067247502,55.53630089244687
0.7067873182968931,334.2148067247502,54.623005449851554
0.7386724604757003,334.2148067247502,53.880897989627634
0.7705576026545076,334.2148067247502,53.13839707865579
0.8024427448333147,334.2148067247502,52.50812785362289
0.834327887012122,334.2148067247502,51.95940431844132
0.8662130291909291,334.2148067247502,51.45829326621351
0.8980981713697364,334.2148067247502,50.947353050585804
0.9299833135485436,334.2148067247502,50.50340526355511
0.9618684557273508,334.2148067247502,50.119712300594756
0.993753597906158,334.2148067247502,49.760263270070425
1.0256387400849651,334.2148067247502,49.44298226357576
1.0575238822637725,334.2148067247502,49.19190097461816
1.0894090244425796,334.2148067247502,48.96207130349443
1.1212941666213867,334.2148067247502,48.671065942526575
1.153179308800194,334.2148067247502,48.43226135549994
1.1850644509790014,334.2148067247502,48.197099154095504
1.2169495931578085,334.2148067247502,48.01714825522438
1.2488347353366156,334.2148067247502,47.831469160014684
1.280719877515423,334.2148067247502,47.70714804125324
1.31260501969423,334.2148067247502,47.558230487980055
1.3444901618730372,334.2148067247502,47.39327453431267
1.3763753040518445,334.2148067247502,47.267158442612775
1.4082604462306518,334.2148067247502,47.173949991041326
1.440145588409459,334.2148067247502,47.090294158040805
1.472030730588266,334.2148067247502,47.04900497971533
1.5039158727670734,334.2148067247502,46.96498654940738
1.5358010149458805,334.2148067247502,46.98060102386656
1.5676861571246878,334.2148067247502,46.90606029855394
1.599571299303495,334.2148067247502,46.943635724456925
1.6314564414823023,334.2148067247502,46.903664583190135
1.6633415836611094,334.2148067247502,46.92945068622696
1.6952267258399167,334.2148067247502,46.958091685124806
1.7271118680187239,334.2148067247502,46.93670345231776
1.758997010197531,334.2148067247502,46.93427440205368
1.7908821523763383,334.2148067247502,46.93983843457446
1.8227672945551454,334.2148067247502,46.990514441983045
1.8546524367339527,334.2148067247502,47.036205900719665
1.8865375789127599,334.2148067247502,47.08752760114339
1.9184227210915672,334.2148067247502,47.14518463410691
1.9503078632703743,334.2148067247502,47.21236677281174
1.9821930054491814,334.2148067247502,47.29974081359024
2.0140781476279885,334.2148067247502,47.35559129196438
2.045963289806796,334.2148067247502,47.42171118750336
2.077848431985603,334.2148067247502,47.48566648730091
2.1097335741644105,334.2148067247502,47.605692177021275
2.141618716343218,334.2148067247502,47.722989288146934
2.1735038585220248,334.2148067247502,47.848306939820986
2.2053890007008317,334.2148067247502,47.97428570335281
2.237274142879639,334.2148067247502,48.12756584090737
2.2691592850584463,334.2148067247502,48.325473586096294
2.3010444272372537,334.2148067247502,48.48262353516352
2.332929569416061,334.2148067247502,48.62611421964523
2.3648147115948683,334.2148067247502,48.713373097346505
2.3966998537736752,334.2148067247502,48.906810510029445
2.428584995952482,334.2148067247502,49.0175418106484
2.4604701381312895,334.2148067247502,49.118861047940264
2.492355280310097,334.2148067247502,49.169888773545516
2.524240422488904,334.2148067247502,49.29638654311373
2.5561255646677115,334.2148067247502,49.438994242043734
2.588010706846519,334.2148067247502,49.51702451860503
2.619895849025326,334.2148067247502,49.13
2.6517809912041326,334.2148067247502,49.13
2.68366613338294,334.2148067247502,49.13
2.7155512755617472,334.2148067247502,49.13
2.7474364177405546,334.2148067247502,49.13
2.779321559919362,334.2148067247502,49.13
2.8112067020981693,334.2148067247502,49.13
2.8430918442769766,334.2148067247502,49.13
2.874976986455783,334.2148067247502,49.13
2.9068621286345904,334.2148067247502,49.13
2.9387472708133977,334.2148067247502,49.13
0.4198210386876282,338.6451641485424,59.4
0.45170618086643544,338.6451641485424,59.4
0.48359132304524266,338.6451641485424,59.4
0.5154764652240499,338.6451641485424,59.4
0.5473616074028571,338.6451641485424,59.98878947791209
0.5792467495816642,338.6451641485424,58.74972872858439
0.6111318917604714,338.6451641485424,57.59688783771036
0.6430170339392787,338.6451641485424,56.50531726132096
0.6749021761180859,338.6451641485424,55.51673832397698
0.7067873182968931,338.6451641485424,54.62211365860735
0.7386724604757003,338.6451641485424,53.88258267153436
0.7705576026545076,338.6451641485424,53.155498518556044
0.8024427448333147,338.6451641485424,52.51936944948511
0.834327887012122,338.6451641485424,51.97515068497172
0.8662130291909291,338.6451641485424,51.4862925137809
0.8980981713697364,338.6451641485424,50.98863556744995
0.9299833135485436,338.6451641485424,50.55409419037602
0.9618684557273508,338.6451641485424,50.172608305108845
0.993753597906158,338.6451641485424,49.81417376380241
1.0256387400849651,338.6451641485424,49.49685982160813
1.0575238822637725,338.6451641485424,49.22218776129911
1.0894090244425796,338.6451641485424,48.99949183495328
1.1212941666213867,338.6451641485424,48.72385781410223
1.153179308800194,338.6451641485424,48.498548478491315
1.1850644509790014,338.6451641485424,48.264231490395574
1.2169495931578085,338.6451641485424,48.089443297171194
1.2488347353366156,338.6451641485424,47.898927250041034
1.280719877515423,338.6451641485424,47.752570303760244
1.31260501969423,338.6451641485424,47.61326492172807
1.3444901618730372,338.6451641485424,47.46183904753812
1.3763753040518445,338.6451641485424,47.328631578599705
1.4082604462306518,338.6451641485424,47.23653771615862
1.440145588409459,338.6451641485424,47.15250132672361
1.472030730588266,338.6451641485424,47.093986668890494
1.5039158727670734,338.6451641485424,47.0193468673728
1.5358010149458805,338.6451641485424,47.01274526046422
1.5676861571246878,338.6451641485424,46.95373515662627
1.599571299303495,338.6451641485424,46.96450473400423
1.6314564414823023,338.6451641485424,46.947517736615325
1.6633415836611094,338.6451641485424,46.95682662315843
1.6952267258399167,338.6451641485424,46.97836176325108
1.7271118680187239,338.6451641485424,46.9689974926571
1.758997010197531,338.6451641485424,46.96524935294745
1.7908821523763383,338.6451641485424,46.965500319993616
1.8227672945551454,338.6451641485424,47.00490823865294
1.8546524367339527,338.6451641485424,47.043486487260715
1.8865375789127599,338.6451641485424,47.09197822311021
1.9184227210915672,338.6451641485424,47.147228343185375
1.9503078632703743,338.6451641485424,47.20731703615428
1.9821930054491814,338.6451641485424,47.282937570017545
2.0140781476279885,338.6451641485424,47.33798125634211
2.045963289806796,338.6451641485424,47.40262001507685
2.077848431985603,338.6451641485424,47.47437286992461
2.1097335741644105,338.6451641485424,47.581525830254584
2.141618716343218,338.6451641485424,47.693564805853896
2.1735038585220248,338.6451641485424,47.817896790842205
2.2053890007008317,338.6451641485424,47.95276107373105
2.237274142879639,338.6451641485424,48.094967025414924
2.2691592850584463,338.6451641485424,48.277243628340024
2.3010444272372537,338.6451641485424,48.43314343457597
2.332929569416061,338.6451641485424,48.579171316289575
2.3648147115948683,338.6451641485424,48.68060719199832
2.3966998537736752,338.6451641485424,48.846715765062854
2.428584995952482,338.6451641485424,48.952971305661414
2.4604701381312895,338.6451641485424,49.05327477951812
2.492355280310097,338.6451641485424,49.137641775332916
2.524240422488904,338.6451641485424,49.23490344854137
2.5561255646677115,338.6451641485424,49.36771087412855
2.588010706846519,338.6451641485424,49.13
2.619895849025326,338.6451641485424,49.13
2.6517809912041326,338.6451641485424,49.13
2.68366613338294,338.6451641485424,49.13
2.7155512755617472,338.6451641485424,49.13
2.7474364177405546,338.6451641485424,49.13
2.779321559919362,338.6451641485424,49.13
2.8112067020981693,338.6451641485424,49.13
2.8430918442769766,338.6451641485424,49.13
2.874976986455783,338.6451641485424,49.13
2.9068621286345904,338.6451641485424,49.13
2.9387472708133977,338.6451641485424,49.13
0.4198210386876282,343.0755215723346,59.4
0.45170618086643544,343.0755215723346,59.4
0.48359132304524266,343.0755215723346,59.4
0.5154764652240499,343.0755215723346,59.4
0.5473616074028571,343.0755215723346,59.918898212169495
0.5792467495816642,343.0755215723346,58.71937047389359
0.6111318917604714,343.0755215723346,57.56851058722683
0.6430170339392787,343.0755215723346,56.48205090967774
0.6749021761180859,343.0755215723346,55.496216861966985
0.7067873182968931,343.0755215723346,54.62173792261743
0.7386724604757003,343.0755215723346,53.88383453511721
0.7705576026545076,343.0755215723346,53.16851191763557
0.8024427448333147,343.0755215723346,52.536200862891675
0.834327887012122,343.0755215723346,51.99452486208234
0.8662130291909291,343.0755215723346,51.505877587280644
0.8980981713697364,343.0755215723346,51.02252005128965
0.9299833135485436,343.0755215723346,50.5940880602447
0.9618684557273508,343.0755215723346,50.21407034382169
0.993753597906158,343.0755215723346,49.85648133534836
1.0256387400849651,343.0755215723346,49.539741533269755
1.0575238822637725,343.0755215723346,49.26376349082664
1.0894090244425796,343.0755215723346,49.02838539476919
1.1212941666213867,343.0755215723346,48.76638241655971
1.153179308800194,343.0755215723346,48.550516379350334
1.1850644509790014,343.0755215723346,48.31662069457461
1.2169495931578085,343.0755215723346,48.14655365889694
1.2488347353366156,343.0755215723346,47.95203369377254
1.280719877515423,343.0755215723346,47.801978848035986
1.31260501969423,343.0755215723346,47.65226578954203
1.3444901618730372,343.0755215723346,47.516317474035176
1.3763753040518445,343.0755215723346,47.37698095680023
1.4082604462306518,343.0755215723346,47.289493932259724
1.440145588409459,343.0755215723346,47.20238084699454
1.472030730588266,343.0755215723346,47.12934580467135
1.5039158727670734,343.0755215723346,47.06197854312542
1.5358010149458805,343.0755215723346,47.035385044730084
1.5676861571246878,343.0755215723346,46.9911150455939
1.599571299303495,343.0755215723346,46.981579431513424
1.6314564414823023,343.0755215723346,46.98175685984567
1.6633415836611094,343.0755215723346,46.987994525227414
1.6952267258399167,343.0755215723346,46.99760566810154
1.7271118680187239,343.0755215723346,46.99413623762637
1.758997010197531,343.0755215723346,46.98940655050878
1.7908821523763383,343.0755215723346,46.98920263335831
1.8227672945551454,343.0755215723346,47.015671151846746
1.8546524367339527,343.0755215723346,47.04892597898908
1.8865375789127599,343.0755215723346,47.095189200781185
1.9184227210915672,343.0755215723346,47.14878898642527
1.9503078632703743,343.0755215723346,47.20531182608214
1.9821930054491814,343.0755215723346,47.269634900664265
2.0140781476279885,343.0755215723346,47.32462623238596
2.045963289806796,343.0755215723346,47.388184053067754
2.077848431985603,343.0755215723346,47.46440901593048
2.1097335741644105,343.0755215723346,47.561673354164085
2.141618716343218,343.0755215723346,47.67049152534786
2.1735038585220248,343.0755215723346,47.79411946663366
2.2053890007008317,343.0755215723346,47.92967040796807
2.237274142879639,343.0755215723346,48.07077105546968
2.2691592850584463,343.0755215723346,48.23889058479935
2.3010444272372537,343.0755215723346,48.3935653756766
2.332929569416061,343.0755215723346,48.53991784492477
2.3648147115948683,343.0755215723346,48.66169492733538
2.3966998537736752,343.0755215723346,48.79694835377269
2.428584995952482,343.0755215723346,48.902621675547444
2.4604701381312895,343.0755215723346,49.00222101529112
2.492355280310097,343.0755215723346,49.098240888025224
2.524240422488904,343.0755215723346,49.18821936570082
2.5561255646677115,343.0755215723346,49.28587005861983
2.588010706846519,343.0755215723346,49.13
2.619895849025326,343.0755215723346,49.13
2.6517809912041326,343.0755215723346,49.13
2.68366613338294,343.0755215723346,49.13
2.7155512755617472,343.0755215723346,49.13
2.7474364177405546,343.0755215723346,49.13
2.779321559919362,343.0755215723346,49.13
2.8112067020981693,343.0755215723346,49.13
2.8430918442769766,343.0755215723346,49.13
2.874976986455783,343.0755215723346,49.13
2.9068621286345904,343.0755215723346,49.13
2.9387472708133977,343.0755215723346,49.13
0.4198210386876282,347.5058789961268,59.4
0.45170618086643544,347.5058789961268,59.4
0.48359132304524266,347.5058789961268,59.4
0.5154764652240499,347.5058789961268,59.4
0.5473616074028571,347.5058789961268,59.4
0.5792467495816642,347.5058789961268,58.69684105940745
0.6111318917604714,347.5058789961268,57.552986110395516
0.6430170339392787,347.5058789961268,56.46972178897417
0.6749021761180859,347.5058789961268,55.48321872064887
0.7067873182968931,347.5058789961268,54.62165566325041
0.7386724604757003,347.5058789961268,53.88461438723695
0.7705576026545076,347.5058789961268,53.17685213215566
0.8024427448333147,347.5058789961268,52.54729420807525
0.834327887012122,347.5058789961268,52.0113432651319
0.8662130291909291,347.5058789961268,51.51592686702064
0.8980981713697364,347.5058789961268,51.04625754721047
0.9299833135485436,347.5058789961268,50.62027870100938
0.9618684557273508,347.5058789961268,50.24112671380484
0.993753597906158,347.5058789961268,49.88416825441303
1.0256387400849651,347.5058789961268,49.567720734411566
1.0575238822637725,347.5058789961268,49.296126822733356
1.0894090244425796,347.5058789961268,49.049211173643215
1.1212941666213867,347.5058789961268,48.796776800571074
1.153179308800194,347.5058789961268,48.58443343274688
1.1850644509790014,347.5058789961268,48.35044090177103
1.2169495931578085,347.5058789961268,48.18407181718728
1.2488347353366156,347.5058789961268,47.986947471991236
1.280719877515423,347.5058789961268,47.83619308645737
1.31260501969423,347.5058789961268,47.67612648118898
1.3444901618730372,347.5058789961268,47.55296131287267
1.3763753040518445,347.5058789961268,47.40852582995979
1.4082604462306518,347.5058789961268,47.324821964848226
1.440145588409459,347.5058789961268,47.2358898773939
1.472030730588266,347.5058789961268,47.15368377132866
1.5039158727670734,347.5058789961268,47.089809857721846
1.5358010149458805,347.5058789961268,47.04735134606761
1.5676861571246878,347.5058789961268,47.015513094054164
1.599571299303495,347.5058789961268,47.00257470059639
1.6314564414823023,347.5058789961268,47.003880622179075
1.6633415836611094,347.5058789961268,47.01025477093729
1.6952267258399167,347.5058789961268,47.01407137103245
1.7271118680187239,347.5058789961268,47.01009229066856
1.758997010197531,347.5058789961268,47.004718598180624
1.7908821523763383,347.5058789961268,47.00457885368813
1.8227672945551454,347.5058789961268,47.02101365988919
1.8546524367339527,347.5058789961268,47.05202268422963
1.8865375789127599,347.5058789961268,47.09681390001136
1.9184227210915672,347.5058789961268,47.14951985927132
1.9503078632703743,347.5058789961268,47.20474351789608
1.9821930054491814,347.5058789961268,47.261338537047266
2.0140781476279885,347.5058789961268,47.316698468754765
2.045963289806796,347.5058789961268,47.379596305972264
2.077848431985603,347.5058789961268,47.45484583090567
2.1097335741644105,347.5058789961268,47.54732882079149
2.141618716343218,347.5058789961268,47.655430004472784
2.1735038585220248,347.5058789961268,47.77863552503922
2.2053890007008317,347.5058789961268,47.913764045800086
2.237274142879639,347.5058789961268,48.056113440534546
2.2691592850584463,347.5058789961268,48.212985458568994
2.3010444272372537,347.5058789961268,48.366460361560115
2.332929569416061,347.5058789961268,48.513162545815455
2.3648147115948683,347.5058789961268,48.64583985428816
2.3966998537736752,347.5058789961268,48.76436205153348
2.428584995952482,347.5058789961268,48.87018229603494
2.4604701381312895,347.5058789961268,48.969389130987686
2.492355280310097,347.5058789961268,49.064507083440674
2.524240422488904,347.5058789961268,49.15789096890642
2.5561255646677115,347.5058789961268,49.13
2.588010706846519,347.5058789961268,49.13
2.619895849025326,347.5058789961268,49.13
2.6517809912041326,347.5058789961268,49.13
2.68366613338294,347.5058789961268,49.13
2.7155512755617472,347.5058789961268,49.13
2.7474364177405546,347.5058789961268,49.13
2.779321559919362,347.5058789961268,49.13
2.8112067020981693,347.5058789961268,49.13
2.8430918442769766,347.5058789961268,49.13
2.874976986455783,347.5058789961268,49.13
2.9068621286345904,347.5058789961268,49.13
2.9387472708133977,347.5058789961268,49.13
0.4198210386876282,351.936236419919,59.4
0.45170618086643544,351.936236419919,59.4
0.48359132304524266,351.936236419919,59.4
0.5154764652240499,351.936236419919,59.4
0.5473616074028571,351.936236419919,59.4
0.5792467495816642,351.936236419919,59.4
0.6111318917604714,351.936236419919,59.4
0.6430170339392787,351.936236419919,54.79999999999999
0.6749021761180859,351.936236419919,54.79999999999999
0.7067873182968931,351.936236419919,54.79999999999999
0.7386724604757003,351.936236419919,53.2
0.7705576026545076,351.936236419919,53.2
0.8024427448333147,351.936236419919,52.400000000000006
0.834327887012122,351.936236419919,51.93
0.8662130291909291,351.936236419919,51.5
0.8980981713697364,351.936236419919,51.09
0.9299833135485436,351.936236419919,50.71
0.9618684557273508,351.936236419919,50.36999999999999
0.993753597906158,351.936236419919,49.75
1.0256387400849651,351.936236419919,49.49
1.0575238822637725,351.936236419919,49.26
1.0894090244425796,351.936236419919,49.04
1.1212941666213867,351.936236419919,48.82
1.153179308800194,351.936236419919,48.64
1.1850644509790014,351.936236419919,48.42
1.2169495931578085,351.936236419919,48.27
1.2488347353366156,351.936236419919,47.94
1.280719877515423,351.936236419919,47.82
1.31260501969423,351.936236419919,47.67
1.3444901618730372,351.936236419919,47.57
1.3763753040518445,351.936236419919,47.44
1.4082604462306518,351.936236419919,47.36
1.440145588409459,351.936236419919,47.17
1.472030730588266,351.936236419919,47.17
1.5039158727670734,351.936236419919,47.17
1.5358010149458805,351.936236419919,47.05
1.5676861571246878,351.936236419919,47.05
1.599571299303495,351.936236419919,47.00999999999999
1.6314564414823023,351.936236419919,47.00999999999999
1.6633415836611094,351.936236419919,47.02
1.6952267258399167,351.936236419919,47.02
1.7271118680187239,351.936236419919,47.02
1.758997010197531,351.936236419919,47.02
1.7908821523763383,351.936236419919,47.02
1.8227672945551454,351.936236419919,47.02
1.8546524367339527,351.936236419919,47.02
1.8865375789127599,351.936236419919,47.02
1.9184227210915672,351.936236419919,47.22
1.9503078632703743,351.936236419919,47.22
1.9821930054491814,351.936236419919,47.22
2.0140781476279885,351.936236419919,47.22
2.045963289806796,351.936236419919,47.50999999999999
2.077848431985603,351.936236419919,47.50999999999999
2.1097335741644105,351.936236419919,47.50999999999999
2.141618716343218,351.936236419919,47.50999999999999
2.1735038585220248,351.936236419919,48.06
2.2053890007008317,351.936236419919,48.06
2.237274142879639,351.936236419919,48.06
2.2691592850584463,351.936236419919,48.06
2.3010444272372537,351.936236419919,48.06
2.332929569416061,351.936236419919,48.69
2.3648147115948683,351.936236419919,48.69
2.3966998537736752,351.936236419919,48.69
2.428584995952482,351.936236419919,48.69
2.4604701381312895,351.936236419919,49.13
2.492355280310097,351.936236419919,49.13
2.524240422488904,351.936236419919,49.13
2.5561255646677115,351.936236419919,49.13
2.588010706846519,351.936236419919,49.13
2.619895849025326,351.936236419919,49.13
2.6517809912041326,351.936236419919,49.13
2.68366613338294,351.936236419919,49.13
2.7155512755617472,351.936236419919,49.13
2.7474364177405546,351.936236419919,49.13
2.779321559919362,351.936236419919,49.13
2.8112067020981693,351.936236419919,49.13
2.8430918442769766,351.936236419919,49.13
2.874976986455783,351.936236419919,49.13
2.9068621286345904,351.936236419919,49.13
2.9387472708133977,351.936236419919,49.13
