moneyness,tte_days,implied_vol_pct
0.3453664770029097,1.9470844124189814,77.09
0.37815443368040114,1.9470844124189814,77.09
0.41094239035789254,1.9470844124189814,77.09
0.44373034703538394,1.9470844124189814,77.09
0.4765183037128754,1.9470844124189814,77.09
0.5093062603903669,1.9470844124189814,77.09
0.5420942170678582,1.9470844124189814,77.09
0.5748821737453497,1.9470844124189814,77.09
0.6076701304228411,1.9470844124189814,77.09
0.6404580871003326,1.9470844124189814,77.09
0.673246043777824,1.9470844124189814,77.09
0.7060340004553154,1.9470844124189814,77.09
0.7388219571328069,1.9470844124189814,77.09
0.7716099138102983,1.9470844124189814,77.09
0.8043978704877897,1.9470844124189814,77.09
0.8371858271652811,1.9470844124189814,77.09
0.8699737838427726,1.9470844124189814,77.09
0.902761740520264,1.9470844124189814,63.72
0.9355496971977555,1.9470844124189814,54.17999999999999
0.9683376538752468,1.9470844124189814,48.23
1.0011256105527382,1.9470844124189814,46.34
1.0339135672302298,1.9470844124189814,47.64
1.066701523907721,1.9470844124189814,51.81
1.0994894805852127,1.9470844124189814,57.54
1.132277437262704,1.9470844124189814,63.18
1.1650653939401954,1.9470844124189814,63.18
1.197853350617687,1.9470844124189814,63.18
1.2306413072951783,1.9470844124189814,63.18
1.2634292639726699,1.9470844124189814,63.18
1.2962172206501612,1.9470844124189814,63.18
1.3290051773276526,1.9470844124189814,63.18
1.3617931340051441,1.9470844124189814,63.18
1.3945810906826355,1.9470844124189814,63.18
1.4273690473601268,1.9470844124189814,63.18
1.4601570040376184,1.9470844124189814,63.18
1.4929449607151097,1.9470844124189814,63.18
1.5257329173926013,1.9470844124189814,63.18
1.5585208740700927,1.9470844124189814,63.18
1.591308830747584,1.9470844124189814,63.18
1.6240967874250756,1.9470844124189814,63.18
1.656884744102567,1.9470844124189814,63.18
1.6896727007800583,1.9470844124189814,63.18
1.7224606574575498,1.9470844124189814,63.18
1.7552486141350412,1.9470844124189814,63.18
1.7880365708125325,1.9470844124189814,63.18
1.820824527490024,1.9470844124189814,63.18
1.8536124841675155,1.9470844124189814,63.18
1.886400440845007,1.9470844124189814,63.18
1.9191883975224984,1.9470844124189814,63.18
1.9519763541999897,1.9470844124189814,63.18
1.9847643108774813,1.9470844124189814,63.18
2.0175522675549726,1.9470844124189814,63.18
2.050340224232464,1.9470844124189814,63.18
2.0831281809099558,1.9470844124189814,63.18
2.1159161375874467,1.9470844124189814,63.18
2.1487040942649385,1.9470844124189814,63.18
2.18149205094243,1.9470844124189814,63.18
2.214280007619921,1.9470844124189814,63.18
2.247067964297413,1.9470844124189814,63.18
2.279855920974904,1.9470844124189814,63.18
2.3126438776523957,1.9470844124189814,63.18
2.3454318343298866,1.9470844124189814,63.18
2.3782197910073783,1.9470844124189814,63.18
2.41100774768487,1.9470844124189814,63.18
2.443795704362361,1.9470844124189814,63.18
2.476583661039853,1.9470844124189814,63.18
2.5093716177173437,1.9470844124189814,63.18
2.5421595743948355,1.9470844124189814,63.18
2.5749475310723273,1.9470844124189814,63.18
2.6077354877498182,1.9470844124189814,63.18
2.64052344442731,1.9470844124189814,63.18
2.673311401104801,1.9470844124189814,63.18
2.7060993577822927,1.9470844124189814,63.18
2.7388873144597845,1.9470844124189814,63.18
2.7716752711372754,1.9470844124189814,63.18
2.804463227814767,1.9470844124189814,63.18
2.837251184492258,1.9470844124189814,63.18
2.87003914116975,1.9470844124189814,63.18
2.9028270978472417,1.9470844124189814,63.18
2.9356150545247326,1.9470844124189814,63.18
0.3453664770029097,6.14959656352643,93.23
0.37815443368040114,6.14959656352643,93.23
0.41094239035789254,6.14959656352643,93.23
0.44373034703538394,6.14959656352643,93.23
0.4765183037128754,6.14959656352643,93.23
0.5093062603903669,6.14959656352643,93.23
0.5420942170678582,6.14959656352643,93.23
0.5748821737453497,6.14959656352643,93.23
0.6076701304228411,6.14959656352643,93.23
0.6404580871003326,6.14959656352643,93.23
0.673246043777824,6.14959656352643,93.23
0.7060340004553154,6.14959656352643,93.23
0.7388219571328069,6.14959656352643,93.23
0.7716099138102983,6.14959656352643,94.30754137794437
0.8043978704877897,6.14959656352643,82.71255524058678
0.8371858271652811,6.14959656352643,-632.9158045738126
0.8699737838427726,6.14959656352643,-2077.8830151205752
0.902761740520264,6.14959656352643,61.89931123445398
0.9355496971977555,6.14959656352643,58.093969813760374
0.9683376538752468,6.14959656352643,55.38844442613231
1.0011256105527382,6.14959656352643,54.202652223241536
1.0339135672302298,6.14959656352643,54.129202064330826
1.066701523907721,6.14959656352643,54.47282314125879
1.0994894805852127,6.14959656352643,56.001965242662244
1.132277437262704,6.14959656352643,58.59443858379308
1.1650653939401954,6.14959656352643,61.496475892956305
1.197853350617687,6.14959656352643,64.91553142952411
1.2306413072951783,6.14959656352643,68.93138213606109
1.2634292639726699,6.14959656352643,74.02794974955368
1.2962172206501612,6.14959656352643,80.22536607252498
1.3290051773276526,6.14959656352643,87.1748148402886
1.3617931340051441,6.14959656352643,81.56
1.3945810906826355,6.14959656352643,81.56
1.4273690473601268,6.14959656352643,81.56
1.4601570040376184,6.14959656352643,81.56
1.4929449607151097,6.14959656352643,81.56
1.5257329173926013,6.14959656352643,81.56
1.5585208740700927,6.14959656352643,81.56
1.591308830747584,6.14959656352643,81.56
1.6240967874250756,6.14959656352643,81.56
1.656884744102567,6.14959656352643,81.56
1.6896727007800583,6.14959656352643,81.56
1.7224606574575498,6.14959656352643,81.56
1.7552486141350412,6.14959656352643,81.56
1.7880365708125325,6.14959656352643,81.56
1.820824527490024,6.14959656352643,81.56
1.8536124841675155,6.14959656352643,81.56
1.886400440845007,6.14959656352643,81.56
1.9191883975224984,6.14959656352643,81.56
1.9519763541999897,6.14959656352643,81.56
1.9847643108774813,6.14959656352643,81.56
2.0175522675549726,6.14959656352643,81.56
2.050340224232464,6.14959656352643,81.56
2.0831281809099558,6.14959656352643,81.56
2.1159161375874467,6.14959656352643,81.56
2.1487040942649385,6.14959656352643,81.56
2.18149205094243,6.14959656352643,81.56
2.214280007619921,6.14959656352643,81.56
2.247067964297413,6.14959656352643,81.56
2.279855920974904,6.14959656352643,81.56
2.3126438776523957,6.14959656352643,81.56
2.3454318343298866,6.14959656352643,81.56
2.3782197910073783,6.14959656352643,81.56
2.41100774768487,6.14959656352643,81.56
2.443795704362361,6.14959656352643,81.56
2.476583661039853,6.14959656352643,81.56
2.5093716177173437,6.14959656352643,81.56
2.5421595743948355,6.14959656352643,81.56
2.5749475310723273,6.14959656352643,81.56
2.6077354877498182,6.14959656352643,81.56
2.64052344442731,6.14959656352643,81.56
2.673311401104801,6.14959656352643,81.56
2.7060993577822927,6.14959656352643,81.56
2.7388873144597845,6.14959656352643,81.56
2.7716752711372754,6.14959656352643,81.56
2.804463227814767,6.14959656352643,81.56
2.837251184492258,6.14959656352643,81.56
2.87003914116975,6.14959656352643,81.56
2.9028270978472417,6.14959656352643,81.56
2.9356150545247326,6.14959656352643,81.56
0.3453664770029097,10.352108714633877,76.6
0.37815443368040114,10.352108714633877,76.6
0.41094239035789254,10.352108714633877,76.6
0.44373034703538394,10.352108714633877,76.6
0.4765183037128754,10.352108714633877,76.6
0.5093062603903669,10.352108714633877,76.6
0.5420942170678582,10.352108714633877,76.6
0.5748821737453497,10.352108714633877,76.6
0.6076701304228411,10.352108714633877,76.6
0.6404580871003326,10.352108714633877,76.6
0.673246043777824,10.352108714633877,76.6
0.7060340004553154,10.352108714633877,76.6
0.7388219571328069,10.352108714633877,96.520720569081
0.7716099138102983,10.352108714633877,80.99241958522188
0.8043978704877897,10.352108714633877,74.15487550338952
0.8371858271652811,10.352108714633877,69.02003927657975
0.8699737838427726,10.352108714633877,63.93148835600656
0.902761740520264,10.352108714633877,60.823152076493116
0.9355496971977555,10.352108714633877,58.068882727565814
0.9683376538752468,10.352108714633877,56.24285910161049
1.0011256105527382,10.352108714633877,55.26869550804547
1.0339135672302298,10.352108714633877,54.81870145455156
1.066701523907721,10.352108714633877,54.80028925551521
1.0994894805852127,10.352108714633877,55.12797262398844
1.132277437262704,10.352108714633877,55.892307038318634
1.1650653939401954,10.352108714633877,56.736290349258994
1.197853350617687,10.352108714633877,57.910631782858665
1.2306413072951783,10.352108714633877,60.23340674568253
1.2634292639726699,10.352108714633877,61.60978352312539
1.2962172206501612,10.352108714633877,63.81819289572047
1.3290051773276526,10.352108714633877,72.71158988385505
1.3617931340051441,10.352108714633877,83.22246357348641
1.3945810906826355,10.352108714633877,91.18261605187072
1.4273690473601268,10.352108714633877,99.89086015803052
1.4601570040376184,10.352108714633877,60.84
1.4929449607151097,10.352108714633877,60.84
1.5257329173926013,10.352108714633877,60.84
1.5585208740700927,10.352108714633877,60.84
1.591308830747584,10.352108714633877,60.84
1.6240967874250756,10.352108714633877,60.84
1.656884744102567,10.352108714633877,60.84
1.6896727007800583,10.352108714633877,60.84
1.7224606574575498,10.352108714633877,60.84
1.7552486141350412,10.352108714633877,60.84
1.7880365708125325,10.352108714633877,60.84
1.820824527490024,10.352108714633877,60.84
1.8536124841675155,10.352108714633877,60.84
1.886400440845007,10.352108714633877,60.84
1.9191883975224984,10.352108714633877,60.84
1.9519763541999897,10.352108714633877,60.84
1.9847643108774813,10.352108714633877,60.84
2.0175522675549726,10.352108714633877,60.84
2.050340224232464,10.352108714633877,60.84
2.0831281809099558,10.352108714633877,60.84
2.1159161375874467,10.352108714633877,60.84
2.1487040942649385,10.352108714633877,60.84
2.18149205094243,10.352108714633877,60.84
2.214280007619921,10.352108714633877,60.84
2.247067964297413,10.352108714633877,60.84
2.279855920974904,10.352108714633877,60.84
2.3126438776523957,10.352108714633877,60.84
2.3454318343298866,10.352108714633877,60.84
2.3782197910073783,10.352108714633877,60.84
2.41100774768487,10.352108714633877,60.84
2.443795704362361,10.352108714633877,60.84
2.476583661039853,10.352108714633877,60.84
2.5093716177173437,10.352108714633877,60.84
2.5421595743948355,10.352108714633877,60.84
2.5749475310723273,10.352108714633877,60.84
2.6077354877498182,10.352108714633877,60.84
2.64052344442731,10.352108714633877,60.84
2.673311401104801,10.352108714633877,60.84
2.7060993577822927,10.352108714633877,60.84
2.7388873144597845,10.352108714633877,60.84
2.7716752711372754,10.352108714633877,60.84
2.804463227814767,10.352108714633877,60.84
2.837251184492258,10.352108714633877,60.84
2.87003914116975,10.352108714633877,60.84
2.9028270978472417,10.352108714633877,60.84
2.9356150545247326,10.352108714633877,60.84
0.3453664770029097,14.554620865741324,76.6
0.37815443368040114,14.554620865741324,76.6
0.41094239035789254,14.554620865741324,76.6
0.44373034703538394,14.554620865741324,76.6
0.4765183037128754,14.554620865741324,76.6
0.5093062603903669,14.554620865741324,76.6
0.5420942170678582,14.554620865741324,76.6
0.5748821737453497,14.554620865741324,76.6
0.6076701304228411,14.554620865741324,76.6
0.6404580871003326,14.554620865741324,76.6
0.673246043777824,14.554620865741324,107.59679990924727
0.7060340004553154,14.554620865741324,91.63074500090727
0.7388219571328069,14.554620865741324,82.13426813065767
0.7716099138102983,14.554620865741324,76.14303297425651
0.8043978704877897,14.554620865741324,71.89740451368715
0.8371858271652811,14.554620865741324,67.21678619389388
0.8699737838427726,14.554620865741324,63.41497527493453
0.902761740520264,14.554620865741324,60.68988890011194
0.9355496971977555,14.554620865741324,58.41091266365419
0.9683376538752468,14.554620865741324,56.939498649780944
1.0011256105527382,14.554620865741324,55.99800143173658
1.0339135672302298,14.554620865741324,55.47580282703041
1.066701523907721,14.554620865741324,55.46454962206592
1.0994894805852127,14.554620865741324,55.35424001388172
1.132277437262704,14.554620865741324,55.66248478121902
1.1650653939401954,14.554620865741324,56.269372216152014
1.197853350617687,14.554620865741324,57.33221046540412
1.2306413072951783,14.554620865741324,58.32194474809321
1.2634292639726699,14.554620865741324,59.77525619233938
1.2962172206501612,14.554620865741324,61.153194972943396
1.3290051773276526,14.554620865741324,62.30559378169394
1.3617931340051441,14.554620865741324,63.425324125773955
1.3945810906826355,14.554620865741324,69.02923895252776
1.4273690473601268,14.554620865741324,79.24816449029065
1.4601570040376184,14.554620865741324,89.57592543264842
1.4929449607151097,14.554620865741324,98.32545262111927
1.5257329173926013,14.554620865741324,107.36851442972205
1.5585208740700927,14.554620865741324,112.45860099238126
1.591308830747584,14.554620865741324,60.84
1.6240967874250756,14.554620865741324,60.84
1.656884744102567,14.554620865741324,60.84
1.6896727007800583,14.554620865741324,60.84
1.7224606574575498,14.554620865741324,60.84
1.7552486141350412,14.554620865741324,60.84
1.7880365708125325,14.554620865741324,60.84
1.820824527490024,14.554620865741324,60.84
1.8536124841675155,14.554620865741324,60.84
1.886400440845007,14.554620865741324,60.84
1.9191883975224984,14.554620865741324,60.84
1.9519763541999897,14.554620865741324,60.84
1.9847643108774813,14.554620865741324,60.84
2.0175522675549726,14.554620865741324,60.84
2.050340224232464,14.554620865741324,60.84
2.0831281809099558,14.554620865741324,60.84
2.1159161375874467,14.554620865741324,60.84
2.1487040942649385,14.554620865741324,60.84
2.18149205094243,14.554620865741324,60.84
2.214280007619921,14.554620865741324,60.84
2.247067964297413,14.554620865741324,60.84
2.279855920974904,14.554620865741324,60.84
2.3126438776523957,14.554620865741324,60.84
2.3454318343298866,14.554620865741324,60.84
2.3782197910073783,14.554620865741324,60.84
2.41100774768487,14.554620865741324,60.84
2.443795704362361,14.554620865741324,60.84
2.476583661039853,14.554620865741324,60.84
2.5093716177173437,14.554620865741324,60.84
2.5421595743948355,14.554620865741324,60.84
2.5749475310723273,14.554620865741324,60.84
2.6077354877498182,14.554620865741324,60.84
2.64052344442731,14.554620865741324,60.84
2.673311401104801,14.554620865741324,60.84
2.7060993577822927,14.554620865741324,60.84
2.7388873144597845,14.554620865741324,60.84
2.7716752711372754,14.554620865741324,60.84
2.804463227814767,14.554620865741324,60.84
2.837251184492258,14.554620865741324,60.84
2.87003914116975,14.554620865741324,60.84
2.9028270978472417,14.554620865741324,60.84
2.9356150545247326,14.554620865741324,60.84
0.3453664770029097,18.757133016848773,72.15
0.37815443368040114,18.757133016848773,72.15
0.41094239035789254,18.757133016848773,72.15
0.44373034703538394,18.757133016848773,72.15
0.4765183037128754,18.757133016848773,72.15
0.5093062603903669,18.757133016848773,72.15
0.5420942170678582,18.757133016848773,72.15
0.5748821737453497,18.757133016848773,72.15
0.6076701304228411,18.757133016848773,110.3220668187637
0.6404580871003326,18.757133016848773,97.3192629975752
0.673246043777824,18.757133016848773,88.92993616961716
0.7060340004553154,18.757133016848773,82.5810303381441
0.7388219571328069,18.757133016848773,76.96640436575596
0.7716099138102983,18.757133016848773,72.7392494799072
0.8043978704877897,18.757133016848773,69.492268087771
0.8371858271652811,18.757133016848773,66.38647007131736
0.8699737838427726,18.757133016848773,63.463615881057315
0.902761740520264,18.757133016848773,60.95428058535425
0.9355496971977555,18.757133016848773,59.21200525120056
0.9683376538752468,18.757133016848773,57.93255953585182
1.0011256105527382,18.757133016848773,56.99175833706767
1.0339135672302298,18.757133016848773,56.42115120772173
1.066701523907721,18.757133016848773,56.40996133578936
1.0994894805852127,18.757133016848773,56.40797039205811
1.132277437262704,18.757133016848773,56.6153454474707
1.1650653939401954,18.757133016848773,57.191414524511586
1.197853350617687,18.757133016848773,58.07704895138928
1.2306413072951783,18.757133016848773,59.186197398665016
1.2634292639726699,18.757133016848773,60.435406314989926
1.2962172206501612,18.757133016848773,61.75165716892116
1.3290051773276526,18.757133016848773,62.90030940015506
1.3617931340051441,18.757133016848773,63.79233440261527
1.3945810906826355,18.757133016848773,64.49877474746124
1.4273690473601268,18.757133016848773,65.09058780785956
1.4601570040376184,18.757133016848773,65.63488474038184
1.4929449607151097,18.757133016848773,70.49375537218754
1.5257329173926013,18.757133016848773,81.97254673995425
1.5585208740700927,18.757133016848773,89.1321610856555
1.591308830747584,18.757133016848773,101.16869345621448
1.6240967874250756,18.757133016848773,110.15091508525298
1.656884744102567,18.757133016848773,115.6863050084447
1.6896727007800583,18.757133016848773,120.06571006024669
1.7224606574575498,18.757133016848773,61.71
1.7552486141350412,18.757133016848773,61.71
1.7880365708125325,18.757133016848773,61.71
1.820824527490024,18.757133016848773,61.71
1.8536124841675155,18.757133016848773,61.71
1.886400440845007,18.757133016848773,61.71
1.9191883975224984,18.757133016848773,61.71
1.9519763541999897,18.757133016848773,61.71
1.9847643108774813,18.757133016848773,61.71
2.0175522675549726,18.757133016848773,61.71
2.050340224232464,18.757133016848773,61.71
2.0831281809099558,18.757133016848773,61.71
2.1159161375874467,18.757133016848773,61.71
2.1487040942649385,18.757133016848773,61.71
2.18149205094243,18.757133016848773,61.71
2.214280007619921,18.757133016848773,61.71
2.247067964297413,18.757133016848773,61.71
2.279855920974904,18.757133016848773,61.71
2.3126438776523957,18.757133016848773,61.71
2.3454318343298866,18.757133016848773,61.71
2.3782197910073783,18.757133016848773,61.71
2.41100774768487,18.757133016848773,61.71
2.443795704362361,18.757133016848773,61.71
2.476583661039853,18.757133016848773,61.71
2.5093716177173437,18.757133016848773,61.71
2.5421595743948355,18.757133016848773,61.71
2.5749475310723273,18.757133016848773,61.71
2.6077354877498182,18.757133016848773,61.71
2.64052344442731,18.757133016848773,61.71
2.673311401104801,18.757133016848773,61.71
2.7060993577822927,18.757133016848773,61.71
2.7388873144597845,18.757133016848773,61.71
2.7716752711372754,18.757133016848773,61.71
2.804463227814767,18.757133016848773,61.71
2.837251184492258,18.757133016848773,61.71
2.87003914116975,18.757133016848773,61.71
2.9028270978472417,18.757133016848773,61.71
2.9356150545247326,18.757133016848773,61.71
0.3453664770029097,22.95964516795622,72.15
0.37815443368040114,22.95964516795622,72.15
0.41094239035789254,22.95964516795622,72.15
0.44373034703538394,22.95964516795622,72.15
0.4765183037128754,22.95964516795622,72.15
0.5093062603903669,22.95964516795622,72.15
0.5420942170678582,22.95964516795622,72.15
0.5748821737453497,22.95964516795622,101.5513313894044
0.6076701304228411,22.95964516795622,93.74956641707665
0.6404580871003326,22.95964516795622,87.20435979169979
0.673246043777824,22.95964516795622,82.28123205668845
0.7060340004553154,22.95964516795622,78.42786433062527
0.7388219571328069,22.95964516795622,75.11927798884389
0.7716099138102983,22.95964516795622,71.94558115856265
0.8043978704877897,22.95964516795622,68.80642388583274
0.8371858271652811,22.95964516795622,65.7416276907453
0.8699737838427726,22.95964516795622,63.44026150840496
0.902761740520264,22.95964516795622,61.0535180746716
0.9355496971977555,22.95964516795622,59.526889642025594
0.9683376538752468,22.95964516795622,58.36315489369995
1.0011256105527382,22.95964516795622,57.514313569409076
1.0339135672302298,22.95964516795622,57.00719376429743
1.066701523907721,22.95964516795622,56.97289083558164
1.0994894805852127,22.95964516795622,57.053839049907516
1.132277437262704,22.95964516795622,56.968471489770955
1.1650653939401954,22.95964516795622,57.66323230584715
1.197853350617687,22.95964516795622,58.32992095412821
1.2306413072951783,22.95964516795622,59.07896870471913
1.2634292639726699,22.95964516795622,60.24536247384934
1.2962172206501612,22.95964516795622,61.47795706544698
1.3290051773276526,22.95964516795622,62.51591388167797
1.3617931340051441,22.95964516795622,63.52095116076167
1.3945810906826355,22.95964516795622,64.41107450768587
1.4273690473601268,22.95964516795622,65.37972870242676
1.4601570040376184,22.95964516795622,65.91892815643774
1.4929449607151097,22.95964516795622,66.31094410789031
1.5257329173926013,22.95964516795622,66.63839731257396
1.5585208740700927,22.95964516795622,66.97458728548177
1.591308830747584,22.95964516795622,70.91126286993762
1.6240967874250756,22.95964516795622,79.33997946380249
1.656884744102567,22.95964516795622,89.6741555771595
1.6896727007800583,22.95964516795622,100.22842995016767
1.7224606574575498,22.95964516795622,108.81245709055702
1.7552486141350412,22.95964516795622,114.94488203778486
1.7880365708125325,22.95964516795622,119.3737773211794
1.820824527490024,22.95964516795622,123.51575125205268
1.8536124841675155,22.95964516795622,61.71
1.886400440845007,22.95964516795622,61.71
1.9191883975224984,22.95964516795622,61.71
1.9519763541999897,22.95964516795622,61.71
1.9847643108774813,22.95964516795622,61.71
2.0175522675549726,22.95964516795622,61.71
2.050340224232464,22.95964516795622,61.71
2.0831281809099558,22.95964516795622,61.71
2.1159161375874467,22.95964516795622,61.71
2.1487040942649385,22.95964516795622,61.71
2.18149205094243,22.95964516795622,61.71
2.214280007619921,22.95964516795622,61.71
2.247067964297413,22.95964516795622,61.71
2.279855920974904,22.95964516795622,61.71
2.3126438776523957,22.95964516795622,61.71
2.3454318343298866,22.95964516795622,61.71
2.3782197910073783,22.95964516795622,61.71
2.41100774768487,22.95964516795622,61.71
2.443795704362361,22.95964516795622,61.71
2.476583661039853,22.95964516795622,61.71
2.5093716177173437,22.95964516795622,61.71
2.5421595743948355,22.95964516795622,61.71
2.5749475310723273,22.95964516795622,61.71
2.6077354877498182,22.95964516795622,61.71
2.64052344442731,22.95964516795622,61.71
2.673311401104801,22.95964516795622,61.71
2.7060993577822927,22.95964516795622,61.71
2.7388873144597845,22.95964516795622,61.71
2.7716752711372754,22.95964516795622,61.71
2.804463227814767,22.95964516795622,61.71
2.837251184492258,22.95964516795622,61.71
2.87003914116975,22.95964516795622,61.71
2.9028270978472417,22.95964516795622,61.71
2.9356150545247326,22.95964516795622,61.71
0.3453664770029097,27.162157319063667,112.18999999999998
0.37815443368040114,27.162157319063667,112.18999999999998
0.41094239035789254,27.162157319063667,112.18999999999998
0.44373034703538394,27.162157319063667,112.18999999999998
0.4765183037128754,27.162157319063667,98.45
0.5093062603903669,27.162157319063667,105.76358056955436
0.5420942170678582,27.162157319063667,98.29983075166386
0.5748821737453497,27.162157319063667,92.71879645246281
0.6076701304228411,27.162157319063667,88.2111328900765
0.6404580871003326,27.162157319063667,83.73114542261017
0.673246043777824,27.162157319063667,80.09382197106791
0.7060340004553154,27.162157319063667,76.67466262236397
0.7388219571328069,27.162157319063667,73.26027689799074
0.7716099138102983,27.162157319063667,70.47697013635569
0.8043978704877897,27.162157319063667,67.9560473955752
0.8371858271652811,27.162157319063667,65.03956217069208
0.8699737838427726,27.162157319063667,63.221658287275396
0.902761740520264,27.162157319063667,61.3401083383365
0.9355496971977555,27.162157319063667,60.0053640412273
0.9683376538752468,27.162157319063667,59.10188253639728
1.0011256105527382,27.162157319063667,58.17936689286861
1.0339135672302298,27.162157319063667,58.05000002105459
1.066701523907721,27.162157319063667,57.6477424344909
1.0994894805852127,27.162157319063667,58.014250329595306
1.132277437262704,27.162157319063667,57.88787499839074
1.1650653939401954,27.162157319063667,58.33113106728753
1.197853350617687,27.162157319063667,58.71397558470084
1.2306413072951783,27.162157319063667,59.05125622376501
1.2634292639726699,27.162157319063667,59.939536951265715
1.2962172206501612,27.162157319063667,60.888860800640266
1.3290051773276526,27.162157319063667,61.72744123467056
1.3617931340051441,27.162157319063667,62.55715749410657
1.3945810906826355,27.162157319063667,63.285591050520175
1.4273690473601268,27.162157319063667,64.10288126184966
1.4601570040376184,27.162157319063667,64.84106045510408
1.4929449607151097,27.162157319063667,65.29246326906349
1.5257329173926013,27.162157319063667,65.68855680229039
1.5585208740700927,27.162157319063667,66.53895812293834
1.591308830747584,27.162157319063667,68.16991598582307
1.6240967874250756,27.162157319063667,67.81528428818136
1.656884744102567,27.162157319063667,68.24730395596755
1.6896727007800583,27.162157319063667,71.34578700061867
1.7224606574575498,27.162157319063667,78.20490417299263
1.7552486141350412,27.162157319063667,87.34439500253984
1.7880365708125325,27.162157319063667,96.07905706891243
1.820824527490024,27.162157319063667,103.92753541156787
1.8536124841675155,27.162157319063667,110.40847506996334
1.886400440845007,27.162157319063667,115.37122682005871
1.9191883975224984,27.162157319063667,119.7382888855899
1.9519763541999897,27.162157319063667,72.27
1.9847643108774813,27.162157319063667,72.27
2.0175522675549726,27.162157319063667,72.27
2.050340224232464,27.162157319063667,72.27
2.0831281809099558,27.162157319063667,72.27
2.1159161375874467,27.162157319063667,72.27
2.1487040942649385,27.162157319063667,72.27
2.18149205094243,27.162157319063667,72.27
2.214280007619921,27.162157319063667,72.27
2.247067964297413,27.162157319063667,72.27
2.279855920974904,27.162157319063667,72.27
2.3126438776523957,27.162157319063667,72.27
2.3454318343298866,27.162157319063667,72.27
2.3782197910073783,27.162157319063667,72.27
2.41100774768487,27.162157319063667,72.27
2.443795704362361,27.162157319063667,72.27
2.476583661039853,27.162157319063667,72.27
2.5093716177173437,27.162157319063667,72.27
2.5421595743948355,27.162157319063667,72.27
2.5749475310723273,27.162157319063667,72.27
2.6077354877498182,27.162157319063667,72.27
2.64052344442731,27.162157319063667,72.27
2.673311401104801,27.162157319063667,72.27
2.7060993577822927,27.162157319063667,72.27
2.7388873144597845,27.162157319063667,72.27
2.7716752711372754,27.162157319063667,72.27
2.804463227814767,27.162157319063667,72.27
2.837251184492258,27.162157319063667,72.27
2.87003914116975,27.162157319063667,72.27
2.9028270978472417,27.162157319063667,72.27
2.9356150545247326,27.162157319063667,72.27
0.3453664770029097,31.364669470171116,112.18999999999998
0.37815443368040114,31.364669470171116,112.18999999999998
0.41094239035789254,31.364669470171116,112.18999999999998
0.44373034703538394,31.364669470171116,112.18999999999998
0.4765183037128754,31.364669470171116,105.38985479487036
0.5093062603903669,31.364669470171116,100.18683739956985
0.5420942170678582,31.364669470171116,95.0729561500409
0.5748821737453497,31.364669470171116,90.47758926092256
0.6076701304228411,31.364669470171116,86.29273807298654
0.6404580871003326,31.364669470171116,82.37162496076294
0.673246043777824,31.364669470171116,78.76143896142945
0.7060340004553154,31.364669470171116,75.2011298007527
0.7388219571328069,31.364669470171116,71.8842367408732
0.7716099138102983,31.364669470171116,69.3375040220807
0.8043978704877897,31.364669470171116,67.2246552953474
0.8371858271652811,31.364669470171116,64.77381460782321
0.8699737838427726,31.364669470171116,63.001219326441785
0.902761740520264,31.364669470171116,61.56247802751001
0.9355496971977555,31.364669470171116,60.4113950110594
0.9683376538752468,31.364669470171116,59.54977182298863
1.0011256105527382,31.364669470171116,59.02579381291996
1.0339135672302298,31.364669470171116,58.73583682804023
1.066701523907721,31.364669470171116,58.514509439402296
1.0994894805852127,31.364669470171116,58.58755176471656
1.132277437262704,31.364669470171116,58.596943452642776
1.1650653939401954,31.364669470171116,58.71874700397824
1.197853350617687,31.364669470171116,59.036605990439355
1.2306413072951783,31.364669470171116,59.22875837525733
1.2634292639726699,31.364669470171116,59.64784270053783
1.2962172206501612,31.364669470171116,60.427445786128864
1.3290051773276526,31.364669470171116,61.210359095610386
1.3617931340051441,31.364669470171116,61.91441840184266
1.3945810906826355,31.364669470171116,62.58820593252233
1.4273690473601268,31.364669470171116,63.22576936284074
1.4601570040376184,31.364669470171116,63.892304547732806
1.4929449607151097,31.364669470171116,64.54976694741741
1.5257329173926013,31.364669470171116,65.15239423573597
1.5585208740700927,31.364669470171116,65.60392078639171
1.591308830747584,31.364669470171116,66.04881098186762
1.6240967874250756,31.364669470171116,66.58390411983416
1.656884744102567,31.364669470171116,67.1951906501564
1.6896727007800583,31.364669470171116,68.1259204382454
1.7224606574575498,31.364669470171116,69.34279093645665
1.7552486141350412,31.364669470171116,70.32107587487263
1.7880365708125325,31.364669470171116,72.08094262414947
1.820824527490024,31.364669470171116,76.81881362280492
1.8536124841675155,31.364669470171116,82.71727432773012
1.886400440845007,31.364669470171116,89.29496977838241
1.9191883975224984,31.364669470171116,96.07054501421905
1.9519763541999897,31.364669470171116,102.5626450746974
1.9847643108774813,31.364669470171116,108.31610895053336
2.0175522675549726,31.364669470171116,113.2987875641543
2.050340224232464,31.364669470171116,117.45217524105043
2.0831281809099558,31.364669470171116,72.27
2.1159161375874467,31.364669470171116,72.27
2.1487040942649385,31.364669470171116,72.27
2.18149205094243,31.364669470171116,72.27
2.214280007619921,31.364669470171116,72.27
2.247067964297413,31.364669470171116,72.27
2.279855920974904,31.364669470171116,72.27
2.3126438776523957,31.364669470171116,72.27
2.3454318343298866,31.364669470171116,72.27
2.3782197910073783,31.364669470171116,72.27
2.41100774768487,31.364669470171116,72.27
2.443795704362361,31.364669470171116,72.27
2.476583661039853,31.364669470171116,72.27
2.5093716177173437,31.364669470171116,72.27
2.5421595743948355,31.364669470171116,72.27
2.5749475310723273,31.364669470171116,72.27
2.6077354877498182,31.364669470171116,72.27
2.64052344442731,31.364669470171116,72.27
2.673311401104801,31.364669470171116,72.27
2.7060993577822927,31.364669470171116,72.27
2.7388873144597845,31.364669470171116,72.27
2.7716752711372754,31.364669470171116,72.27
2.804463227814767,31.364669470171116,72.27
2.837251184492258,31.364669470171116,72.27
2.87003914116975,31.364669470171116,72.27
2.9028270978472417,31.364669470171116,72.27
2.9356150545247326,31.364669470171116,72.27
0.3453664770029097,35.567181621278564,112.18999999999998
0.37815443368040114,35.567181621278564,112.18999999999998
0.41094239035789254,35.567181621278564,112.18999999999998
0.44373034703538394,35.567181621278564,109.818530189914
0.4765183037128754,35.567181621278564,104.46228858468064
0.5093062603903669,35.567181621278564,99.33750287682487
0.5420942170678582,35.567181621278564,94.60581656625455
0.5748821737453497,35.567181621278564,90.03968780062355
0.6076701304228411,35.567181621278564,86.00734090497524
0.6404580871003326,35.567181621278564,82.00879613923824
0.673246043777824,35.567181621278564,78.42754587797499
0.7060340004553154,35.567181621278564,74.93770404867313
0.7388219571328069,35.567181621278564,71.67300304450389
0.7716099138102983,35.567181621278564,69.15105861583504
0.8043978704877897,35.567181621278564,67.10588999977455
0.8371858271652811,35.567181621278564,64.78934501672595
0.8699737838427726,35.567181621278564,62.96419507534228
0.902761740520264,35.567181621278564,61.60171762026776
0.9355496971977555,35.567181621278564,60.50029405174667
0.9683376538752468,35.567181621278564,59.64505852604791
1.0011256105527382,35.567181621278564,59.17952823002665
1.0339135672302298,35.567181621278564,58.85026865611422
1.066701523907721,35.567181621278564,58.67662250916791
1.0994894805852127,35.567181621278564,58.68308904260627
1.132277437262704,35.567181621278564,58.71798245645542
1.1650653939401954,35.567181621278564,58.802297976227386
1.197853350617687,35.567181621278564,59.101158879257255
1.2306413072951783,35.567181621278564,59.29770924670796
1.2634292639726699,35.567181621278564,59.6111421694616
1.2962172206501612,35.567181621278564,60.382855670954214
1.3290051773276526,35.567181621278564,61.14137086418534
1.3617931340051441,35.567181621278564,61.84274742825898
1.3945810906826355,35.567181621278564,62.467105632466904
1.4273690473601268,35.567181621278564,63.10226121733026
1.4601570040376184,35.567181621278564,63.728230176959904
1.4929449607151097,35.567181621278564,64.34855609687693
1.5257329173926013,35.567181621278564,64.9566792819539
1.5585208740700927,35.567181621278564,65.52757565631364
1.591308830747584,35.567181621278564,65.95909320724449
1.6240967874250756,35.567181621278564,66.44562823615945
1.656884744102567,35.567181621278564,67.04124339123948
1.6896727007800583,35.567181621278564,67.82478639128533
1.7224606574575498,35.567181621278564,68.79098338215431
1.7552486141350412,35.567181621278564,69.84886201996427
1.7880365708125325,35.567181621278564,71.09038552973745
1.820824527490024,35.567181621278564,72.40068904636132
1.8536124841675155,35.567181621278564,73.59611004015704
1.886400440845007,35.567181621278564,74.63512597608837
1.9191883975224984,35.567181621278564,75.98782768954877
1.9519763541999897,35.567181621278564,77.93739094888831
1.9847643108774813,35.567181621278564,81.65025582311607
2.0175522675549726,35.567181621278564,86.64506735167787
2.050340224232464,35.567181621278564,92.44047057401966
2.0831281809099558,35.567181621278564,98.55511052958737
2.1159161375874467,35.567181621278564,104.45529768139477
2.1487040942649385,35.567181621278564,109.40983022703514
2.18149205094243,35.567181621278564,113.18777192693554
2.214280007619921,35.567181621278564,72.27
2.247067964297413,35.567181621278564,72.27
2.279855920974904,35.567181621278564,72.27
2.3126438776523957,35.567181621278564,72.27
2.3454318343298866,35.567181621278564,72.27
2.3782197910073783,35.567181621278564,72.27
2.41100774768487,35.567181621278564,72.27
2.443795704362361,35.567181621278564,72.27
2.476583661039853,35.567181621278564,72.27
2.5093716177173437,35.567181621278564,72.27
2.5421595743948355,35.567181621278564,72.27
2.5749475310723273,35.567181621278564,72.27
2.6077354877498182,35.567181621278564,72.27
2.64052344442731,35.567181621278564,72.27
2.673311401104801,35.567181621278564,72.27
2.7060993577822927,35.567181621278564,72.27
2.7388873144597845,35.567181621278564,72.27
2.7716752711372754,35.567181621278564,72.27
2.804463227814767,35.567181621278564,72.27
2.837251184492258,35.567181621278564,72.27
2.87003914116975,35.567181621278564,72.27
2.9028270978472417,35.567181621278564,72.27
2.9356150545247326,35.567181621278564,72.27
0.3453664770029097,39.76969377238601,112.18999999999998
0.37815443368040114,39.76969377238601,112.18999999999998
0.41094239035789254,39.76969377238601,112.18999999999998
0.44373034703538394,39.76969377238601,107.31656121636578
0.4765183037128754,39.76969377238601,102.46129809825584
0.5093062603903669,39.76969377238601,97.54582056755994
0.5420942170678582,39.76969377238601,93.38025990697514
0.5748821737453497,39.76969377238601,88.47092985691484
0.6076701304228411,39.76969377238601,85.11006507976194
0.6404580871003326,39.76969377238601,80.87157280121427
0.673246043777824,39.76969377238601,77.55519485051214
0.7060340004553154,39.76969377238601,74.38489020405446
0.7388219571328069,39.76969377238601,71.25850434700749
0.7716099138102983,39.76969377238601,68.84638572642588
0.8043978704877897,39.76969377238601,66.95899691054257
0.8371858271652811,39.76969377238601,64.69653707338169
0.8699737838427726,39.76969377238601,62.96721840647866
0.902761740520264,39.76969377238601,61.684252995708086
0.9355496971977555,39.76969377238601,60.6627484990605
0.9683376538752468,39.76969377238601,59.766401674435365
1.0011256105527382,39.76969377238601,59.391137238009726
1.0339135672302298,39.76969377238601,59.0649486227529
1.066701523907721,39.76969377238601,58.92479692240636
1.0994894805852127,39.76969377238601,58.828490094192944
1.132277437262704,39.76969377238601,58.954301003118275
1.1650653939401954,39.76969377238601,59.00863347984536
1.197853350617687,39.76969377238601,59.304936170216344
1.2306413072951783,39.76969377238601,59.5088618436429
1.2634292639726699,39.76969377238601,59.69949870887952
1.2962172206501612,39.76969377238601,60.426281943067714
1.3290051773276526,39.76969377238601,61.08831018929199
1.3617931340051441,39.76969377238601,61.772941770067305
1.3945810906826355,39.76969377238601,62.349912780216606
1.4273690473601268,39.76969377238601,62.82717085739952
1.4601570040376184,39.76969377238601,63.46612882013538
1.4929449607151097,39.76969377238601,64.02026647736339
1.5257329173926013,39.76969377238601,64.61623752656523
1.5585208740700927,39.76969377238601,65.25878889368298
1.591308830747584,39.76969377238601,65.55478884661089
1.6240967874250756,39.76969377238601,66.03038929665512
1.656884744102567,39.76969377238601,66.79150882362165
1.6896727007800583,39.76969377238601,67.31548831147967
1.7224606574575498,39.76969377238601,68.33621469260042
1.7552486141350412,39.76969377238601,69.11177575649806
1.7880365708125325,39.76969377238601,70.22470894875516
1.820824527490024,39.76969377238601,71.78233449077395
1.8536124841675155,39.76969377238601,72.6305313516618
1.886400440845007,39.76969377238601,73.47243371875517
1.9191883975224984,39.76969377238601,74.72433892814075
1.9519763541999897,39.76969377238601,75.42510292882864
1.9847643108774813,39.76969377238601,76.04502647607447
2.0175522675549726,39.76969377238601,77.35269435065264
2.050340224232464,39.76969377238601,78.24554090122669
2.0831281809099558,39.76969377238601,80.39887492789416
2.1159161375874467,39.76969377238601,81.19622830685904
2.1487040942649385,39.76969377238601,84.18697958851428
2.18149205094243,39.76969377238601,88.58103650088648
2.214280007619921,39.76969377238601,93.89704408342153
2.247067964297413,39.76969377238601,99.61207545877684
2.279855920974904,39.76969377238601,104.37669034807573
2.3126438776523957,39.76969377238601,107.61741448261964
2.3454318343298866,39.76969377238601,72.27
2.3782197910073783,39.76969377238601,72.27
2.41100774768487,39.76969377238601,72.27
2.443795704362361,39.76969377238601,72.27
2.476583661039853,39.76969377238601,72.27
2.5093716177173437,39.76969377238601,72.27
2.5421595743948355,39.76969377238601,72.27
2.5749475310723273,39.76969377238601,72.27
2.6077354877498182,39.76969377238601,72.27
2.64052344442731,39.76969377238601,72.27
2.673311401104801,39.76969377238601,72.27
2.7060993577822927,39.76969377238601,72.27
2.7388873144597845,39.76969377238601,72.27
2.7716752711372754,39.76969377238601,72.27
2.804463227814767,39.76969377238601,72.27
2.837251184492258,39.76969377238601,72.27
2.87003914116975,39.76969377238601,72.27
2.9028270978472417,39.76969377238601,72.27
2.9356150545247326,39.76969377238601,72.27
0.3453664770029097,43.97220592349346,112.18999999999998
0.37815443368040114,43.97220592349346,112.18999999999998
0.41094239035789254,43.97220592349346,112.18999999999998
0.44373034703538394,43.97220592349346,101.46403493884839
0.4765183037128754,43.97220592349346,100.0131647368951
0.5093062603903669,43.97220592349346,95.11447956049125
0.5420942170678582,43.97220592349346,92.08131099760412
0.5748821737453497,43.97220592349346,86.46352891541584
0.6076701304228411,43.97220592349346,83.54965449954209
0.6404580871003326,43.97220592349346,79.38161305870071
0.673246043777824,43.97220592349346,76.42005448760347
0.7060340004553154,43.97220592349346,73.8695245098697
0.7388219571328069,43.97220592349346,70.61741941877625
0.7716099138102983,43.97220592349346,68.38082707516678
0.8043978704877897,43.97220592349346,66.72621428733763
0.8371858271652811,43.97220592349346,64.58889200138056
0.8699737838427726,43.97220592349346,62.96848485614996
0.902761740520264,43.97220592349346,61.814063804630685
0.9355496971977555,43.97220592349346,60.826989668865096
0.9683376538752468,43.97220592349346,59.97114652549879
1.0011256105527382,43.97220592349346,59.71286706796782
1.0339135672302298,43.97220592349346,59.3981142810082
1.066701523907721,43.97220592349346,59.224956117392836
1.0994894805852127,43.97220592349346,59.07641344874956
1.132277437262704,43.97220592349346,59.298923572488825
1.1650653939401954,43.97220592349346,59.32151136683875
1.197853350617687,43.97220592349346,59.581277359775946
1.2306413072951783,43.97220592349346,59.7583217633382
1.2634292639726699,43.97220592349346,59.830593389953115
1.2962172206501612,43.97220592349346,60.49879245017154
1.3290051773276526,43.97220592349346,61.02774306901423
1.3617931340051441,43.97220592349346,61.68771175107945
1.3945810906826355,43.97220592349346,62.16405239153662
1.4273690473601268,43.97220592349346,62.502837396819146
1.4601570040376184,43.97220592349346,63.112850017305206
1.4929449607151097,43.97220592349346,63.66106318344819
1.5257329173926013,43.97220592349346,64.22005987900756
1.5585208740700927,43.97220592349346,64.84296779827221
1.591308830747584,43.97220592349346,65.14289325635467
1.6240967874250756,43.97220592349346,65.48256826096595
1.656884744102567,43.97220592349346,66.38930382241145
1.6896727007800583,43.97220592349346,66.66811797074472
1.7224606574575498,43.97220592349346,67.67225546321663
1.7552486141350412,43.97220592349346,68.58013598166175
1.7880365708125325,43.97220592349346,69.06966205693405
1.820824527490024,43.97220592349346,70.77222376199234
1.8536124841675155,43.97220592349346,71.28249502879105
1.886400440845007,43.97220592349346,72.15488198282915
1.9191883975224984,43.97220592349346,72.62458932614445
1.9519763541999897,43.97220592349346,73.63035345918144
1.9847643108774813,43.97220592349346,74.89153579514618
2.0175522675549726,43.97220592349346,74.47600310473155
2.050340224232464,43.97220592349346,76.90649175549203
2.0831281809099558,43.97220592349346,75.98735003914649
2.1159161375874467,43.97220592349346,76.62692248203433
2.1487040942649385,43.97220592349346,78.54776959772143
2.18149205094243,43.97220592349346,79.38358301215041
2.214280007619921,43.97220592349346,80.17911586292563
2.247067964297413,43.97220592349346,83.23795462798975
2.279855920974904,43.97220592349346,83.05743961759627
2.3126438776523957,43.97220592349346,85.49397616890295
2.3454318343298866,43.97220592349346,89.45517732730936
2.3782197910073783,43.97220592349346,94.45877782205356
2.41100774768487,43.97220592349346,98.87170346665054
2.443795704362361,43.97220592349346,72.27
2.476583661039853,43.97220592349346,72.27
2.5093716177173437,43.97220592349346,72.27
2.5421595743948355,43.97220592349346,72.27
2.5749475310723273,43.97220592349346,72.27
2.6077354877498182,43.97220592349346,72.27
2.64052344442731,43.97220592349346,72.27
2.673311401104801,43.97220592349346,72.27
2.7060993577822927,43.97220592349346,72.27
2.7388873144597845,43.97220592349346,72.27
2.7716752711372754,43.97220592349346,72.27
2.804463227814767,43.97220592349346,72.27
2.837251184492258,43.97220592349346,72.27
2.87003914116975,43.97220592349346,72.27
2.9028270978472417,43.97220592349346,72.27
2.9356150545247326,43.97220592349346,72.27
0.3453664770029097,48.17471807460091,97.16
0.37815443368040114,48.17471807460091,97.16
0.41094239035789254,48.17471807460091,97.16
0.44373034703538394,48.17471807460091,96.88887181104027
0.4765183037128754,48.17471807460091,98.12526186449287
0.5093062603903669,48.17471807460091,92.51045115362622
0.5420942170678582,48.17471807460091,89.93568237621389
0.5748821737453497,48.17471807460091,84.69059020246125
0.6076701304228411,48.17471807460091,81.68626892358625
0.6404580871003326,48.17471807460091,77.84788487242815
0.673246043777824,48.17471807460091,75.46173122541511
0.7060340004553154,48.17471807460091,73.11236747692848
0.7388219571328069,48.17471807460091,69.88271878298247
0.7716099138102983,48.17471807460091,67.85201646144822
0.8043978704877897,48.17471807460091,66.39510562684599
0.8371858271652811,48.17471807460091,64.45577159859944
0.8699737838427726,48.17471807460091,62.969097129239536
0.902761740520264,48.17471807460091,61.96368884746396
0.9355496971977555,48.17471807460091,61.00913263754706
0.9683376538752468,48.17471807460091,60.24077338506079
1.0011256105527382,48.17471807460091,60.038159080575596
1.0339135672302298,48.17471807460091,59.78038426627703
1.066701523907721,48.17471807460091,59.50435099739138
1.0994894805852127,48.17471807460091,59.39908411815399
1.132277437262704,48.17471807460091,59.605786156062884
1.1650653939401954,48.17471807460091,59.676420038392735
1.197853350617687,48.17471807460091,59.85107028820665
1.2306413072951783,48.17471807460091,59.928013025777325
1.2634292639726699,48.17471807460091,60.05091203046315
1.2962172206501612,48.17471807460091,60.58415788070198
1.3290051773276526,48.17471807460091,60.97923028107901
1.3617931340051441,48.17471807460091,61.581929590024274
1.3945810906826355,48.17471807460091,61.952159463944994
1.4273690473601268,48.17471807460091,62.27731966103922
1.4601570040376184,48.17471807460091,62.737774205144824
1.4929449607151097,48.17471807460091,63.34653035997002
1.5257329173926013,48.17471807460091,63.860903575067354
1.5585208740700927,48.17471807460091,64.3662702013758
1.591308830747584,48.17471807460091,64.78924295989958
1.6240967874250756,48.17471807460091,64.92687450900749
1.656884744102567,48.17471807460091,65.84140556646256
1.6896727007800583,48.17471807460091,66.180387485094
1.7224606574575498,48.17471807460091,66.93502651629223
1.7552486141350412,48.17471807460091,67.9092542444221
1.7880365708125325,48.17471807460091,67.97950877880174
1.820824527490024,48.17471807460091,69.53505465503365
1.8536124841675155,48.17471807460091,69.88413746960592
1.886400440845007,48.17471807460091,70.43998584800002
1.9191883975224984,48.17471807460091,71.22297920333584
1.9519763541999897,48.17471807460091,71.39982550717596
1.9847643108774813,48.17471807460091,72.30043080566071
2.0175522675549726,48.17471807460091,73.3666993893273
2.050340224232464,48.17471807460091,74.44758147611998
2.0831281809099558,48.17471807460091,73.51913962154454
2.1159161375874467,48.17471807460091,74.87059903452226
2.1487040942649385,48.17471807460091,76.8967852320958
2.18149205094243,48.17471807460091,75.32238602828758
2.214280007619921,48.17471807460091,75.81174174290435
2.247067964297413,48.17471807460091,76.78810241286023
2.279855920974904,48.17471807460091,78.84714442818806
2.3126438776523957,48.17471807460091,79.52730107105106
2.3454318343298866,48.17471807460091,79.5806058159659
2.3782197910073783,48.17471807460091,81.3391202729045
2.41100774768487,48.17471807460091,84.69560826911001
2.443795704362361,48.17471807460091,83.9776432991146
2.476583661039853,48.17471807460091,86.02786398229655
2.5093716177173437,48.17471807460091,89.7241082489612
2.5421595743948355,48.17471807460091,93.56720512213388
2.5749475310723273,48.17471807460091,78.85
2.6077354877498182,48.17471807460091,78.85
2.64052344442731,48.17471807460091,81.21
2.673311401104801,48.17471807460091,81.21
2.7060993577822927,48.17471807460091,81.21
2.7388873144597845,48.17471807460091,82.53
2.7716752711372754,48.17471807460091,82.53
2.804463227814767,48.17471807460091,83.63
2.837251184492258,48.17471807460091,84.64
2.87003914116975,48.17471807460091,84.64
2.9028270978472417,48.17471807460091,85.61
2.9356150545247326,48.17471807460091,85.61
0.3453664770029097,52.37723022570835,97.16
0.37815443368040114,52.37723022570835,97.16
0.41094239035789254,52.37723022570835,97.16
0.44373034703538394,52.37723022570835,94.33056185477858
0.4765183037128754,52.37723022570835,94.58433655518976
0.5093062603903669,52.37723022570835,90.19992529700247
0.5420942170678582,52.37723022570835,87.4655353746893
0.5748821737453497,52.37723022570835,83.41918108353724
0.6076701304228411,52.37723022570835,79.86559487753019
0.6404580871003326,52.37723022570835,76.54457364196055
0.673246043777824,52.37723022570835,74.67922035867505
0.7060340004553154,52.37723022570835,72.12228410208164
0.7388219571328069,52.37723022570835,69.2309099075182
0.7716099138102983,52.37723022570835,67.39344732759655
0.8043978704877897,52.37723022570835,65.99819248479933
0.8371858271652811,52.37723022570835,64.30801851949383
0.8699737838427726,52.37723022570835,62.97895805397473
0.902761740520264,52.37723022570835,62.10402912797658
0.9355496971977555,52.37723022570835,61.21608513375401
0.9683376538752468,52.37723022570835,60.55149533234934
1.0011256105527382,52.37723022570835,60.28186401808099
1.0339135672302298,52.37723022570835,60.14237805771589
1.066701523907721,52.37723022570835,59.83287566441996
1.0994894805852127,52.37723022570835,59.76870773054869
1.132277437262704,52.37723022570835,59.87087338445377
1.1650653939401954,52.37723022570835,60.00884789569246
1.197853350617687,52.37723022570835,60.064075351431676
1.2306413072951783,52.37723022570835,60.13061588719706
1.2634292639726699,52.37723022570835,60.30190770175485
1.2962172206501612,52.37723022570835,60.66614892309528
1.3290051773276526,52.37723022570835,60.94857971483911
1.3617931340051441,52.37723022570835,61.428665982625894
1.3945810906826355,52.37723022570835,61.75022717320714
1.4273690473601268,52.37723022570835,62.07401014998292
1.4601570040376184,52.37723022570835,62.410281820329615
1.4929449607151097,52.37723022570835,63.061677958494315
1.5257329173926013,52.37723022570835,63.56443800009955
1.5585208740700927,52.37723022570835,63.914711653486236
1.591308830747584,52.37723022570835,64.3088395955241
1.6240967874250756,52.37723022570835,64.46804910557668
1.656884744102567,52.37723022570835,65.25788842489433
1.6896727007800583,52.37723022570835,65.81426791578015
1.7224606574575498,52.37723022570835,66.26044867411646
1.7552486141350412,52.37723022570835,67.11472755216698
1.7880365708125325,52.37723022570835,67.241788595421
1.820824527490024,52.37723022570835,68.29722609707608
1.8536124841675155,52.37723022570835,68.66130799452766
1.886400440845007,52.37723022570835,69.05673009946626
1.9191883975224984,52.37723022570835,69.72304109743895
1.9519763541999897,52.37723022570835,70.18974218174944
1.9847643108774813,52.37723022570835,70.24605008077425
2.0175522675549726,52.37723022570835,71.01962180015008
2.050340224232464,52.37723022570835,71.94643830450795
2.0831281809099558,52.37723022570835,72.95734531893537
2.1159161375874467,52.37723022570835,73.74235680600916
2.1487040942649385,52.37723022570835,72.92079697307602
2.18149205094243,52.37723022570835,73.21065725721051
2.214280007619921,52.37723022570835,75.16986237436103
2.247067964297413,52.37723022570835,76.16166335470828
2.279855920974904,52.37723022570835,74.71963044637069
2.3126438776523957,52.37723022570835,75.12421473093318
2.3454318343298866,52.37723022570835,75.63635528591274
2.3782197910073783,52.37723022570835,77.20901803870203
2.41100774768487,52.37723022570835,78.92826597416446
2.443795704362361,52.37723022570835,79.52701110965883
2.476583661039853,52.37723022570835,80.06115897101435
2.5093716177173437,52.37723022570835,80.12018306524831
2.5421595743948355,52.37723022570835,82.15806717189515
2.5749475310723273,52.37723022570835,85.04297669316549
2.6077354877498182,52.37723022570835,84.41345776942865
2.64052344442731,52.37723022570835,86.24526144670976
2.673311401104801,52.37723022570835,89.13553085390038
2.7060993577822927,52.37723022570835,81.21
2.7388873144597845,52.37723022570835,82.53
2.7716752711372754,52.37723022570835,82.53
2.804463227814767,52.37723022570835,83.63
2.837251184492258,52.37723022570835,84.64
2.87003914116975,52.37723022570835,84.64
2.9028270978472417,52.37723022570835,85.61
2.9356150545247326,52.37723022570835,85.61
0.3453664770029097,56.5797423768158,97.16
0.37815443368040114,56.5797423768158,97.16
0.41094239035789254,56.5797423768158,97.16
0.44373034703538394,56.5797423768158,94.39892583818867
0.4765183037128754,56.5797423768158,91.99595484889659
0.5093062603903669,56.5797423768158,88.64777928551858
0.5420942170678582,56.5797423768158,85.25670163904142
0.5748821737453497,56.5797423768158,81.79137255927196
0.6076701304228411,56.5797423768158,78.43331888700962
0.6404580871003326,56.5797423768158,75.75156090470804
0.673246043777824,56.5797423768158,73.55919157965076
0.7060340004553154,56.5797423768158,71.21084331506079
0.7388219571328069,56.5797423768158,68.86080563957461
0.7716099138102983,56.5797423768158,67.09423946666533
0.8043978704877897,56.5797423768158,65.59397718758927
0.8371858271652811,56.5797423768158,64.16662254354056
0.8699737838427726,56.5797423768158,63.004478606280585
0.902761740520264,56.5797423768158,62.184646885178765
0.9355496971977555,56.5797423768158,61.42399134320563
0.9683376538752468,56.5797423768158,60.8504876994212
1.0011256105527382,56.5797423768158,60.52497072727845
1.0339135672302298,56.5797423768158,60.41183966647218
1.066701523907721,56.5797423768158,60.17803459644634
1.0994894805852127,56.5797423768158,60.118672404708455
1.132277437262704,56.5797423768158,60.15557696429223
1.1650653939401954,56.5797423768158,60.25428333992312
1.197853350617687,56.5797423768158,60.21948613988821
1.2306413072951783,56.5797423768158,60.36066253584873
1.2634292639726699,56.5797423768158,60.52615198618638
1.2962172206501612,56.5797423768158,60.7285362657877
1.3290051773276526,56.5797423768158,60.94261112327776
1.3617931340051441,56.5797423768158,61.29345383883413
1.3945810906826355,56.5797423768158,61.59233713340852
1.4273690473601268,56.5797423768158,61.867185731974445
1.4601570040376184,56.5797423768158,62.19950011412502
1.4929449607151097,56.5797423768158,62.753900893766904
1.5257329173926013,56.5797423768158,63.243443443958846
1.5585208740700927,56.5797423768158,63.574307705096054
1.591308830747584,56.5797423768158,63.89133305160582
1.6240967874250756,56.5797423768158,64.20671693218296
1.656884744102567,56.5797423768158,64.74537323599756
1.6896727007800583,56.5797423768158,65.32976065206313
1.7224606574575498,56.5797423768158,65.78444275897864
1.7552486141350412,56.5797423768158,66.39648491941156
1.7880365708125325,56.5797423768158,66.75972003547781
1.820824527490024,56.5797423768158,67.2851370152978
1.8536124841675155,56.5797423768158,67.6795042881076
1.886400440845007,56.5797423768158,68.09654156506832
1.9191883975224984,56.5797423768158,68.45541530682675
1.9519763541999897,56.5797423768158,69.20973928508282
1.9847643108774813,56.5797423768158,69.4313726651747
2.0175522675549726,56.5797423768158,69.53962935043126
2.050340224232464,56.5797423768158,70.15481815776414
2.0831281809099558,56.5797423768158,71.07246914729545
2.1159161375874467,56.5797423768158,71.94431709719643
2.1487040942649385,56.5797423768158,72.65522460775667
2.18149205094243,56.5797423768158,73.12574261976044
2.214280007619921,56.5797423768158,72.68306664520958
2.247067964297413,56.5797423768158,72.59986672072259
2.279855920974904,56.5797423768158,74.02899487660828
2.3126438776523957,56.5797423768158,75.44523171496094
2.3454318343298866,56.5797423768158,75.364618717253
2.3782197910073783,56.5797423768158,74.77571203061125
2.41100774768487,56.5797423768158,75.10759406225533
2.443795704362361,56.5797423768158,75.77069492688454
2.476583661039853,56.5797423768158,76.66786570273179
2.5093716177173437,56.5797423768158,78.19602599874864
2.5421595743948355,56.5797423768158,79.4686131036589
2.5749475310723273,56.5797423768158,80.01615374727452
2.6077354877498182,56.5797423768158,80.48004117545575
2.64052344442731,56.5797423768158,80.65600837594896
2.673311401104801,56.5797423768158,81.8583157918992
2.7060993577822927,56.5797423768158,83.25317602581201
2.7388873144597845,56.5797423768158,84.69823571394744
2.7716752711372754,56.5797423768158,84.82150144655287
2.804463227814767,56.5797423768158,86.24901620132444
2.837251184492258,56.5797423768158,84.64
2.87003914116975,56.5797423768158,84.64
2.9028270978472417,56.5797423768158,85.61
2.9356150545247326,56.5797423768158,85.61
0.3453664770029097,60.78225452792325,97.16
0.37815443368040114,60.78225452792325,97.16
0.41094239035789254,60.78225452792325,97.16
0.44373034703538394,60.78225452792325,95.71398668377377
0.4765183037128754,60.78225452792325,91.8018085182502
0.5093062603903669,60.78225452792325,87.96537767903907
0.5420942170678582,60.78225452792325,84.26127433519521
0.5748821737453497,60.78225452792325,80.81160415637865
0.6076701304228411,60.78225452792325,77.76938404215899
0.6404580871003326,60.78225452792325,75.20111020259212
0.673246043777824,60.78225452792325,72.97018217566165
0.7060340004553154,60.78225452792325,70.7905252691557
0.7388219571328069,60.78225452792325,68.63075703013611
0.7716099138102983,60.78225452792325,66.87140079148996
0.8043978704877897,60.78225452792325,65.39919000887785
0.8371858271652811,60.78225452792325,64.0991415506672
0.8699737838427726,60.78225452792325,63.02915541707735
0.902761740520264,60.78225452792325,62.21542961153755
0.9355496971977555,60.78225452792325,61.52445073331275
0.9683376538752468,60.78225452792325,60.9929603827747
1.0011256105527382,60.78225452792325,60.6839951908836
1.0339135672302298,60.78225452792325,60.510405097089475
1.066701523907721,60.78225452792325,60.35480403069759
1.0994894805852127,60.78225452792325,60.286347096754305
1.132277437262704,60.78225452792325,60.32220904735619
1.1650653939401954,60.78225452792325,60.349695812781896
1.197853350617687,60.78225452792325,60.357989540585734
1.2306413072951783,60.78225452792325,60.46960308397881
1.2634292639726699,60.78225452792325,60.62955346780536
1.2962172206501612,60.78225452792325,60.75503272998027
1.3290051773276526,60.78225452792325,60.956295799932406
1.3617931340051441,60.78225452792325,61.24058926149082
1.3945810906826355,60.78225452792325,61.52912765810442
1.4273690473601268,60.78225452792325,61.79550157963166
1.4601570040376184,60.78225452792325,62.13136305830202
1.4929449607151097,60.78225452792325,62.606156686032065
1.5257329173926013,60.78225452792325,63.078087361859495
1.5585208740700927,60.78225452792325,63.4316284761472
1.591308830747584,60.78225452792325,63.71726332513398
1.6240967874250756,60.78225452792325,64.03544512723441
1.656884744102567,60.78225452792325,64.48951027253665
1.6896727007800583,60.78225452792325,65.06271643787706
1.7224606574575498,60.78225452792325,65.62371456916706
1.7552486141350412,60.78225452792325,66.06544549670286
1.7880365708125325,60.78225452792325,66.42118852469287
1.820824527490024,60.78225452792325,66.78053643653479
1.8536124841675155,60.78225452792325,67.2200879028329
1.886400440845007,60.78225452792325,67.68094157926993
1.9191883975224984,60.78225452792325,68.07949941541058
1.9519763541999897,60.78225452792325,68.60309692687635
1.9847643108774813,60.78225452792325,69.17920394407587
2.0175522675549726,60.78225452792325,69.39058256822426
2.050340224232464,60.78225452792325,69.59035717810696
2.0831281809099558,60.78225452792325,70.12545867265071
2.1159161375874467,60.78225452792325,71.04255476920068
2.1487040942649385,60.78225452792325,71.97604963297562
2.18149205094243,60.78225452792325,72.57420995120003
2.214280007619921,60.78225452792325,72.83970946366782
2.247067964297413,60.78225452792325,72.96440450822027
2.279855920974904,60.78225452792325,73.12145684363348
2.3126438776523957,60.78225452792325,73.5594110559308
2.3454318343298866,60.78225452792325,74.47714988526859
2.3782197910073783,60.78225452792325,75.34008505123613
2.41100774768487,60.78225452792325,75.30595931351776
2.443795704362361,60.78225452792325,75.37118989052112
2.476583661039853,60.78225452792325,75.81049521408856
2.5093716177173437,60.78225452792325,76.539832744614
2.5421595743948355,60.78225452792325,77.42423353595545
2.5749475310723273,60.78225452792325,78.38409333464766
2.6077354877498182,60.78225452792325,79.40526195093301
2.64052344442731,60.78225452792325,80.37090199763686
2.673311401104801,60.78225452792325,81.14724230731403
2.7060993577822927,60.78225452792325,81.66241127529265
2.7388873144597845,60.78225452792325,82.11376788323996
2.7716752711372754,60.78225452792325,82.73116439402708
2.804463227814767,60.78225452792325,83.59167686497113
2.837251184492258,60.78225452792325,84.40352901842905
2.87003914116975,60.78225452792325,84.96978747917527
2.9028270978472417,60.78225452792325,85.33819274799585
2.9356150545247326,60.78225452792325,85.61
0.3453664770029097,64.9847666790307,97.16
0.37815443368040114,64.9847666790307,97.16
0.41094239035789254,64.9847666790307,97.16
0.44373034703538394,64.9847666790307,95.5803572163946
0.4765183037128754,64.9847666790307,91.53147284153815
0.5093062603903669,64.9847666790307,87.78596368531569
0.5420942170678582,64.9847666790307,84.17051020145729
0.5748821737453497,64.9847666790307,80.75688760283656
0.6076701304228411,64.9847666790307,77.65074434568359
0.6404580871003326,64.9847666790307,75.0663185738127
0.673246043777824,64.9847666790307,72.88037314849328
0.7060340004553154,64.9847666790307,70.65692731564735
0.7388219571328069,64.9847666790307,68.5779019513236
0.7716099138102983,64.9847666790307,66.79942655869445
0.8043978704877897,64.9847666790307,65.34660977218806
0.8371858271652811,64.9847666790307,64.09465910585008
0.8699737838427726,64.9847666790307,63.03344319571239
0.902761740520264,64.9847666790307,62.22423760894492
0.9355496971977555,64.9847666790307,61.54523119526807
0.9683376538752468,64.9847666790307,61.033850907838996
1.0011256105527382,64.9847666790307,60.70742358298127
1.0339135672302298,64.9847666790307,60.52937760965932
1.066701523907721,64.9847666790307,60.377772002481144
1.0994894805852127,64.9847666790307,60.32271224911529
1.132277437262704,64.9847666790307,60.34539626291428
1.1650653939401954,64.9847666790307,60.364681672956664
1.197853350617687,64.9847666790307,60.38390257417881
1.2306413072951783,64.9847666790307,60.48522918205056
1.2634292639726699,64.9847666790307,60.62912057969557
1.2962172206501612,64.9847666790307,60.756620929816044
1.3290051773276526,64.9847666790307,60.95732572746958
1.3617931340051441,64.9847666790307,61.22856316488578
1.3945810906826355,64.9847666790307,61.510784784512374
1.4273690473601268,64.9847666790307,61.7906440363695
1.4601570040376184,64.9847666790307,62.1137882828739
1.4929449607151097,64.9847666790307,62.57772180422482
1.5257329173926013,64.9847666790307,63.00967517734161
1.5585208740700927,64.9847666790307,63.392066566045926
1.591308830747584,64.9847666790307,63.63900963255548
1.6240967874250756,64.9847666790307,63.95355420600953
1.656884744102567,64.9847666790307,64.35950788108718
1.6896727007800583,64.9847666790307,64.90898669785258
1.7224606574575498,64.9847666790307,65.50041010866093
1.7552486141350412,64.9847666790307,65.91360962583353
1.7880365708125325,64.9847666790307,66.25928042829548
1.820824527490024,64.9847666790307,66.69103805283433
1.8536124841675155,64.9847666790307,67.07682891934915
1.886400440845007,64.9847666790307,67.54936207863892
1.9191883975224984,64.9847666790307,67.96726333006264
1.9519763541999897,64.9847666790307,68.46051534063307
1.9847643108774813,64.9847666790307,69.00780630561374
2.0175522675549726,64.9847666790307,69.19358038911109
2.050340224232464,64.9847666790307,69.39672149275638
2.0831281809099558,64.9847666790307,70.20792266741333
2.1159161375874467,64.9847666790307,71.13335529940805
2.1487040942649385,64.9847666790307,71.86582630220464
2.18149205094243,64.9847666790307,72.37033383287647
2.214280007619921,64.9847666790307,72.54883288271266
2.247067964297413,64.9847666790307,72.31928027635209
2.279855920974904,64.9847666790307,72.47034869397228
2.3126438776523957,64.9847666790307,74.2431249501307
2.3454318343298866,64.9847666790307,74.83286134573308
2.3782197910073783,64.9847666790307,74.76995583495447
2.41100774768487,64.9847666790307,74.63723781646775
2.443795704362361,64.9847666790307,74.95277648980743
2.476583661039853,64.9847666790307,75.614246132212
2.5093716177173437,64.9847666790307,76.39677554977625
2.5421595743948355,64.9847666790307,77.69124815514456
2.5749475310723273,64.9847666790307,78.9624318178453
2.6077354877498182,64.9847666790307,79.53195524372906
2.64052344442731,64.9847666790307,79.81724546006502
2.673311401104801,64.9847666790307,80.32103732828666
2.7060993577822927,64.9847666790307,80.98771868636352
2.7388873144597845,64.9847666790307,82.31319394769595
2.7716752711372754,64.9847666790307,83.00118260755623
2.804463227814767,64.9847666790307,83.58939397766619
2.837251184492258,64.9847666790307,84.4607712048102
2.87003914116975,64.9847666790307,84.84586096915069
2.9028270978472417,64.9847666790307,85.20934371079306
2.9356150545247326,64.9847666790307,85.51493605216811
0.3453664770029097,69.18727883013815,97.16
0.37815443368040114,69.18727883013815,97.16
0.41094239035789254,69.18727883013815,97.16
0.44373034703538394,69.18727883013815,95.12289939772144
0.4765183037128754,69.18727883013815,91.33909420949276
0.5093062603903669,69.18727883013815,87.05467358896779
0.5420942170678582,69.18727883013815,83.6952403903626
0.5748821737453497,69.18727883013815,80.45879640039621
0.6076701304228411,69.18727883013815,77.34285261653763
0.6404580871003326,69.18727883013815,74.73061457383098
0.673246043777824,69.18727883013815,72.56626368135497
0.7060340004553154,69.18727883013815,70.34763593000906
0.7388219571328069,69.18727883013815,68.45757198084246
0.7716099138102983,69.18727883013815,66.62606834281593
0.8043978704877897,69.18727883013815,65.22862310797264
0.8371858271652811,69.18727883013815,64.06567680507088
0.8699737838427726,69.18727883013815,63.03599186284858
0.902761740520264,69.18727883013815,62.2470889288173
0.9355496971977555,69.18727883013815,61.60445078184836
0.9683376538752468,69.18727883013815,61.11966220755604
1.0011256105527382,69.18727883013815,60.775209475906834
1.0339135672302298,69.18727883013815,60.58324276658669
1.066701523907721,69.18727883013815,60.458552375697
1.0994894805852127,69.18727883013815,60.39216020178565
1.132277437262704,69.18727883013815,60.403493819707535
1.1650653939401954,69.18727883013815,60.407109518943855
1.197853350617687,69.18727883013815,60.44024326989602
1.2306413072951783,69.18727883013815,60.51552301754469
1.2634292639726699,69.18727883013815,60.63600335236694
1.2962172206501612,69.18727883013815,60.7613186681217
1.3290051773276526,69.18727883013815,60.959263561718686
1.3617931340051441,69.18727883013815,61.19648980923548
1.3945810906826355,69.18727883013815,61.48398213842027
1.4273690473601268,69.18727883013815,61.72883905035597
1.4601570040376184,69.18727883013815,62.051057219690335
1.4929449607151097,69.18727883013815,62.485510641774354
1.5257329173926013,69.18727883013815,62.83842578801762
1.5585208740700927,69.18727883013815,63.26321598848145
1.591308830747584,69.18727883013815,63.43932037638838
1.6240967874250756,69.18727883013815,63.742960024698625
1.656884744102567,69.18727883013815,64.21277904905125
1.6896727007800583,69.18727883013815,64.56614842828488
1.7224606574575498,69.18727883013815,65.20831252254943
1.7552486141350412,69.18727883013815,65.58574564117245
1.7880365708125325,69.18727883013815,65.88504708839648
1.820824527490024,69.18727883013815,66.45927237158851
1.8536124841675155,69.18727883013815,66.643488735634
1.886400440845007,69.18727883013815,67.19042283142262
1.9191883975224984,69.18727883013815,67.60628481941121
1.9519763541999897,69.18727883013815,68.11924794487504
1.9847643108774813,69.18727883013815,68.52572496619104
2.0175522675549726,69.18727883013815,68.62280065433883
2.050340224232464,69.18727883013815,69.17176348800564
2.0831281809099558,69.18727883013815,70.08373770855464
2.1159161375874467,69.18727883013815,70.8297935979528
2.1487040942649385,69.18727883013815,71.55394076303351
2.18149205094243,69.18727883013815,71.50517922431635
2.214280007619921,69.18727883013815,70.90013094015477
2.247067964297413,69.18727883013815,72.25125782244123
2.279855920974904,69.18727883013815,73.61255916208816
2.3126438776523957,69.18727883013815,73.68902218830951
2.3454318343298866,69.18727883013815,72.99212411354068
2.3782197910073783,69.18727883013815,73.23667551332542
2.41100774768487,69.18727883013815,73.70320660379164
2.443795704362361,69.18727883013815,74.69175392575015
2.476583661039853,69.18727883013815,76.40667466467362
2.5093716177173437,69.18727883013815,77.14138056455909
2.5421595743948355,69.18727883013815,77.2798477409621
2.5749475310723273,69.18727883013815,77.66065609705707
2.6077354877498182,69.18727883013815,78.64056851892317
2.64052344442731,69.18727883013815,79.75342481807445
2.673311401104801,69.18727883013815,80.20289778932585
2.7060993577822927,69.18727883013815,82.04420317470998
2.7388873144597845,69.18727883013815,82.56557194063248
2.7716752711372754,69.18727883013815,83.07266368684644
2.804463227814767,69.18727883013815,83.56466662408575
2.837251184492258,69.18727883013815,84.04076896308456
2.87003914116975,69.18727883013815,84.5000272122171
2.9028270978472417,69.18727883013815,84.90673029516809
2.9356150545247326,69.18727883013815,85.22669955563408
0.3453664770029097,73.3897909812456,97.16
0.37815443368040114,73.3897909812456,97.16
0.41094239035789254,73.3897909812456,97.16
0.44373034703538394,73.3897909812456,94.49877120559891
0.4765183037128754,73.3897909812456,90.73544555568576
0.5093062603903669,73.3897909812456,87.0255091963872
0.5420942170678582,73.3897909812456,82.73644877241769
0.5748821737453497,73.3897909812456,79.88733348903546
0.6076701304228411,73.3897909812456,76.90598922187661
0.6404580871003326,73.3897909812456,74.24536686900548
0.673246043777824,73.3897909812456,72.1151413668411
0.7060340004553154,73.3897909812456,69.90769043435242
0.7388219571328069,73.3897909812456,68.2572982395601
0.7716099138102983,73.3897909812456,66.4076253671771
0.8043978704877897,73.3897909812456,65.07800135681998
0.8371858271652811,73.3897909812456,64.0326079682038
0.8699737838427726,73.3897909812456,63.03079125648471
0.902761740520264,73.3897909812456,62.27705009480721
0.9355496971977555,73.3897909812456,61.67288705758568
0.9683376538752468,73.3897909812456,61.22522591183233
1.0011256105527382,73.3897909812456,60.84206589953197
1.0339135672302298,73.3897909812456,60.66589615415057
1.066701523907721,73.3897909812456,60.54576897348969
1.0994894805852127,73.3897909812456,60.477773336736966
1.132277437262704,73.3897909812456,60.46238200022612
1.1650653939401954,73.3897909812456,60.468302668389924
1.197853350617687,73.3897909812456,60.49872542892208
1.2306413072951783,73.3897909812456,60.552481427349235
1.2634292639726699,73.3897909812456,60.644744251271895
1.2962172206501612,73.3897909812456,60.76841435876034
1.3290051773276526,73.3897909812456,60.96128167837992
1.3617931340051441,73.3897909812456,61.15605554446597
1.3945810906826355,73.3897909812456,61.441891345325104
1.4273690473601268,73.3897909812456,61.63612010671744
1.4601570040376184,73.3897909812456,61.95766104560512
1.4929449607151097,73.3897909812456,62.37094758419713
1.5257329173926013,73.3897909812456,62.67092214570507
1.5585208740700927,73.3897909812456,63.058500489179785
1.591308830747584,73.3897909812456,63.23348335010484
1.6240967874250756,73.3897909812456,63.47797006653872
1.656884744102567,73.3897909812456,64.01302203593427
1.6896727007800583,73.3897909812456,64.1499085383857
1.7224606574575498,73.3897909812456,64.80943192501942
1.7552486141350412,73.3897909812456,65.32202308961078
1.7880365708125325,73.3897909812456,65.40719963551089
1.820824527490024,73.3897909812456,66.07803532351376
1.8536124841675155,73.3897909812456,66.11788257561896
1.886400440845007,73.3897909812456,66.67466486509171
1.9191883975224984,73.3897909812456,67.08575214074739
1.9519763541999897,73.3897909812456,67.60830169501324
1.9847643108774813,73.3897909812456,67.81021598030068
2.0175522675549726,73.3897909812456,68.04871392858944
2.050340224232464,73.3897909812456,68.90058729135588
2.0831281809099558,73.3897909812456,69.62918774755053
2.1159161375874467,73.3897909812456,70.45364934855306
2.1487040942649385,73.3897909812456,69.93461687462106
2.18149205094243,73.3897909812456,69.66577497289127
2.214280007619921,73.3897909812456,71.8381649690648
2.247067964297413,73.3897909812456,72.21448211767401
2.279855920974904,73.3897909812456,71.17655421469193
2.3126438776523957,73.3897909812456,71.4341867485777
2.3454318343298866,73.3897909812456,71.83424250296378
2.3782197910073783,73.3897909812456,73.5748312485923
2.41100774768487,73.3897909812456,74.60373890929588
2.443795704362361,73.3897909812456,74.64341382746703
2.476583661039853,73.3897909812456,74.87257663421762
2.5093716177173437,73.3897909812456,76.49387507795677
2.5421595743948355,73.3897909812456,76.58096938956926
2.5749475310723273,73.3897909812456,78.92226864469782
2.6077354877498182,73.3897909812456,79.52727131256243
2.64052344442731,73.3897909812456,80.12532151885246
2.673311401104801,73.3897909812456,80.71560747430193
2.7060993577822927,73.3897909812456,81.29731738964496
2.7388873144597845,73.3897909812456,81.86963947561557
2.7716752711372754,73.3897909812456,82.43176194294779
2.804463227814767,73.3897909812456,82.98287300237573
2.837251184492258,73.3897909812456,83.5217825897557
2.87003914116975,73.3897909812456,84.0143570900977
2.9028270978472417,73.3897909812456,84.43192823962141
2.9356150545247326,73.3897909812456,84.76472500344597
0.3453664770029097,77.59230313235305,97.16
0.37815443368040114,77.59230313235305,97.16
0.41094239035789254,77.59230313235305,97.16
0.44373034703538394,77.59230313235305,93.74546127410166
0.4765183037128754,77.59230313235305,89.86608013286907
0.5093062603903669,77.59230313235305,86.36030113905004
0.5420942170678582,77.59230313235305,82.79646294730375
0.5748821737453497,77.59230313235305,78.82606742003325
0.6076701304228411,77.59230313235305,76.35470739918215
0.6404580871003326,77.59230313235305,73.67129612789509
0.673246043777824,77.59230313235305,71.58197426222671
0.7060340004553154,77.59230313235305,69.42237045191699
0.7388219571328069,77.59230313235305,67.99326950031023
0.7716099138102983,77.59230313235305,66.17106366940716
0.8043978704877897,77.59230313235305,64.93184560370587
0.8371858271652811,77.59230313235305,63.9857487785123
0.8699737838427726,77.59230313235305,63.021218495603904
0.902761740520264,77.59230313235305,62.30996635717375
0.9355496971977555,77.59230313235305,61.73867564012098
0.9683376538752468,77.59230313235305,61.325493287255306
1.0011256105527382,77.59230313235305,60.91692118260653
1.0339135672302298,77.59230313235305,60.762296981230214
1.066701523907721,77.59230313235305,60.6267207157071
1.0994894805852127,77.59230313235305,60.560024107923574
1.132277437262704,77.59230313235305,60.51736195159421
1.1650653939401954,77.59230313235305,60.53974387150448
1.197853350617687,77.59230313235305,60.55317779929243
1.2306413072951783,77.59230313235305,60.58665938188916
1.2634292639726699,77.59230313235305,60.6660933384245
1.2962172206501612,77.59230313235305,60.77686931618747
1.3290051773276526,77.59230313235305,60.96323599426465
1.3617931340051441,77.59230313235305,61.12368749676317
1.3945810906826355,77.59230313235305,61.387649040547004
1.4273690473601268,77.59230313235305,61.556106305408186
1.4601570040376184,77.59230313235305,61.84751818394015
1.4929449607151097,77.59230313235305,62.25790938455447
1.5257329173926013,77.59230313235305,62.49898845273411
1.5585208740700927,77.59230313235305,62.80845751228606
1.591308830747584,77.59230313235305,63.08010361498521
1.6240967874250756,77.59230313235305,63.19901095676506
1.656884744102567,77.59230313235305,63.74725386919688
1.6896727007800583,77.59230313235305,63.789105751525376
1.7224606574575498,77.59230313235305,64.35736465595208
1.7552486141350412,77.59230313235305,64.98678994319857
1.7880365708125325,77.59230313235305,64.92731122351765
1.820824527490024,77.59230313235305,65.60535043008267
1.8536124841675155,77.59230313235305,65.73556367833935
1.886400440845007,77.59230313235305,66.07317424122024
1.9191883975224984,77.59230313235305,66.47491345139882
1.9519763541999897,77.59230313235305,66.92193245924464
1.9847643108774813,77.59230313235305,67.01927014864869
2.0175522675549726,77.59230313235305,67.67230555307663
2.050340224232464,77.59230313235305,68.37420486868415
2.0831281809099558,77.59230313235305,69.10067169385424
2.1159161375874467,77.59230313235305,68.14022659679667
2.1487040942649385,77.59230313235305,69.91162893845423
2.18149205094243,77.59230313235305,70.48474177151549
2.214280007619921,77.59230313235305,69.43627411131479
2.247067964297413,77.59230313235305,69.6291012138608
2.279855920974904,77.59230313235305,70.6183569824122
2.3126438776523957,77.59230313235305,72.04350608188595
2.3454318343298866,77.59230313235305,72.05284918518036
2.3782197910073783,77.59230313235305,72.29487554940995
2.41100774768487,77.59230313235305,73.5172137917761
2.443795704362361,77.59230313235305,75.43276009356268
2.476583661039853,77.59230313235305,76.06875156372934
2.5093716177173437,77.59230313235305,76.70511513045543
2.5421595743948355,77.59230313235305,77.34103900447506
2.5749475310723273,77.59230313235305,77.97571139652227
2.6077354877498182,77.59230313235305,78.60832051733104
2.64052344442731,77.59230313235305,79.23805457763554
2.673311401104801,77.59230313235305,79.86410178816972
2.7060993577822927,77.59230313235305,80.48565035966772
2.7388873144597845,77.59230313235305,81.10188850286359
2.7716752711372754,77.59230313235305,81.71200442849133
2.804463227814767,77.59230313235305,82.31450378047657
2.837251184492258,77.59230313235305,82.8777103740248
2.87003914116975,77.59230313235305,83.37764408842126
2.9028270978472417,77.59230313235305,83.80453388878522
2.9356150545247326,77.59230313235305,84.14860874023586
0.3453664770029097,81.7948152834605,68.97
0.37815443368040114,81.7948152834605,68.97
0.41094239035789254,81.7948152834605,68.97
0.44373034703538394,81.7948152834605,92.88240047719113
0.4765183037128754,81.7948152834605,88.7934192991434
0.5093062603903669,81.7948152834605,85.47635491283435
0.5420942170678582,81.7948152834605,82.12508823857938
0.5748821737453497,81.7948152834605,78.80881623246839
0.6076701304228411,81.7948152834605,75.48677525042834
0.6404580871003326,81.7948152834605,73.12759189158845
0.673246043777824,81.7948152834605,71.01523329060124
0.7060340004553154,81.7948152834605,69.00852235452034
0.7388219571328069,81.7948152834605,67.68167453592649
0.7716099138102983,81.7948152834605,65.94318134284096
0.8043978704877897,81.7948152834605,64.81094778269242
0.8371858271652811,81.7948152834605,63.89663994464934
0.8699737838427726,81.7948152834605,63.00973596052233
0.902761740520264,81.7948152834605,62.341682966175945
0.9355496971977555,81.7948152834605,61.79854959748709
0.9683376538752468,81.7948152834605,61.414165636517644
1.0011256105527382,81.7948152834605,61.01452757677784
1.0339135672302298,81.7948152834605,60.861019681101055
1.066701523907721,81.7948152834605,60.69692927820392
1.0994894805852127,81.7948152834605,60.63318903745482
1.132277437262704,81.7948152834605,60.58429311162375
1.1650653939401954,81.7948152834605,60.6129158784971
1.197853350617687,81.7948152834605,60.60728485857996
1.2306413072951783,81.7948152834605,60.624822230599456
1.2634292639726699,81.7948152834605,60.694353542504714
1.2962172206501612,81.7948152834605,60.78564485485854
1.3290051773276526,81.7948152834605,60.96534537628985
1.3617931340051441,81.7948152834605,61.10846875142821
1.3945810906826355,81.7948152834605,61.32710175661253
1.4273690473601268,81.7948152834605,61.50814544524229
1.4601570040376184,81.7948152834605,61.734547058017384
1.4929449607151097,81.7948152834605,62.11778374630353
1.5257329173926013,81.7948152834605,62.30460165502656
1.5585208740700927,81.7948152834605,62.54362450194542
1.591308830747584,81.7948152834605,62.88197559127819
1.6240967874250756,81.7948152834605,62.93994394285467
1.656884744102567,81.7948152834605,63.44790648397359
1.6896727007800583,81.7948152834605,63.55436552245129
1.7224606574575498,81.7948152834605,63.905707055228724
1.7552486141350412,81.7948152834605,64.54627327952531
1.7880365708125325,81.7948152834605,64.51107588781153
1.820824527490024,81.7948152834605,65.09938425825484
1.8536124841675155,81.7948152834605,65.37519852995729
1.886400440845007,81.7948152834605,65.45720485754778
1.9191883975224984,81.7948152834605,65.84520844640235
1.9519763541999897,81.7948152834605,66.14394877612756
1.9847643108774813,81.7948152834605,66.48932238629351
2.0175522675549726,81.7948152834605,67.15648970449043
2.050340224232464,81.7948152834605,67.48962946682043
2.0831281809099558,81.7948152834605,67.62223318714638
2.1159161375874467,81.7948152834605,68.67647956898222
2.1487040942649385,81.7948152834605,67.90236668866716
2.18149205094243,81.7948152834605,68.09355944113001
2.214280007619921,81.7948152834605,69.60054932905084
2.247067964297413,81.7948152834605,69.64804925582301
2.279855920974904,81.7948152834605,70.52754096977336
2.3126438776523957,81.7948152834605,70.95185282628296
2.3454318343298866,81.7948152834605,72.52780517292193
2.3782197910073783,81.7948152834605,73.14983700044417
2.41100774768487,81.7948152834605,73.77875369339395
2.443795704362361,81.7948152834605,74.41374346250525
2.476583661039853,81.7948152834605,75.05399451851225
2.5093716177173437,81.7948152834605,75.69869507214895
2.5421595743948355,81.7948152834605,76.34703333414946
2.5749475310723273,81.7948152834605,76.99819751524774
2.6077354877498182,81.7948152834605,77.6513758261779
2.64052344442731,81.7948152834605,78.30575647767404
2.673311401104801,81.7948152834605,78.96052768047011
2.7060993577822927,81.7948152834605,79.61487764530028
2.7388873144597845,81.7948152834605,80.26799458289861
2.7716752711372754,81.7948152834605,80.91808472144753
2.804463227814767,81.7948152834605,81.53668408401707
2.837251184492258,81.7948152834605,82.10374103910144
2.87003914116975,81.7948152834605,82.60948455181985
2.9028270978472417,81.7948152834605,83.04414358729156
2.9356150545247326,81.7948152834605,83.39794711063581
0.3453664770029097,85.99732743456795,68.97
0.37815443368040114,85.99732743456795,68.97
0.41094239035789254,85.99732743456795,108.17829339618315
0.44373034703538394,85.99732743456795,91.92901968882886
0.4765183037128754,85.99732743456795,87.60813638899573
0.5093062603903669,85.99732743456795,84.43609187584093
0.5420942170678582,85.99732743456795,81.28195396110766
0.5748821737453497,85.99732743456795,78.18666762449963
0.6076701304228411,85.99732743456795,75.2194298221069
0.6404580871003326,85.99732743456795,72.58135123598791
0.673246043777824,85.99732743456795,70.48913466717819
0.7060340004553154,85.99732743456795,68.73837101653763
0.7388219571328069,85.99732743456795,67.33884036346252
0.7716099138102983,85.99732743456795,65.75077648081349
0.8043978704877897,85.99732743456795,64.70378846558029
0.8371858271652811,85.99732743456795,63.78495644099999
0.8699737838427726,85.99732743456795,62.998628753997735
0.902761740520264,85.99732743456795,62.368045172072854
0.9355496971977555,85.99732743456795,61.85265030997869
0.9683376538752468,85.99732743456795,61.486271057394376
1.0011256105527382,85.99732743456795,61.113937169205236
1.0339135672302298,85.99732743456795,60.95063868703846
1.066701523907721,85.99732743456795,60.77148480298407
1.0994894805852127,85.99732743456795,60.69322191748174
1.132277437262704,85.99732743456795,60.659791405601446
1.1650653939401954,85.99732743456795,60.679301439577344
1.197853350617687,85.99732743456795,60.67027885621607
1.2306413072951783,85.99732743456795,60.68135712669146
1.2634292639726699,85.99732743456795,60.723946339221754
1.2962172206501612,85.99732743456795,60.793702289229095
1.3290051773276526,85.99732743456795,60.96825693245818
1.3617931340051441,85.99732743456795,61.09971953134436
1.3945810906826355,85.99732743456795,61.26627389317421
1.4273690473601268,85.99732743456795,61.448742277156335
1.4601570040376184,85.99732743456795,61.6326660911587
1.4929449607151097,85.99732743456795,61.95278381435148
1.5257329173926013,85.99732743456795,62.097676753643576
1.5585208740700927,85.99732743456795,62.29453890230302
1.591308830747584,85.99732743456795,62.6333975158777
1.6240967874250756,85.99732743456795,62.7347503830638
1.656884744102567,85.99732743456795,63.14876703097635
1.6896727007800583,85.99732743456795,63.32312656608994
1.7224606574575498,85.99732743456795,63.508055462730574
1.7552486141350412,85.99732743456795,64.06824801372177
1.7880365708125325,85.99732743456795,64.22663191137555
1.820824527490024,85.99732743456795,64.61830337498989
1.8536124841675155,85.99732743456795,64.90921288469984
1.886400440845007,85.99732743456795,64.8992012701236
1.9191883975224984,85.99732743456795,65.292642304098
1.9519763541999897,85.99732743456795,65.49071698903168
1.9847643108774813,85.99732743456795,66.06768699810615
2.0175522675549726,85.99732743456795,65.88395225338789
2.050340224232464,85.99732743456795,66.96637392922246
2.0831281809099558,85.99732743456795,66.50216990929857
2.1159161375874467,85.99732743456795,67.38235509937832
2.1487040942649385,85.99732743456795,67.53464097286991
2.18149205094243,85.99732743456795,67.94877562779314
2.214280007619921,85.99732743456795,69.24222461892913
2.247067964297413,85.99732743456795,69.79727960760741
2.279855920974904,85.99732743456795,70.36654401984724
2.3126438776523957,85.99732743456795,70.94920606638284
2.3454318343298866,85.99732743456795,71.54445395794798
2.3782197910073783,85.99732743456795,72.15147590527688
2.41100774768487,85.99732743456795,72.76946011910366
2.443795704362361,85.99732743456795,73.39759481016222
2.476583661039853,85.99732743456795,74.03506818918667
2.5093716177173437,85.99732743456795,74.68106846691116
2.5421595743948355,85.99732743456795,75.33478385406968
2.5749475310723273,85.99732743456795,75.99540256139625
2.6077354877498182,85.99732743456795,76.662112799625
2.64052344442731,85.99732743456795,77.33410277949
2.673311401104801,85.99732743456795,78.01056071172519
2.7060993577822927,85.99732743456795,78.69067480706468
2.7388873144597845,85.99732743456795,79.37241934973625
2.7716752711372754,85.99732743456795,80.03117215714218
2.804463227814767,85.99732743456795,80.65011302872958
2.837251184492258,85.99732743456795,81.21947092961761
2.87003914116975,85.99732743456795,81.72947482492553
2.9028270978472417,85.99732743456795,82.17035367977259
2.9356150545247326,85.99732743456795,82.53233645927799
0.3453664770029097,90.19983958567539,68.97
0.37815443368040114,90.19983958567539,68.97
0.41094239035789254,90.19983958567539,102.01257778469233
0.44373034703538394,90.19983958567539,90.9047497829763
0.4765183037128754,90.19983958567539,86.41372070440653
0.5093062603903669,90.19983958567539,83.30193338617043
0.5420942170678582,90.19983958567539,80.32948147298936
0.5748821737453497,90.19983958567539,77.43973804791477
0.6076701304228411,90.19983958567539,74.70190006703673
0.6404580871003326,90.19983958567539,72.1851644864452
0.673246043777824,90.19983958567539,70.08338907083225
0.7060340004553154,90.19983958567539,68.48819693272524
0.7388219571328069,90.19983958567539,67.01876337792261
0.7716099138102983,90.19983958567539,65.61600878127273
0.8043978704877897,90.19983958567539,64.54895447557197
0.8371858271652811,90.19983958567539,63.682154416295035
0.8699737838427726,90.19983958567539,62.99018197878789
0.902761740520264,90.19983958567539,62.3849092904836
0.9355496971977555,90.19983958567539,61.91389017567902
0.9683376538752468,90.19983958567539,61.53683764766047
1.0011256105527382,90.19983958567539,61.19266436826794
1.0339135672302298,90.19983958567539,61.01972843231784
1.066701523907721,90.19983958567539,60.84651621417453
1.0994894805852127,90.19983958567539,60.73607654015537
1.132277437262704,90.19983958567539,60.72351651276732
1.1650653939401954,90.19983958567539,60.73038330495485
1.197853350617687,90.19983958567539,60.726619728078184
1.2306413072951783,90.19983958567539,60.73622411042623
1.2634292639726699,90.19983958567539,60.75005105541568
1.2962172206501612,90.19983958567539,60.800002933754634
1.3290051773276526,90.19983958567539,60.97263070223537
1.3617931340051441,90.19983958567539,61.09326231015192
1.3945810906826355,90.19983958567539,61.21118984988458
1.4273690473601268,90.19983958567539,61.38160781340611
1.4601570040376184,90.19983958567539,61.555918909791124
1.4929449607151097,90.19983958567539,61.77517652059135
1.5257329173926013,90.19983958567539,61.894895779672105
1.5585208740700927,90.19983958567539,62.09173815750396
1.591308830747584,90.19983958567539,62.38920251214955
1.6240967874250756,90.19983958567539,62.61614080442986
1.656884744102567,90.19983958567539,62.88455468437359
1.6896727007800583,90.19983958567539,63.06115206027635
1.7224606574575498,90.19983958567539,63.21800621833892
1.7552486141350412,90.19983958567539,63.641187822278695
1.7880365708125325,90.19983958567539,63.95291171455614
1.820824527490024,90.19983958567539,64.22027434724738
1.8536124841675155,90.19983958567539,64.45168799842706
1.886400440845007,90.19983958567539,64.54844804246024
1.9191883975224984,90.19983958567539,64.81468878999574
1.9519763541999897,90.19983958567539,65.18165688865979
1.9847643108774813,90.19983958567539,65.53110327138458
2.0175522675549726,90.19983958567539,65.49905363542848
2.050340224232464,90.19983958567539,65.86923089909209
2.0831281809099558,90.19983958567539,66.54980238053962
2.1159161375874467,90.19983958567539,66.98523543073401
2.1487040942649385,90.19983958567539,67.44220246262404
2.18149205094243,90.19983958567539,67.91989168694364
2.214280007619921,90.19983958567539,68.41749131442702
2.247067964297413,90.19983958567539,68.9341895558082
2.279855920974904,90.19983958567539,69.46917462182115
2.3126438776523957,90.19983958567539,70.0216347232
2.3454318343298866,90.19983958567539,70.5907580706788
2.3782197910073783,90.19983958567539,71.17573287499164
2.41100774768487,90.19983958567539,71.7757473468725
2.443795704362361,90.19983958567539,72.3899896970555
2.476583661039853,90.19983958567539,73.01764813627472
2.5093716177173437,90.19983958567539,73.65791087526414
2.5421595743948355,90.19983958567539,74.30996612475785
2.5749475310723273,90.19983958567539,74.97300209548992
2.6077354877498182,90.19983958567539,75.64620699819446
2.64052344442731,90.19983958567539,76.3287690436054
2.673311401104801,90.19983958567539,77.01987644245689
2.7060993577822927,90.19983958567539,77.71740160241042
2.7388873144597845,90.19983958567539,78.40106853046791
2.7716752711372754,90.19983958567539,79.05665399437348
2.804463227814767,90.19983958567539,79.67438695924622
2.837251184492258,90.19983958567539,80.24449639020551
2.87003914116975,90.19983958567539,80.75721125237045
2.9028270978472417,90.19983958567539,81.20276051086043
2.9356150545247326,90.19983958567539,81.57137313079454
0.3453664770029097,94.40235173678285,68.97
0.37815443368040114,94.40235173678285,68.97
0.41094239035789254,94.40235173678285,96.82200104408176
0.44373034703538394,94.40235173678285,89.82902163359498
0.4765183037128754,94.40235173678285,85.2323725901946
0.5093062603903669,94.40235173678285,82.13630080192357
0.5420942170678582,94.40235173678285,79.33009213232515
0.5748821737453497,94.40235173678285,76.6304488608145
0.6076701304228411,94.40235173678285,74.10656794348161
0.6404580871003326,94.40235173678285,71.82764633641649
0.673246043777824,94.40235173678285,69.86288099570916
0.7060340004553154,94.40235173678285,68.29082627058267
0.7388219571328069,94.40235173678285,66.83302484352751
0.7716099138102983,94.40235173678285,65.53040383200705
0.8043978704877897,94.40235173678285,64.44130957147439
0.8371858271652811,94.40235173678285,63.621817581736366
0.8699737838427726,94.40235173678285,62.98602943999577
0.902761740520264,94.40235173678285,62.39007447550427
0.9355496971977555,94.40235173678285,61.953421240293196
0.9683376538752468,94.40235173678285,61.5688445915824
1.0011256105527382,94.40235173678285,61.23501633106756
1.0339135672302298,94.40235173678285,61.05683426795993
1.066701523907721,94.40235173678285,60.88867556791421
1.0994894805852127,94.40235173678285,60.75809079132945
1.132277437262704,94.40235173678285,60.757683338211685
1.1650653939401954,94.40235173678285,60.75764422483919
1.197853350617687,94.40235173678285,60.75691139879657
1.2306413072951783,94.40235173678285,60.76500049470831
1.2634292639726699,94.40235173678285,60.765304192866516
1.2962172206501612,94.40235173678285,60.80350810289065
1.3290051773276526,94.40235173678285,60.9759322844276
1.3617931340051441,94.40235173678285,61.08960116094786
1.3945810906826355,94.40235173678285,61.17500529637694
1.4273690473601268,94.40235173678285,61.34101636235385
1.4601570040376184,94.40235173678285,61.526920812718615
1.4929449607151097,94.40235173678285,61.66241561254761
1.5257329173926013,94.40235173678285,61.77517288054328
1.5585208740700927,94.40235173678285,61.96586084149711
1.591308830747584,94.40235173678285,62.23542394074044
1.6240967874250756,94.40235173678285,62.50562768690472
1.656884744102567,94.40235173678285,62.72560495471356
1.6896727007800583,94.40235173678285,62.89936518215736
1.7224606574575498,94.40235173678285,63.09038634288745
1.7552486141350412,94.40235173678285,63.382501511011164
1.7880365708125325,94.40235173678285,63.6995363162539
1.820824527490024,94.40235173678285,63.97068097833445
1.8536124841675155,94.40235173678285,64.18603053311459
1.886400440845007,94.40235173678285,64.37307443971808
1.9191883975224984,94.40235173678285,64.55186002410721
1.9519763541999897,94.40235173678285,64.78833093654222
1.9847643108774813,94.40235173678285,65.05149694861275
2.0175522675549726,94.40235173678285,65.34352150051285
2.050340224232464,94.40235173678285,65.66359280297665
2.0831281809099558,94.40235173678285,66.0108990667382
2.1159161375874467,94.40235173678285,66.38462850253156
2.1487040942649385,94.40235173678285,66.78396932109078
2.18149205094243,94.40235173678285,67.20810973314993
2.214280007619921,94.40235173678285,67.65623794944304
2.247067964297413,94.40235173678285,68.12754218070421
2.279855920974904,94.40235173678285,68.62121063766746
2.3126438776523957,94.40235173678285,69.13643153106686
2.3454318343298866,94.40235173678285,69.67239307163648
2.3782197910073783,94.40235173678285,70.22828347011037
2.41100774768487,94.40235173678285,70.80329093722263
2.443795704362361,94.40235173678285,71.39660368370723
2.476583661039853,94.40235173678285,72.00740992029834
2.5093716177173437,94.40235173678285,72.63489785772991
2.5421595743948355,94.40235173678285,73.27825570673602
2.5749475310723273,94.40235173678285,73.93667167805079
2.6077354877498182,94.40235173678285,74.60933398240826
2.64052344442731,94.40235173678285,75.29543083054246
2.673311401104801,94.40235173678285,75.99292541653784
2.7060993577822927,94.40235173678285,76.68626714106202
2.7388873144597845,94.40235173678285,77.36325787310079
2.7716752711372754,94.40235173678285,78.01412657777345
2.804463227814767,94.40235173678285,78.62910222019914
2.837251184492258,94.40235173678285,79.1984137654972
2.87003914116975,94.40235173678285,79.71229017878676
2.9028270978472417,94.40235173678285,80.16096042518716
2.9356150545247326,94.40235173678285,80.53465346981753
0.3453664770029097,98.60486388789029,68.97
0.37815443368040114,98.60486388789029,68.97
0.41094239035789254,98.60486388789029,95.32010656791608
0.44373034703538394,98.60486388789029,88.72126611464631
0.4765183037128754,98.60486388789029,84.0835229203215
0.5093062603903669,98.60486388789029,81.00161548120109
0.5420942170678582,98.60486388789029,78.3462072972158
0.5748821737453497,98.60486388789029,75.82122142129951
0.6076701304228411,98.60486388789029,73.49585480954225
0.6404580871003326,98.60486388789029,71.44095633008942
0.673246043777824,98.60486388789029,69.74073402889012
0.7060340004553154,98.60486388789029,68.27597000669539
0.7388219571328069,98.60486388789029,66.84618171634354
0.7716099138102983,98.60486388789029,65.51727852888848
0.8043978704877897,98.60486388789029,64.42280342567634
0.8371858271652811,98.60486388789029,63.624750858404425
0.8699737838427726,98.60486388789029,62.98942883982082
0.902761740520264,98.60486388789029,62.39132298617441
0.9355496971977555,98.60486388789029,61.96441216127896
0.9683376538752468,98.60486388789029,61.58198971619354
1.0011256105527382,98.60486388789029,61.248402332500234
1.0339135672302298,98.60486388789029,61.066852076617806
1.066701523907721,98.60486388789029,60.90035702493734
1.0994894805852127,98.60486388789029,60.77132496432346
1.132277437262704,98.60486388789029,60.770102264939844
1.1650653939401954,98.60486388789029,60.767969339983125
1.197853350617687,98.60486388789029,60.766722677432085
1.2306413072951783,98.60486388789029,60.77557022304336
1.2634292639726699,98.60486388789029,60.776194687393364
1.2962172206501612,98.60486388789029,60.808087443269756
1.3290051773276526,98.60486388789029,60.98024694193287
1.3617931340051441,98.60486388789029,61.08904444293336
1.3945810906826355,98.60486388789029,61.188930218571336
1.4273690473601268,98.60486388789029,61.35598743935526
1.4601570040376184,98.60486388789029,61.52992504678894
1.4929449607151097,98.60486388789029,61.67047612135567
1.5257329173926013,98.60486388789029,61.794229900399365
1.5585208740700927,98.60486388789029,61.94581857091578
1.591308830747584,98.60486388789029,62.18785596234988
1.6240967874250756,98.60486388789029,62.47889137952049
1.656884744102567,98.60486388789029,62.71306485887271
1.6896727007800583,98.60486388789029,62.88755667027909
1.7224606574575498,98.60486388789029,63.07788863056335
1.7552486141350412,98.60486388789029,63.335649722141056
1.7880365708125325,98.60486388789029,63.64718679337199
1.820824527490024,98.60486388789029,63.95106950502216
1.8536124841675155,98.60486388789029,64.17954345826784
1.886400440845007,98.60486388789029,64.35149069991806
1.9191883975224984,98.60486388789029,64.51165084192674
1.9519763541999897,98.60486388789029,64.6745013614728
1.9847643108774813,98.60486388789029,64.84865593671913
2.0175522675549726,98.60486388789029,65.05666667521285
2.050340224232464,98.60486388789029,65.29761987025529
2.0831281809099558,98.60486388789029,65.57060181514777
2.1159161375874467,98.60486388789029,65.87469880319156
2.1487040942649385,98.60486388789029,66.20899712768801
2.18149205094243,98.60486388789029,66.57252054221908
2.214280007619921,98.60486388789029,66.96414008449914
2.247067964297413,98.60486388789029,67.38301304281755
2.279855920974904,98.60486388789029,67.82832762790827
2.3126438776523957,98.60486388789029,68.29927205050538
2.3454318343298866,98.60486388789029,68.79503452134301
2.3782197910073783,98.60486388789029,69.31480325115524
2.41100774768487,98.60486388789029,69.857766450676
2.443795704362361,98.60486388789029,70.42311233063944
2.476583661039853,98.60486388789029,71.0100291017796
2.5093716177173437,98.60486388789029,71.61770497483049
2.5421595743948355,98.60486388789029,72.24532816052623
2.5749475310723273,98.60486388789029,72.8920868696009
2.6077354877498182,98.60486388789029,73.55716931278849
2.64052344442731,98.60486388789029,74.23888472918631
2.673311401104801,98.60486388789029,74.92666192599219
2.7060993577822927,98.60486388789029,75.60981860197934
2.7388873144597845,98.60486388789029,76.27858372226694
2.7716752711372754,98.60486388789029,76.92318625197423
2.804463227814767,98.60486388789029,77.53385515622045
2.837251184492258,98.60486388789029,78.10081940012482
2.87003914116975,98.60486388789029,78.61430794880656
2.9028270978472417,98.60486388789029,79.0645497673849
2.9356150545247326,98.60486388789029,79.44177382097911
0.3453664770029097,102.80737603899773,68.97
0.37815443368040114,102.80737603899773,68.97
0.41094239035789254,102.80737603899773,96.08386976492748
0.44373034703538394,102.80737603899773,87.60091410009187
0.4765183037128754,102.80737603899773,82.98660256874868
0.5093062603903669,102.80737603899773,79.96420643555491
0.5420942170678582,102.80737603899773,77.44075744003781
0.5748821737453497,102.80737603899773,75.08240983662186
0.6076701304228411,102.80737603899773,72.96461075397731
0.6404580871003326,102.80737603899773,71.16677214512106
0.673246043777824,102.80737603899773,69.65529295129306
0.7060340004553154,102.80737603899773,68.21803403162461
0.7388219571328069,102.80737603899773,66.797114572414
0.7716099138102983,102.80737603899773,65.49468525360626
0.8043978704877897,102.80737603899773,64.42932889617634
0.8371858271652811,102.80737603899773,63.64486228963742
0.8699737838427726,102.80737603899773,63.020702564840384
0.902761740520264,102.80737603899773,62.420104786553935
0.9355496971977555,102.80737603899773,62.00711847121947
0.9683376538752468,102.80737603899773,61.6190656005602
1.0011256105527382,102.80737603899773,61.29166935561286
1.0339135672302298,102.80737603899773,61.105290352542326
1.066701523907721,102.80737603899773,60.946041608804926
1.0994894805852127,102.80737603899773,60.79912256387414
1.132277437262704,102.80737603899773,60.81514808260452
1.1650653939401954,102.80737603899773,60.80484479358901
1.197853350617687,102.80737603899773,60.80432763091891
1.2306413072951783,102.80737603899773,60.822512074808614
1.2634292639726699,102.80737603899773,60.82541759484176
1.2962172206501612,102.80737603899773,60.83634900978372
1.3290051773276526,102.80737603899773,61.015828942042
1.3617931340051441,102.80737603899773,61.12274270800021
1.3945810906826355,102.80737603899773,61.22082118175467
1.4273690473601268,102.80737603899773,61.39046027388114
1.4601570040376184,102.80737603899773,61.5533263855309
1.4929449607151097,102.80737603899773,61.696344428049386
1.5257329173926013,102.80737603899773,61.81877429014944
1.5585208740700927,102.80737603899773,61.95444645582454
1.591308830747584,102.80737603899773,62.18442140917928
1.6240967874250756,102.80737603899773,62.47779178294199
1.656884744102567,102.80737603899773,62.70837182926762
1.6896727007800583,102.80737603899773,62.88093964530276
1.7224606574575498,102.80737603899773,63.070117246426584
1.7552486141350412,102.80737603899773,63.3124828290165
1.7880365708125325,102.80737603899773,63.622069360778504
1.820824527490024,102.80737603899773,63.93938496904898
1.8536124841675155,102.80737603899773,64.16049825531589
1.886400440845007,102.80737603899773,64.32910392294056
1.9191883975224984,102.80737603899773,64.49867737156458
1.9519763541999897,102.80737603899773,64.63272026499371
1.9847643108774813,102.80737603899773,64.82235300633079
2.0175522675549726,102.80737603899773,64.99843456976103
2.050340224232464,102.80737603899773,65.10779031603839
2.0831281809099558,102.80737603899773,65.28991411993678
2.1159161375874467,102.80737603899773,65.5081614890007
2.1487040942649385,102.80737603899773,65.76161871653143
2.18149205094243,102.80737603899773,66.04937209583026
2.214280007619921,102.80737603899773,66.37050792019849
2.247067964297413,102.80737603899773,66.72411248293747
2.279855920974904,102.80737603899773,67.10927207734845
2.3126438776523957,102.80737603899773,67.52507299673275
2.3454318343298866,102.80737603899773,67.97060153439163
2.3782197910073783,102.80737603899773,68.44494398362646
2.41100774768487,102.80737603899773,68.94718663773848
2.443795704362361,102.80737603899773,69.47641579002902
2.476583661039853,102.80737603899773,70.0317177337994
2.5093716177173437,102.80737603899773,70.61217876235085
2.5421595743948355,102.80737603899773,71.21688516898476
2.5749475310723273,102.80737603899773,71.84492324700238
2.6077354877498182,102.80737603899773,72.49517347742345
2.64052344442731,102.80737603899773,73.1621468223262
2.673311401104801,102.80737603899773,73.83623011807683
2.7060993577822927,102.80737603899773,74.50765232979451
2.7388873144597845,102.80737603899773,75.16664242259854
2.7716752711372754,102.80737603899773,75.80342936160801
2.804463227814767,102.80737603899773,76.40824211194227
2.837251184492258,102.80737603899773,76.97130963872051
2.87003914116975,102.80737603899773,77.48286090706193
2.9028270978472417,102.80737603899773,77.93312488208578
2.9356150545247326,102.80737603899773,78.31233052891133
0.3453664770029097,107.00988819010519,68.97
0.37815443368040114,107.00988819010519,68.97
0.41094239035789254,107.00988819010519,96.20367357571621
0.44373034703538394,107.00988819010519,86.48739646389312
0.4765183037128754,107.00988819010519,81.96104240943761
0.5093062603903669,107.00988819010519,79.06267843517274
0.5420942170678582,107.00988819010519,76.67616849781314
0.5748821737453497,107.00988819010519,74.49415759899624
0.6076701304228411,107.00988819010519,72.59572260228627
0.6404580871003326,107.00988819010519,71.05943956086217
0.673246043777824,107.00988819010519,69.54925789624949
0.7060340004553154,107.00988819010519,68.13624877818877
0.7388219571328069,107.00988819010519,66.71370613673577
0.7716099138102983,107.00988819010519,65.47151572632127
0.8043978704877897,107.00988819010519,64.44101809748224
0.8371858271652811,107.00988819010519,63.67768938881415
0.8699737838427726,107.00988819010519,63.04421280591808
0.902761740520264,107.00988819010519,62.47019828956979
0.9355496971977555,107.00988819010519,62.0796009513268
0.9683376538752468,107.00988819010519,61.66209377277591
1.0011256105527382,107.00988819010519,61.36637185494552
1.0339135672302298,107.00988819010519,61.171447513271815
1.066701523907721,107.00988819010519,61.02541104895874
1.0994894805852127,107.00988819010519,60.84868535854278
1.132277437262704,107.00988819010519,60.893147176046384
1.1650653939401954,107.00988819010519,60.865912106453
1.197853350617687,107.00988819010519,60.86670064054481
1.2306413072951783,107.00988819010519,60.900556028009774
1.2634292639726699,107.00988819010519,60.891925212343445
1.2962172206501612,107.00988819010519,60.889658510867925
1.3290051773276526,107.00988819010519,61.077100155748816
1.3617931340051441,107.00988819010519,61.17825866864945
1.3945810906826355,107.00988819010519,61.26034618442014
1.4273690473601268,107.00988819010519,61.44372677550704
1.4601570040376184,107.00988819010519,61.57816815692526
1.4929449607151097,107.00988819010519,61.73645115372756
1.5257329173926013,107.00988819010519,61.85617901620626
1.5585208740700927,107.00988819010519,61.971671454953466
1.591308830747584,107.00988819010519,62.1902834980396
1.6240967874250756,107.00988819010519,62.482470410517635
1.656884744102567,107.00988819010519,62.70248295692502
1.6896727007800583,107.00988819010519,62.870155443941115
1.7224606574575498,107.00988819010519,63.05758457930473
1.7552486141350412,107.00988819010519,63.28169037088155
1.7880365708125325,107.00988819010519,63.58599596761065
1.820824527490024,107.00988819010519,63.91776257918062
1.8536124841675155,107.00988819010519,64.12441183626382
1.886400440845007,107.00988819010519,64.29117974057861
1.9191883975224984,107.00988819010519,64.45550828734949
1.9519763541999897,107.00988819010519,64.62831349384155
1.9847643108774813,107.00988819010519,64.72059007527744
2.0175522675549726,107.00988819010519,64.91983191017373
2.050340224232464,107.00988819010519,65.13517828690925
2.0831281809099558,107.00988819010519,65.30607875205851
2.1159161375874467,107.00988819010519,65.34698922578112
2.1487040942649385,107.00988819010519,65.50531807641535
2.18149205094243,107.00988819010519,65.70295160083191
2.214280007619921,107.00988819010519,65.93897609233204
2.247067964297413,107.00988819010519,66.21247784421708
2.279855920974904,107.00988819010519,66.52254314978832
2.3126438776523957,107.00988819010519,66.86825830234707
2.3454318343298866,107.00988819010519,67.24870959519458
2.3782197910073783,107.00988819010519,67.66298332163224
2.41100774768487,107.00988819010519,68.11016577496126
2.443795704362361,107.00988819010519,68.58934324848302
2.476583661039853,107.00988819010519,69.09960203549876
2.5093716177173437,107.00988819010519,69.64002842930977
2.5421595743948355,107.00988819010519,70.20970872321743
2.5749475310723273,107.00988819010519,70.80772921052301
2.6077354877498182,107.00988819010519,71.43317618452775
2.64052344442731,107.00988819010519,72.082386358461
2.673311401104801,107.00988819010519,72.74122633742388
2.7060993577822927,107.00988819010519,73.39936466913966
2.7388873144597845,107.00988819010519,74.04703031872761
2.7716752711372754,107.00988819010519,74.67445225130683
2.804463227814767,107.00988819010519,75.27185943199667
2.837251184492258,107.00988819010519,75.82948082591632
2.87003914116975,107.00988819010519,76.33754539818497
2.9028270978472417,107.00988819010519,76.78628211392191
2.9356150545247326,107.00988819010519,77.16591993824639
0.3453664770029097,111.21240034121263,68.97
0.37815443368040114,111.21240034121263,68.97
0.41094239035789254,111.21240034121263,95.70195148807484
0.44373034703538394,111.21240034121263,85.40014408001149
0.4765183037128754,111.21240034121263,81.02627331634979
0.5093062603903669,111.21240034121263,78.30906600785795
0.5420942170678582,111.21240034121263,76.05986321267194
0.5748821737453497,111.21240034121263,74.05785174791139
0.6076701304228411,111.21240034121263,72.3824435665932
0.6404580871003326,111.21240034121263,70.81381252619964
0.673246043777824,111.21240034121263,69.39710663236157
0.7060340004553154,111.21240034121263,68.04903884039864
0.7388219571328069,111.21240034121263,66.60988167274049
0.7716099138102983,111.21240034121263,65.44159733748394
0.8043978704877897,111.21240034121263,64.45600456410095
0.8371858271652811,111.21240034121263,63.71326438751881
0.8699737838427726,111.21240034121263,63.0773542164945
0.902761740520264,111.21240034121263,62.5374604511523
0.9355496971977555,111.21240034121263,62.15851491482952
0.9683376538752468,111.21240034121263,61.72240583885748
1.0011256105527382,111.21240034121263,61.46593908516437
1.0339135672302298,111.21240034121263,61.25967855632241
1.066701523907721,111.21240034121263,61.12481138126295
1.0994894805852127,111.21240034121263,60.91813804192884
1.132277437262704,111.21240034121263,60.99747782049247
1.1650653939401954,111.21240034121263,60.946251800626385
1.197853350617687,111.21240034121263,60.94568914103418
1.2306413072951783,111.21240034121263,60.99814000708466
1.2634292639726699,111.21240034121263,60.943106097779506
1.2962172206501612,111.21240034121263,60.96319748597793
1.3290051773276526,111.21240034121263,61.153561276524556
1.3617931340051441,111.21240034121263,61.247885985279204
1.3945810906826355,111.21240034121263,61.30115677396761
1.4273690473601268,111.21240034121263,61.50837072501646
1.4601570040376184,111.21240034121263,61.61526887333271
1.4929449607151097,111.21240034121263,61.781697210245696
1.5257329173926013,111.21240034121263,61.89981208776915
1.5585208740700927,111.21240034121263,61.99502805858879
1.591308830747584,111.21240034121263,62.20157388465401
1.6240967874250756,111.21240034121263,62.489173862717166
1.656884744102567,111.21240034121263,62.69901290424139
1.6896727007800583,111.21240034121263,62.85683087944033
1.7224606574575498,111.21240034121263,63.04130635179596
1.7552486141350412,111.21240034121263,63.25538011501018
1.7880365708125325,111.21240034121263,63.54277848390814
1.820824527490024,111.21240034121263,63.88558571602649
1.8536124841675155,111.21240034121263,64.07909946105792
1.886400440845007,111.21240034121263,64.24671682210196
1.9191883975224984,111.21240034121263,64.4106356771126
1.9519763541999897,111.21240034121263,64.59193075784297
1.9847643108774813,111.21240034121263,64.72211993540913
2.0175522675549726,111.21240034121263,64.78133390959395
2.050340224232464,111.21240034121263,64.90903127378738
2.0831281809099558,111.21240034121263,65.21506339360047
2.1159161375874467,111.21240034121263,65.41614064627763
2.1487040942649385,111.21240034121263,65.60015444307626
2.18149205094243,111.21240034121263,65.57358727361148
2.214280007619921,111.21240034121263,65.7100701674818
2.247067964297413,111.21240034121263,65.88918182858217
2.279855920974904,111.21240034121263,66.10986556538289
2.3126438776523957,111.21240034121263,66.37120767118529
2.3454318343298866,111.21240034121263,66.67229443929067
2.3782197910073783,111.21240034121263,67.01221216300036
2.41100774768487,111.21240034121263,67.39004713561562
2.443795704362361,111.21240034121263,67.80488565043778
2.476583661039853,111.21240034121263,68.25581400076814
2.5093716177173437,111.21240034121263,68.74191847990795
2.5421595743948355,111.21240034121263,69.26228538115859
2.5749475310723273,111.21240034121263,69.81600099782129
2.6077354877498182,111.21240034121263,70.40215162319738
2.64052344442731,111.21240034121263,71.01982355058819
2.673311401104801,111.21240034121263,71.66124692866548
2.7060993577822927,111.21240034121263,72.30455196464692
2.7388873144597845,111.21240034121263,72.9393437552863
2.7716752711372754,111.21240034121263,73.55585126570283
2.804463227814767,111.21240034121263,74.1443034610158
2.837251184492258,111.21240034121263,74.6949293063444
2.87003914116975,111.21240034121263,75.19795776680787
2.9028270978472417,111.21240034121263,75.64361780752542
2.9356150545247326,111.21240034121263,76.02213839361633
0.3453664770029097,115.41491249232008,68.97
0.37815443368040114,115.41491249232008,68.97
0.41094239035789254,115.41491249232008,94.81248653298368
0.44373034703538394,115.41491249232008,84.35858782240852
0.4765183037128754,115.41491249232008,80.20172616344671
0.5093062603903669,115.41491249232008,77.69199394252998
0.5420942170678582,115.41491249232008,75.58342592952205
0.5748821737453497,115.41491249232008,73.76507662827511
0.6076701304228411,115.41491249232008,72.27270331481836
0.6404580871003326,115.41491249232008,70.5745700701301
0.673246043777824,115.41491249232008,69.22206556825239
0.7060340004553154,115.41491249232008,67.9584047995084
0.7388219571328069,115.41491249232008,66.50039733101391
0.7716099138102983,115.41491249232008,65.40695324493863
0.8043978704877897,115.41491249232008,64.47237775241513
0.8371858271652811,115.41491249232008,63.74329805581625
0.8699737838427726,115.41491249232008,63.12013073776927
0.902761740520264,115.41491249232008,62.6176310896084
0.9355496971977555,115.41491249232008,62.23000683081156
0.9683376538752468,115.41491249232008,61.798393037885845
1.0011256105527382,115.41491249232008,61.583290338059356
1.0339135672302298,115.41491249232008,61.364506119033784
1.066701523907721,115.41491249232008,61.222978110818566
1.0994894805852127,115.41491249232008,61.005027831272436
1.132277437262704,115.41491249232008,61.11609349195742
1.1650653939401954,115.41491249232008,61.0409443981605
1.197853350617687,115.41491249232008,61.03552884872283
1.2306413072951783,115.41491249232008,61.09494422436788
1.2634292639726699,115.41491249232008,61.00121428649691
1.2962172206501612,115.41491249232008,61.05214788611466
1.3290051773276526,115.41491249232008,61.23609390982473
1.3617931340051441,115.41491249232008,61.319920027323505
1.3945810906826355,115.41491249232008,61.34423123868933
1.4273690473601268,115.41491249232008,61.57688417553385
1.4601570040376184,115.41491249232008,61.665261495324465
1.4929449607151097,115.41491249232008,61.82663928654581
1.5257329173926013,115.41491249232008,61.942771040212556
1.5585208740700927,115.41491249232008,62.022994778136386
1.591308830747584,115.41491249232008,62.21420343734389
1.6240967874250756,115.41491249232008,62.49623535329017
1.656884744102567,115.41491249232008,62.69894211708513
1.6896727007800583,115.41491249232008,62.84266082726205
1.7224606574575498,115.41491249232008,63.02229689167566
1.7552486141350412,115.41491249232008,63.23810299787997
1.7880365708125325,115.41491249232008,63.49625215397297
1.820824527490024,115.41491249232008,63.84514632665734
1.8536124841675155,115.41491249232008,64.036396119593
1.886400440845007,115.41491249232008,64.19850353236966
1.9191883975224984,115.41491249232008,64.37912033867475
1.9519763541999897,115.41491249232008,64.53972323678178
1.9847643108774813,115.41491249232008,64.69602629955628
2.0175522675549726,115.41491249232008,64.7983235780779
2.050340224232464,115.41491249232008,64.82097905257848
2.0831281809099558,115.41491249232008,64.86163298990719
2.1159161375874467,115.41491249232008,65.26342796658334
2.1487040942649385,115.41491249232008,65.49423576368402
2.18149205094243,115.41491249232008,65.64181028574544
2.214280007619921,115.41491249232008,65.88596580563842
2.247067964297413,115.41491249232008,65.87789708320115
2.279855920974904,115.41491249232008,65.91136201596939
2.3126438776523957,115.41491249232008,66.07404379508469
2.3454318343298866,115.41491249232008,66.28147875851717
2.3782197910073783,115.41491249232008,66.5327531995681
2.41100774768487,115.41491249232008,66.82695341153885
2.443795704362361,115.41491249232008,67.16316568773063
2.476583661039853,115.41491249232008,67.5404763214448
2.5093716177173437,115.41491249232008,67.95797160598264
2.5421595743948355,115.41491249232008,68.41473783464545
2.5749475310723273,115.41491249232008,68.90986130073455
2.6077354877498182,115.41491249232008,69.44242829755117
2.64052344442731,115.41491249232008,70.01152511839673
2.673311401104801,115.41491249232008,70.61623805657246
2.7060993577822927,115.41491249232008,71.24281056094833
2.7388873144597845,115.41491249232008,71.86317907690672
2.7716752711372754,115.41491249232008,72.4672227494281
2.804463227814767,115.41491249232008,73.04517054363176
2.837251184492258,115.41491249232008,73.58725142463688
2.87003914116975,115.41491249232008,74.08369435756266
2.9028270978472417,115.41491249232008,74.52472830752839
2.9356150545247326,115.41491249232008,74.90058223965332
0.3453664770029097,119.61742464342753,68.97
0.37815443368040114,119.61742464342753,68.97
0.41094239035789254,119.61742464342753,93.62916036693298
0.44373034703538394,119.61742464342753,83.38215856504573
0.4765183037128754,119.61742464342753,79.5068318246899
0.5093062603903669,119.61742464342753,77.20271149464392
0.5420942170678582,119.61742464342753,75.23844099327133
0.5748821737453497,119.61742464342753,73.60741658499519
0.6076701304228411,119.61742464342753,71.91464657212347
0.6404580871003326,119.61742464342753,70.39996792364421
0.673246043777824,119.61742464342753,69.02499946370288
0.7060340004553154,119.61742464342753,67.84657977600466
0.7388219571328069,119.61742464342753,66.3958894306731
0.7716099138102983,119.61742464342753,65.36922048627025
0.8043978704877897,119.61742464342753,64.48801208334359
0.8371858271652811,119.61742464342753,63.76609601401255
0.8699737838427726,119.61742464342753,63.17041384587934
0.902761740520264,119.61742464342753,62.706450023245026
0.9355496971977555,119.61742464342753,62.302116901966045
0.9683376538752468,119.61742464342753,61.88782452053474
1.0011256105527382,119.61742464342753,61.707434496549155
1.0339135672302298,119.61742464342753,61.480452838745755
1.066701523907721,119.61742464342753,61.309305212570834
1.0994894805852127,119.61742464342753,61.10690194381363
1.132277437262704,119.61742464342753,61.23435588960795
1.1650653939401954,119.61742464342753,61.14507042110667
1.197853350617687,119.61742464342753,61.134203063890155
1.2306413072951783,119.61742464342753,61.180256896501874
1.2634292639726699,119.61742464342753,61.0806519039793
1.2962172206501612,119.61742464342753,61.15169166227895
1.3290051773276526,119.61742464342753,61.32083410595156
1.3617931340051441,119.61742464342753,61.38490698969608
1.3945810906826355,119.61742464342753,61.39750394301537
1.4273690473601268,119.61742464342753,61.64344682844571
1.4601570040376184,119.61742464342753,61.722589307351804
1.4929449607151097,119.61742464342753,61.870325384737626
1.5257329173926013,119.61742464342753,61.98381968411449
1.5585208740700927,119.61742464342753,62.05405012500213
1.591308830747584,119.61742464342753,62.2284578881325
1.6240967874250756,119.61742464342753,62.503452018262536
1.656884744102567,119.61742464342753,62.70093928846726
1.6896727007800583,119.61742464342753,62.828898092231036
1.7224606574575498,119.61742464342753,63.001570526719306
1.7552486141350412,119.61742464342753,63.22025456528448
1.7880365708125325,119.61742464342753,63.4495024233663
1.820824527490024,119.61742464342753,63.79872664705212
1.8536124841675155,119.61742464342753,63.99939248884879
1.886400440845007,119.61742464342753,64.14877141050506
1.9191883975224984,119.61742464342753,64.33986152861755
1.9519763541999897,119.61742464342753,64.4599108748502
1.9847643108774813,119.61742464342753,64.64951303631976
2.0175522675549726,119.61742464342753,64.77106386525901
2.050340224232464,119.61742464342753,64.85810029263024
2.0831281809099558,119.61742464342753,64.84601532207351
2.1159161375874467,119.61742464342753,64.83387594201626
2.1487040942649385,119.61742464342753,65.30469963424376
2.18149205094243,119.61742464342753,65.55857672471956
2.214280007619921,119.61742464342753,65.79813492373555
2.247067964297413,119.61742464342753,65.83294339430338
2.279855920974904,119.61742464342753,66.14951865074072
2.3126438776523957,119.61742464342753,66.24780545325346
2.3454318343298866,119.61742464342753,66.11638524471137
2.3782197910073783,119.61742464342753,66.26472912317283
2.41100774768487,119.61742464342753,66.4610072945682
2.443795704362361,119.61742464342753,66.70430605219886
2.476583661039853,119.61742464342753,66.99371168936604
2.5093716177173437,119.61742464342753,67.32831049937111
2.5421595743948355,119.61742464342753,67.70718877551533
2.5749475310723273,119.61742464342753,68.12943281110005
2.6077354877498182,119.61742464342753,68.59412889942648
2.64052344442731,119.61742464342753,69.10036333379598
2.673311401104801,119.61742464342753,69.64722240750984
2.7060993577822927,119.61742464342753,70.2337924138694
2.7388873144597845,119.61742464342753,70.83813262822102
2.7716752711372754,119.61742464342753,71.4281630471148
2.804463227814767,119.61742464342753,71.99405702447666
2.837251184492258,119.61742464342753,72.52604352542583
2.87003914116975,119.61742464342753,73.01435151508154
2.9028270978472417,119.61742464342753,73.44920995856296
2.9356150545247326,119.61742464342753,73.82084782098941
0.3453664770029097,123.81993679453498,68.97
0.37815443368040114,123.81993679453498,68.97
0.41094239035789254,123.81993679453498,92.24585464641285
0.44373034703538394,123.81993679453498,82.49028718188458
0.4765183037128754,123.81993679453498,78.96102117404078
0.5093062603903669,123.81993679453498,76.83280300910761
0.5420942170678582,123.81993679453498,75.0164927488276
0.5748821737453497,123.81993679453498,73.44738738392262
0.6076701304228411,123.81993679453498,71.57445415161976
0.6404580871003326,123.81993679453498,70.20959988563173
0.673246043777824,123.81993679453498,68.82258419122095
0.7060340004553154,123.81993679453498,67.69659907956633
0.7388219571328069,123.81993679453498,66.29869836242977
0.7716099138102983,123.81993679453498,65.32992055278676
0.8043978704877897,123.81993679453498,64.50129217918142
0.8371858271652811,123.81993679453498,63.79062177536313
0.8699737838427726,123.81993679453498,63.22577172384686
0.902761740520264,123.81993679453498,62.79965707036907
0.9355496971977555,123.81993679453498,62.38375535319183
0.9683376538752468,123.81993679453498,61.98846943747794
1.0011256105527382,123.81993679453498,61.827811406805985
1.0339135672302298,123.81993679453498,61.60204135279801
1.066701523907721,123.81993679453498,61.393639417525605
1.0994894805852127,123.81993679453498,61.221307596792556
1.132277437262704,123.81993679453498,61.341584165369795
1.1650653939401954,123.81993679453498,61.25371039151619
1.197853350617687,123.81993679453498,61.24002266899361
1.2306413072951783,123.81993679453498,61.24802320873162
1.2634292639726699,123.81993679453498,61.175381159094776
1.2962172206501612,123.81993679453498,61.25701076547168
1.3290051773276526,123.81993679453498,61.404079578440594
1.3617931340051441,123.81993679453498,61.43835245277348
1.3945810906826355,123.81993679453498,61.45935332934321
1.4273690473601268,123.81993679453498,61.70637051901667
1.4601570040376184,123.81993679453498,61.78264436465507
1.4929449607151097,123.81993679453498,61.91180350693085
1.5257329173926013,123.81993679453498,62.02200602158467
1.5585208740700927,123.81993679453498,62.086672610591854
1.591308830747584,123.81993679453498,62.24683330398893
1.6240967874250756,123.81993679453498,62.510620993660176
1.656884744102567,123.81993679453498,62.70351895068789
1.6896727007800583,123.81993679453498,62.816291896181674
1.7224606574575498,123.81993679453498,62.980141584702324
1.7552486141350412,123.81993679453498,63.198214271533864
1.7880365708125325,123.81993679453498,63.40517324835795
1.820824527490024,123.81993679453498,63.74860891318972
1.8536124841675155,123.81993679453498,63.9683348716264
1.886400440845007,123.81993679453498,64.09975199563158
1.9191883975224984,123.81993679453498,64.29313251547819
1.9519763541999897,123.81993679453498,64.37434798575522
1.9847643108774813,123.81993679453498,64.59623840649462
2.0175522675549726,123.81993679453498,64.7328423276321
2.050340224232464,123.81993679453498,64.82194609328963
2.0831281809099558,123.81993679453498,64.88792820508957
2.1159161375874467,123.81993679453498,64.86293700262432
2.1487040942649385,123.81993679453498,64.80989266857951
2.18149205094243,123.81993679453498,65.24705057000878
2.214280007619921,123.81993679453498,65.58803111535212
2.247067964297413,123.81993679453498,65.82564582863566
2.279855920974904,123.81993679453498,66.08778415163579
2.3126438776523957,123.81993679453498,66.02052833230297
2.3454318343298866,123.81993679453498,66.39091496945464
2.3782197910073783,123.81993679453498,66.57414485849323
2.41100774768487,123.81993679453498,66.34059900275093
2.443795704362361,123.81993679453498,66.4684294356797
2.476583661039853,123.81993679453498,66.65564279636918
2.5093716177173437,123.81993679453498,66.8930578519107
2.5421595743948355,123.81993679453498,67.17976089560555
2.5749475310723273,123.81993679453498,67.51483822075508
2.6077354877498182,123.81993679453498,67.89737612066052
2.64052344442731,123.81993679453498,68.32646088862323
2.673311401104801,123.81993679453498,68.80117881794447
2.7060993577822927,123.81993679453498,69.32061620192557
2.7388873144597845,123.81993679453498,69.88380075386128
2.7716752711372754,123.81993679453498,70.458268503395
2.804463227814767,123.81993679453498,71.01055924818263
2.837251184492258,123.81993679453498,71.5309019533434
2.87003914116975,123.81993679453498,72.00952558399655
2.9028270978472417,123.81993679453498,72.43665910526124
2.9356150545247326,123.81993679453498,72.80253148225678
0.3453664770029097,128.02244894564242,80.72
0.37815443368040114,128.02244894564242,80.72
0.41094239035789254,128.02244894564242,90.76145216731673
0.44373034703538394,128.02244894564242,81.70240454688656
0.4765183037128754,128.02244894564242,78.57842902330958
0.5093062603903669,128.02244894564242,76.57385283082884
0.5420942170678582,128.02244894564242,74.90916554109867
0.5748821737453497,128.02244894564242,73.05414640483248
0.6076701304228411,128.02244894564242,71.32940757133021
0.6404580871003326,128.02244894564242,69.99903163528164
0.673246043777824,128.02244894564242,68.62525400661201
0.7060340004553154,128.02244894564242,67.52479646854304
0.7388219571328069,128.02244894564242,66.21082470753825
0.7716099138102983,128.02244894564242,65.2905749357961
0.8043978704877897,128.02244894564242,64.51071010104536
0.8371858271652811,128.02244894564242,63.81835634252341
0.8699737838427726,128.02244894564242,63.28371927017158
0.902761740520264,128.02244894564242,62.892992049287514
0.9355496971977555,128.02244894564242,62.4729530406434
0.9683376538752468,128.02244894564242,62.0980969393892
1.0011256105527382,128.02244894564242,61.934219226609
1.0339135672302298,128.02244894564242,61.72379429853036
1.066701523907721,128.02244894564242,61.48706662742702
1.0994894805852127,128.02244894564242,61.3457920074493
1.132277437262704,128.02244894564242,61.42971380643777
1.1650653939401954,128.02244894564242,61.36194483144038
1.197853350617687,128.02244894564242,61.35116047781296
1.2306413072951783,128.02244894564242,61.31061067371593
1.2634292639726699,128.02244894564242,61.279402890183654
1.2962172206501612,128.02244894564242,61.363287146693715
1.3290051773276526,128.02244894564242,61.4821285032863
1.3617931340051441,128.02244894564242,61.47846329521005
1.3945810906826355,128.02244894564242,61.526968036629064
1.4273690473601268,128.02244894564242,61.76436656496453
1.4601570040376184,128.02244894564242,61.84277855186425
1.4929449607151097,128.02244894564242,61.95012165523523
1.5257329173926013,128.02244894564242,62.056378054732825
1.5585208740700927,128.02244894564242,62.119340746311416
1.591308830747584,128.02244894564242,62.27077988709637
1.6240967874250756,128.02244894564242,62.51753941550899
1.656884744102567,128.02244894564242,62.70636133048992
1.6896727007800583,128.02244894564242,62.80558808435259
1.7224606574575498,128.02244894564242,62.959024393400135
1.7552486141350412,128.02244894564242,63.17328979799933
1.7880365708125325,128.02244894564242,63.366529349396174
1.820824527490024,128.02244894564242,63.69707536104908
1.8536124841675155,128.02244894564242,63.930620522309766
1.886400440845007,128.02244894564242,64.05367682687262
1.9191883975224984,128.02244894564242,64.24659195444657
1.9519763541999897,128.02244894564242,64.29534661327091
1.9847643108774813,128.02244894564242,64.52750320618948
2.0175522675549726,128.02244894564242,64.68893569975259
2.050340224232464,128.02244894564242,64.79136057536898
2.0831281809099558,128.02244894564242,64.86299356261135
2.1159161375874467,128.02244894564242,64.89957539418955
2.1487040942649385,128.02244894564242,64.87823837877636
2.18149205094243,128.02244894564242,64.79600679350716
2.214280007619921,128.02244894564242,65.16373630632734
2.247067964297413,128.02244894564242,65.63788457615405
2.279855920974904,128.02244894564242,65.88797849908624
2.3126438776523957,128.02244894564242,66.10998505667287
2.3454318343298866,128.02244894564242,66.3571587360982
2.3782197910073783,128.02244894564242,66.2196357372801
2.41100774768487,128.02244894564242,66.62047741405938
2.443795704362361,128.02244894564242,66.85831523413087
2.476583661039853,128.02244894564242,66.6633951222918
2.5093716177173437,128.02244894564242,66.69233635543864
2.5421595743948355,128.02244894564242,66.87257688675336
2.5749475310723273,128.02244894564242,67.10620022153694
2.6077354877498182,128.02244894564242,67.39229265309062
2.64052344442731,128.02244894564242,67.72994047471573
2.673311401104801,128.02244894564242,68.1182299797136
2.7060993577822927,128.02244894564242,68.55624746138548
2.7388873144597845,128.02244894564242,69.0430792130327
2.7716752711372754,128.02244894564242,69.57713546290086
2.804463227814767,128.02244894564242,70.1142735593818
2.837251184492258,128.02244894564242,70.62142305302173
2.87003914116975,128.02244894564242,71.08881290893984
2.9028270978472417,128.02244894564242,71.50667209225533
2.9356150545247326,128.02244894564242,71.86522956808753
0.3453664770029097,132.22496109674987,80.72
0.37815443368040114,132.22496109674987,80.72
0.41094239035789254,132.22496109674987,89.31121028061918
0.44373034703538394,132.22496109674987,81.0379415340131
0.4765183037128754,132.22496109674987,78.30976317852456
0.5093062603903669,132.22496109674987,76.41744530471544
0.5420942170678582,132.22496109674987,74.6819191921346
0.5748821737453497,132.22496109674987,72.70073387804064
0.6076701304228411,132.22496109674987,71.14944399226262
0.6404580871003326,132.22496109674987,69.79099206977726
0.673246043777824,132.22496109674987,68.43987335914716
0.7060340004553154,132.22496109674987,67.34772008782426
0.7388219571328069,132.22496109674987,66.13426904725266
0.7716099138102983,132.22496109674987,65.25270512660629
0.8043978704877897,132.22496109674987,64.51467114998836
0.8371858271652811,132.22496109674987,63.848174531230214
0.8699737838427726,132.22496109674987,63.34177138335322
0.902761740520264,132.22496109674987,62.982194778307225
0.9355496971977555,132.22496109674987,62.567740820475315
0.9683376538752468,132.22496109674987,62.214476176942384
1.0011256105527382,132.22496109674987,62.01896520995897
1.0339135672302298,132.22496109674987,61.84023431328249
1.066701523907721,132.22496109674987,61.587311519748425
1.0994894805852127,132.22496109674987,61.477902393023896
1.132277437262704,132.22496109674987,61.51745798025471
1.1650653939401954,132.22496109674987,61.46485426293056
1.197853350617687,132.22496109674987,61.46472120339494
1.2306413072951783,132.22496109674987,61.39107360728013
1.2634292639726699,132.22496109674987,61.387338519486555
1.2962172206501612,132.22496109674987,61.46570275694599
1.3290051773276526,132.22496109674987,61.551451164602604
1.3617931340051441,132.22496109674987,61.52822523820793
1.3945810906826355,132.22496109674987,61.59756978967192
1.4273690473601268,132.22496109674987,61.81614628400709
1.4601570040376184,132.22496109674987,61.900354621501286
1.4929449607151097,132.22496109674987,61.98939800914315
1.5257329173926013,132.22496109674987,62.08598378566862
1.5585208740700927,132.22496109674987,62.15053304356667
1.591308830747584,132.22496109674987,62.2974197015484
1.6240967874250756,132.22496109674987,62.524099145889565
1.656884744102567,132.22496109674987,62.70926356389926
1.6896727007800583,132.22496109674987,62.79904356211691
1.7224606574575498,132.22496109674987,62.939233280588184
1.7552486141350412,132.22496109674987,63.146788826052045
1.7880365708125325,132.22496109674987,63.336864575111555
1.820824527490024,132.22496109674987,63.64640822660909
1.8536124841675155,132.22496109674987,63.88532026494084
1.886400440845007,132.22496109674987,64.01277744335157
1.9191883975224984,132.22496109674987,64.20200755948444
1.9519763541999897,132.22496109674987,64.23126530893305
1.9847643108774813,132.22496109674987,64.44468989892673
2.0175522675549726,132.22496109674987,64.64224318737385
2.050340224232464,132.22496109674987,64.756074652413
2.0831281809099558,132.22496109674987,64.83416190618412
2.1159161375874467,132.22496109674987,64.90206783853301
2.1487040942649385,132.22496109674987,64.90627170589924
2.18149205094243,132.22496109674987,64.8984137350749
2.214280007619921,132.22496109674987,64.80472121240605
2.247067964297413,132.22496109674987,65.12956180688012
2.279855920974904,132.22496109674987,65.66845359620339
2.3126438776523957,132.22496109674987,65.92962689081696
2.3454318343298866,132.22496109674987,66.1673794963023
2.3782197910073783,132.22496109674987,66.40947595566149
2.41100774768487,132.22496109674987,66.59611054640617
2.443795704362361,132.22496109674987,66.438386753272
2.476583661039853,132.22496109674987,66.84852863683386
2.5093716177173437,132.22496109674987,67.11981432254177
2.5421595743948355,132.22496109674987,67.03649495519043
2.5749475310723273,132.22496109674987,66.9436415052829
2.6077354877498182,132.22496109674987,67.11900118855404
2.64052344442731,132.22496109674987,67.35092478391081
2.673311401104801,132.22496109674987,67.63849858465449
2.7060993577822927,132.22496109674987,67.98080888408636
2.7388873144597845,132.22496109674987,68.37694197550778
2.7716752711372754,132.22496109674987,68.82598415222
2.804463227814767,132.22496109674987,69.32479630270625
2.837251184492258,132.22496109674987,69.81720316909286
2.87003914116975,132.22496109674987,70.27180983454349
2.9028270978472417,132.22496109674987,70.67884526417737
2.9356150545247326,132.22496109674987,71.02853842311373
0.3453664770029097,136.4274732478573,80.72
0.37815443368040114,136.4274732478573,80.72
0.41094239035789254,136.4274732478573,87.93929307610162
0.44373034703538394,136.4274732478573,80.5163290172258
0.4765183037128754,136.4274732478573,78.13156160135557
0.5093062603903669,136.4274732478573,76.33333777135874
0.5420942170678582,136.4274732478573,74.33045227169814
0.5748821737453497,136.4274732478573,72.44335184482283
0.6076701304228411,136.4274732478573,70.99303613429312
0.6404580871003326,136.4274732478573,69.6115070927683
0.673246043777824,136.4274732478573,68.2732668235914
0.7060340004553154,136.4274732478573,67.1820272392022
0.7388219571328069,136.4274732478573,66.07103196282723
0.7716099138102983,136.4274732478573,65.21783261652526
0.8043978704877897,136.4274732478573,64.51008295009001
0.8371858271652811,136.4274732478573,63.87883703271311
0.8699737838427726,136.4274732478573,63.39744296189143
0.902761740520264,136.4274732478573,63.06300507573517
0.9355496971977555,136.4274732478573,62.666149548842085
0.9683376538752468,136.4274732478573,62.33530951929332
1.0011256105527382,136.4274732478573,62.101501632360026
1.0339135672302298,136.4274732478573,61.94588403439414
1.066701523907721,136.4274732478573,61.69209877196324
1.0994894805852127,136.4274732478573,61.61452508043959
1.132277437262704,136.4274732478573,61.60905278395636
1.1650653939401954,136.4274732478573,61.557519208038066
1.197853350617687,136.4274732478573,61.55783945486031
1.2306413072951783,136.4274732478573,61.485121405769256
1.2634292639726699,136.4274732478573,61.49430574800009
1.2962172206501612,136.4274732478573,61.559439547229324
1.3290051773276526,136.4274732478573,61.60808144222653
1.3617931340051441,136.4274732478573,61.59008567721001
1.3945810906826355,136.4274732478573,61.6682161642303
1.4273690473601268,136.4274732478573,61.860420993862164
1.4601570040376184,136.4274732478573,61.95273532608798
1.4929449607151097,136.4274732478573,62.03447429135942
1.5257329173926013,136.4274732478573,62.11271635380914
1.5585208740700927,136.4274732478573,62.17872801376347
1.591308830747584,136.4274732478573,62.323834717885354
1.6240967874250756,136.4274732478573,62.531324328580915
1.656884744102567,136.4274732478573,62.71202278694189
1.6896727007800583,136.4274732478573,62.79735594416852
1.7224606574575498,136.4274732478573,62.92178257404194
1.7552486141350412,136.4274732478573,63.120061472775404
1.7880365708125325,136.4274732478573,63.31913033064109
1.820824527490024,136.4274732478573,63.59888974584868
1.8536124841675155,136.4274732478573,63.835257773937386
1.886400440845007,136.4274732478573,63.97915543829496
1.9191883975224984,136.4274732478573,64.1602887407806
1.9519763541999897,136.4274732478573,64.19140771702372
1.9847643108774813,136.4274732478573,64.36272983688924
2.0175522675549726,136.4274732478573,64.59234830968752
2.050340224232464,136.4274732478573,64.72742630669129
2.0831281809099558,136.4274732478573,64.80068444294676
2.1159161375874467,136.4274732478573,64.87019720811415
2.1487040942649385,136.4274732478573,64.9413061630272
2.18149205094243,136.4274732478573,64.92101387125764
2.214280007619921,136.4274732478573,64.92995735606539
2.247067964297413,136.4274732478573,64.84854675129233
2.279855920974904,136.4274732478573,65.15595495945286
2.3126438776523957,136.4274732478573,65.6570499037841
2.3454318343298866,136.4274732478573,65.99870852251311
2.3782197910073783,136.4274732478573,66.23849410035096
2.41100774768487,136.4274732478573,66.44790240059595
2.443795704362361,136.4274732478573,66.70119664747264
2.476583661039853,136.4274732478573,66.81447346904649
2.5093716177173437,136.4274732478573,66.68490252431589
2.5421595743948355,136.4274732478573,67.08544095307047
2.5749475310723273,136.4274732478573,67.37951454606574
2.6077354877498182,136.4274732478573,67.38858202381462
2.64052344442731,136.4274732478573,67.24872881183475
2.673311401104801,136.4274732478573,67.40210732460443
2.7060993577822927,136.4274732478573,67.63442316186554
2.7388873144597845,136.4274732478573,67.92557031313038
2.7716752711372754,136.4274732478573,68.2746350717002
2.804463227814767,136.4274732478573,68.68070373087636
2.837251184492258,136.4274732478573,69.13783864618897
2.87003914116975,136.4274732478573,69.5781127054397
2.9028270978472417,136.4274732478573,69.97277496565945
2.9356150545247326,136.4274732478573,70.31205439196756
0.3453664770029097,140.62998539896475,80.72
0.37815443368040114,140.62998539896475,80.72
0.41094239035789254,140.62998539896475,86.66513142772558
0.44373034703538394,140.62998539896475,80.15699787048608
0.4765183037128754,140.62998539896475,78.03540863671033
0.5093062603903669,140.62998539896475,76.07918694601901
0.5420942170678582,140.62998539896475,74.04581830860006
0.5748821737453497,140.62998539896475,72.28921682959097
0.6076701304228411,140.62998539896475,70.85846410418745
0.6404580871003326,140.62998539896475,69.46141199402987
0.673246043777824,140.62998539896475,68.1320030337039
0.7060340004553154,140.62998539896475,67.04112866180587
0.7388219571328069,140.62998539896475,66.02311403551613
0.7716099138102983,140.62998539896475,65.18747889686094
0.8043978704877897,140.62998539896475,64.49890569321859
0.8371858271652811,140.62998539896475,63.90732326209436
0.8699737838427726,140.62998539896475,63.44824890428594
0.902761740520264,140.62998539896475,63.13116275987828
0.9355496971977555,140.62998539896475,62.76576177163906
0.9683376538752468,140.62998539896475,62.4510334626336
1.0011256105527382,140.62998539896475,62.186385694655044
1.0339135672302298,140.62998539896475,62.03526594607749
1.066701523907721,140.62998539896475,61.7991530615449
1.0994894805852127,140.62998539896475,61.74375818902696
1.132277437262704,140.62998539896475,61.702290577987306
1.1650653939401954,140.62998539896475,61.635020188814224
1.197853350617687,140.62998539896475,61.59712825524023
1.2306413072951783,140.62998539896475,61.584787671696944
1.2634292639726699,140.62998539896475,61.59358266241691
1.2962172206501612,140.62998539896475,61.63967946854462
1.3290051773276526,140.62998539896475,61.648345602282134
1.3617931340051441,140.62998539896475,61.658346321398795
1.3945810906826355,140.62998539896475,61.73332811506217
1.4273690473601268,140.62998539896475,61.895902012247504
1.4601570040376184,140.62998539896475,61.9972834181462
1.4929449607151097,140.62998539896475,62.08051922823297
1.5257329173926013,140.62998539896475,62.1395468379979
1.5585208740700927,140.62998539896475,62.202404168307645
1.591308830747584,140.62998539896475,62.346594261599805
1.6240967874250756,140.62998539896475,62.53989133877542
1.656884744102567,140.62998539896475,62.71443613564362
1.6896727007800583,140.62998539896475,62.799300147984866
1.7224606574575498,140.62998539896475,62.9076866015368
1.7552486141350412,140.62998539896475,63.094960211888015
1.7880365708125325,140.62998539896475,63.3033665762742
1.820824527490024,140.62998539896475,63.556802154746784
1.8536124841675155,140.62998539896475,63.785762127667866
1.886400440845007,140.62998539896475,63.95340358398799
1.9191883975224984,140.62998539896475,64.12287024362055
1.9519763541999897,140.62998539896475,64.16596743179163
1.9847643108774813,140.62998539896475,64.2906539647902
2.0175522675549726,140.62998539896475,64.53238438904232
2.050340224232464,140.62998539896475,64.70021427325628
2.0831281809099558,140.62998539896475,64.78280338895738
2.1159161375874467,140.62998539896475,64.83793375022361
2.1487040942649385,140.62998539896475,64.90851696545913
2.18149205094243,140.62998539896475,64.97559619476844
2.214280007619921,140.62998539896475,64.95204914890644
2.247067964297413,140.62998539896475,64.97936352629317
2.279855920974904,140.62998539896475,64.93998160631926
2.3126438776523957,140.62998539896475,65.25187915372139
2.3454318343298866,140.62998539896475,65.69118891003657
2.3782197910073783,140.62998539896475,66.09918340949228
2.41100774768487,140.62998539896475,66.32227004375575
2.443795704362361,140.62998539896475,66.5409823105722
2.476583661039853,140.62998539896475,66.75246364683159
2.5093716177173437,140.62998539896475,66.9836187348548
2.5421595743948355,140.62998539896475,67.03672722518279
2.5749475310723273,140.62998539896475,66.96730419444903
2.6077354877498182,140.62998539896475,67.34375496491597
2.64052344442731,140.62998539896475,67.64182705014748
2.673311401104801,140.62998539896475,67.70920182002506
2.7060993577822927,140.62998539896475,67.63772833692386
2.7388873144597845,140.62998539896475,67.72908691773775
2.7716752711372754,140.62998539896475,67.96388697823441
2.804463227814767,140.62998539896475,68.26069946135158
2.837251184492258,140.62998539896475,68.6186106603905
2.87003914116975,140.62998539896475,69.02731786626047
2.9028270978472417,140.62998539896475,69.4080575413337
2.9356150545247326,140.62998539896475,69.73537381928108
0.3453664770029097,144.8324975500722,80.72
0.37815443368040114,144.8324975500722,80.72
0.41094239035789254,144.8324975500722,85.50815620945254
0.44373034703538394,144.8324975500722,79.97937896775542
0.4765183037128754,144.8324975500722,77.94134435831752
0.5093062603903669,144.8324975500722,75.8466866583156
0.5420942170678582,144.8324975500722,73.85626163459982
0.5748821737453497,144.8324975500722,72.19284911410213
0.6076701304228411,144.8324975500722,70.75448295337655
0.6404580871003326,144.8324975500722,69.34779153271498
0.673246043777824,144.8324975500722,68.02421794068873
0.7060340004553154,144.8324975500722,66.93354438987052
0.7388219571328069,144.8324975500722,65.99251584657365
0.7716099138102983,144.8324975500722,65.16316545892136
0.8043978704877897,144.8324975500722,64.48667607813628
0.8371858271652811,144.8324975500722,63.93037423379896
0.8699737838427726,144.8324975500722,63.49137911528376
0.902761740520264,144.8324975500722,63.17952072319651
0.9355496971977555,144.8324975500722,62.8505576845186
0.9683376538752468,144.8324975500722,62.546082545892816
1.0011256105527382,144.8324975500722,62.271270100275736
1.0339135672302298,144.8324975500722,62.09801046130914
1.066701523907721,144.8324975500722,61.89589080970846
1.0994894805852127,144.8324975500722,61.849219495384105
1.132277437262704,144.8324975500722,61.793247008542174
1.1650653939401954,144.8324975500722,61.69243772731029
1.197853350617687,144.8324975500722,61.65755420204158
1.2306413072951783,144.8324975500722,61.66796935375325
1.2634292639726699,144.8324975500722,61.67352392455964
1.2962172206501612,144.8324975500722,61.70160447189272
1.3290051773276526,144.8324975500722,61.693673343895746
1.3617931340051441,144.8324975500722,61.716022531364146
1.3945810906826355,144.8324975500722,61.785582478914456
1.4273690473601268,144.8324975500722,61.921300656881016
1.4601570040376184,144.8324975500722,62.03131144119706
1.4929449607151097,144.8324975500722,62.117857319618146
1.5257329173926013,144.8324975500722,62.163237374320026
1.5585208740700927,144.8324975500722,62.22004001860509
1.591308830747584,144.8324975500722,62.363617184873505
1.6240967874250756,144.8324975500722,62.55031493325548
1.656884744102567,144.8324975500722,62.71633672952783
1.6896727007800583,144.8324975500722,62.80178768956617
1.7224606574575498,144.8324975500722,62.89795969084826
1.7552486141350412,144.8324975500722,63.073644378238
1.7880365708125325,144.8324975500722,63.28483779538995
1.820824527490024,144.8324975500722,63.52242768928228
1.8536124841675155,144.8324975500722,63.745383857228525
1.886400440845007,144.8324975500722,63.935861091664805
1.9191883975224984,144.8324975500722,64.09310896620258
1.9519763541999897,144.8324975500722,64.1504832963393
1.9847643108774813,144.8324975500722,64.2348683272844
2.0175522675549726,144.8324975500722,64.47237619958295
2.050340224232464,144.8324975500722,64.6747057272284
2.0831281809099558,144.8324975500722,64.7783905153313
2.1159161375874467,144.8324975500722,64.81823342968954
2.1487040942649385,144.8324975500722,64.87529778823904
2.18149205094243,144.8324975500722,64.95207558076396
2.214280007619921,144.8324975500722,65.00478200612193
2.247067964297413,144.8324975500722,65.00342597798723
2.279855920974904,144.8324975500722,65.05312653030359
2.3126438776523957,144.8324975500722,65.09308310823903
2.3454318343298866,144.8324975500722,65.41623860628567
2.3782197910073783,144.8324975500722,65.80483883030801
2.41100774768487,144.8324975500722,66.18568546037162
2.443795704362361,144.8324975500722,66.44437857972707
2.476583661039853,144.8324975500722,66.64882735285558
2.5093716177173437,144.8324975500722,66.84304369231675
2.5421595743948355,144.8324975500722,67.05693571037787
2.5749475310723273,144.8324975500722,67.25841920450749
2.6077354877498182,144.8324975500722,67.29128272538452
2.64052344442731,144.8324975500722,67.29333569824776
2.673311401104801,144.8324975500722,67.63063212248291
2.7060993577822927,144.8324975500722,67.90947628143778
2.7388873144597845,144.8324975500722,68.00430286877548
2.7716752711372754,144.8324975500722,68.02592215333863
2.804463227814767,144.8324975500722,68.10713159078732
2.837251184492258,144.8324975500722,68.34650785585067
2.87003914116975,144.8324975500722,68.65107765215133
2.9028270978472417,144.8324975500722,69.00428933583223
2.9356150545247326,144.8324975500722,69.31809304968644
0.3453664770029097,149.03500970117966,80.72
0.37815443368040114,149.03500970117966,80.72
0.41094239035789254,149.03500970117966,84.48779829524396
0.44373034703538394,149.03500970117966,79.93785708558384
0.4765183037128754,149.03500970117966,77.79292157515167
0.5093062603903669,149.03500970117966,75.70501628549862
0.5420942170678582,149.03500970117966,73.78631131930159
0.5748821737453497,149.03500970117966,72.15159821524759
0.6076701304228411,149.03500970117966,70.68984773329136
0.6404580871003326,149.03500970117966,69.2804329744479
0.673246043777824,149.03500970117966,67.95848703103276
0.7060340004553154,149.03500970117966,66.86753765960061
0.7388219571328069,149.03500970117966,65.97566518318816
0.7716099138102983,149.03500970117966,65.14775958994589
0.8043978704877897,149.03500970117966,64.47951157306653
0.8371858271652811,149.03500970117966,63.94497521847699
0.8699737838427726,149.03500970117966,63.5189832107024
0.902761740520264,149.03500970117966,63.19778611131506
0.9355496971977555,149.03500970117966,62.904086807484894
0.9683376538752468,149.03500970117966,62.606354517997346
1.0011256105527382,149.03500970117966,62.33461528462316
1.0339135672302298,149.03500970117966,62.12990630925498
1.066701523907721,149.03500970117966,61.957567682340134
1.0994894805852127,149.03500970117966,61.914733612033295
1.132277437262704,149.03500970117966,61.85345857567526
1.1650653939401954,149.03500970117966,61.724852345577666
1.197853350617687,149.03500970117966,61.71106679198346
1.2306413072951783,149.03500970117966,61.7205829190711
1.2634292639726699,149.03500970117966,61.72299568857228
1.2962172206501612,149.03500970117966,61.7403965082746
1.3290051773276526,149.03500970117966,61.73989414160706
1.3617931340051441,149.03500970117966,61.75201142736712
1.3945810906826355,149.03500970117966,61.817687096072504
1.4273690473601268,149.03500970117966,61.935477622907094
1.4601570040376184,149.03500970117966,62.051784908053385
1.4929449607151097,149.03500970117966,62.139544508081464
1.5257329173926013,149.03500970117966,62.1775136649583
1.5585208740700927,149.03500970117966,62.23011407606165
1.591308830747584,149.03500970117966,62.37361843624401
1.6240967874250756,149.03500970117966,62.56013828779042
1.656884744102567,149.03500970117966,62.71753748060584
1.6896727007800583,149.03500970117966,62.80330865265962
1.7224606574575498,149.03500970117966,62.8934032731625
1.7552486141350412,149.03500970117966,63.05827689443742
1.7880365708125325,149.03500970117966,63.270071844673275
1.820824527490024,149.03500970117966,63.49879298902503
1.8536124841675155,149.03500970117966,63.719414922415105
1.886400440845007,149.03500970117966,63.91617029245827
1.9191883975224984,149.03500970117966,64.07475569660488
1.9519763541999897,149.03500970117966,64.14613454199211
1.9847643108774813,149.03500970117966,64.20176933477032
2.0175522675549726,149.03500970117966,64.41919773150451
2.050340224232464,149.03500970117966,64.64710644784407
2.0831281809099558,149.03500970117966,64.78278521063635
2.1159161375874467,149.03500970117966,64.82496042729218
2.1487040942649385,149.03500970117966,64.85146808220041
2.18149205094243,149.03500970117966,64.92082861318424
2.214280007619921,149.03500970117966,65.00300255061329
2.247067964297413,149.03500970117966,65.05014925921427
2.279855920974904,149.03500970117966,65.07905998882335
2.3126438776523957,149.03500970117966,65.15901810792008
2.3454318343298866,149.03500970117966,65.32368502907642
2.3782197910073783,149.03500970117966,65.65093809986581
2.41100774768487,149.03500970117966,66.00694451645505
2.443795704362361,149.03500970117966,66.33647944511405
2.476583661039853,149.03500970117966,66.60543268927933
2.5093716177173437,149.03500970117966,66.80066916142634
2.5421595743948355,149.03500970117966,66.98028894282038
2.5749475310723273,149.03500970117966,67.16686316069082
2.6077354877498182,149.03500970117966,67.36004593151137
2.64052344442731,149.03500970117966,67.52538545669024
2.673311401104801,149.03500970117966,67.5864343006182
2.7060993577822927,149.03500970117966,67.66435187929004
2.7388873144597845,149.03500970117966,67.95031206711717
2.7716752711372754,149.03500970117966,68.18334754402039
2.804463227814767,149.03500970117966,68.27983467075474
2.837251184492258,149.03500970117966,68.39231535581584
2.87003914116975,149.03500970117966,68.55602243273339
2.9028270978472417,149.03500970117966,68.78947741754757
2.9356150545247326,149.03500970117966,69.07980842781573
0.3453664770029097,153.2375218522871,80.72
0.37815443368040114,153.2375218522871,80.72
0.41094239035789254,153.2375218522871,83.62191597240351
0.44373034703538394,153.2375218522871,79.89895155034687
0.4765183037128754,153.2375218522871,77.6927202117908
0.5093062603903669,153.2375218522871,75.6405777193125
0.5420942170678582,153.2375218522871,73.83303258087659
0.5748821737453497,153.2375218522871,72.18620669972192
0.6076701304228411,153.2375218522871,70.67337114763178
0.6404580871003326,153.2375218522871,69.26493633163302
0.673246043777824,153.2375218522871,67.94242722571589
0.7060340004553154,153.2375218522871,66.8490658273979
0.7388219571328069,153.2375218522871,65.97247135283925
0.7716099138102983,153.2375218522871,65.1456044004378
0.8043978704877897,153.2375218522871,64.47883922753738
0.8371858271652811,153.2375218522871,63.94993010157939
0.8699737838427726,153.2375218522871,63.526201320728134
0.902761740520264,153.2375218522871,63.20508108848279
0.9355496971977555,153.2375218522871,62.917976093695955
0.9683376538752468,153.2375218522871,62.622068429533655
1.0011256105527382,153.2375218522871,62.35019284383814
1.0339135672302298,153.2375218522871,62.14376536945823
1.066701523907721,153.2375218522871,61.98234160170168
1.0994894805852127,153.2375218522871,61.92022352212207
1.132277437262704,153.2375218522871,61.868377225104936
1.1650653939401954,153.2375218522871,61.73291972855003
1.197853350617687,153.2375218522871,61.722256023676486
1.2306413072951783,153.2375218522871,61.73383050840585
1.2634292639726699,153.2375218522871,61.73486620703316
1.2962172206501612,153.2375218522871,61.7516948386212
1.3290051773276526,153.2375218522871,61.75097071252496
1.3617931340051441,153.2375218522871,61.76232917276527
1.3945810906826355,153.2375218522871,61.82528581507473
1.4273690473601268,153.2375218522871,61.94156046410812
1.4601570040376184,153.2375218522871,62.05791148411175
1.4929449607151097,153.2375218522871,62.142328264846924
1.5257329173926013,153.2375218522871,62.184783732208565
1.5585208740700927,153.2375218522871,62.233554010215435
1.591308830747584,153.2375218522871,62.388670228713224
1.6240967874250756,153.2375218522871,62.5770173523782
1.656884744102567,153.2375218522871,62.704973561908744
1.6896727007800583,153.2375218522871,62.79148338515882
1.7224606574575498,153.2375218522871,62.8934345136638
1.7552486141350412,153.2375218522871,63.05351253270671
1.7880365708125325,153.2375218522871,63.263903917474444
1.820824527490024,153.2375218522871,63.49404742467004
1.8536124841675155,153.2375218522871,63.714318113467364
1.886400440845007,153.2375218522871,63.910970711754786
1.9191883975224984,153.2375218522871,64.06961745207198
1.9519763541999897,153.2375218522871,64.15552201755176
1.9847643108774813,153.2375218522871,64.1979158829241
2.0175522675549726,153.2375218522871,64.35968110500107
2.050340224232464,153.2375218522871,64.61196023963527
2.0831281809099558,153.2375218522871,64.79225297882095
2.1159161375874467,153.2375218522871,64.84338933316648
2.1487040942649385,153.2375218522871,64.8522522374613
2.18149205094243,153.2375218522871,64.90002076727751
2.214280007619921,153.2375218522871,64.98717379836245
2.247067964297413,153.2375218522871,65.06362686967839
2.279855920974904,153.2375218522871,65.09301387865935
2.3126438776523957,153.2375218522871,65.15416171296268
2.3454318343298866,153.2375218522871,65.3338490369215
2.3782197910073783,153.2375218522871,65.61807001004271
2.41100774768487,153.2375218522871,65.97004379834603
2.443795704362361,153.2375218522871,66.29970426564172
2.476583661039853,153.2375218522871,66.57785354019104
2.5093716177173437,153.2375218522871,66.80362662897609
2.5421595743948355,153.2375218522871,66.9861137200165
2.5749475310723273,153.2375218522871,67.15045426629707
2.6077354877498182,153.2375218522871,67.3284988833325
2.64052344442731,153.2375218522871,67.5169950927856
2.673311401104801,153.2375218522871,67.66805087343339
2.7060993577822927,153.2375218522871,67.77002704813496
2.7388873144597845,153.2375218522871,67.88700998991477
2.7716752711372754,153.2375218522871,68.08206561639007
2.804463227814767,153.2375218522871,68.32908618570234
2.837251184492258,153.2375218522871,68.43622810734182
2.87003914116975,153.2375218522871,68.54057002711097
2.9028270978472417,153.2375218522871,68.75978956701263
2.9356150545247326,153.2375218522871,69.03
0.3453664770029097,157.44003400339454,80.72
0.37815443368040114,157.44003400339454,80.72
0.41094239035789254,157.44003400339454,82.90313580123525
0.44373034703538394,157.44003400339454,79.86337631335606
0.4765183037128754,157.44003400339454,77.65778958980175
0.5093062603903669,157.44003400339454,75.60629171309166
0.5420942170678582,157.44003400339454,73.81128805802
0.5748821737453497,157.44003400339454,72.16493140209005
0.6076701304228411,157.44003400339454,70.66542796412246
0.6404580871003326,157.44003400339454,69.25645511654263
0.673246043777824,157.44003400339454,67.94188009013548
0.7060340004553154,157.44003400339454,66.85141595986877
0.7388219571328069,157.44003400339454,65.9834607938071
0.7716099138102983,157.44003400339454,65.15785396614417
0.8043978704877897,157.44003400339454,64.49421177888361
0.8371858271652811,157.44003400339454,63.96917304986502
0.8699737838427726,157.44003400339454,63.54649068988824
0.902761740520264,157.44003400339454,63.22541489448923
0.9355496971977555,157.44003400339454,62.93851823351235
0.9683376538752468,157.44003400339454,62.64633738846143
1.0011256105527382,157.44003400339454,62.374671215807034
1.0339135672302298,157.44003400339454,62.16809010339141
1.066701523907721,157.44003400339454,62.00768546422058
1.0994894805852127,157.44003400339454,61.94031872685754
1.132277437262704,157.44003400339454,61.89376508777661
1.1650653939401954,157.44003400339454,61.752926134365744
1.197853350617687,157.44003400339454,61.74500251355006
1.2306413072951783,157.44003400339454,61.75721206543877
1.2634292639726699,157.44003400339454,61.757465242793565
1.2962172206501612,157.44003400339454,61.762954917851836
1.3290051773276526,157.44003400339454,61.77390965846111
1.3617931340051441,157.44003400339454,61.78535627216955
1.3945810906826355,157.44003400339454,61.847177610221365
1.4273690473601268,157.44003400339454,61.95611066958145
1.4601570040376184,157.44003400339454,62.07858446904785
1.4929449607151097,157.44003400339454,62.16192914673243
1.5257329173926013,157.44003400339454,62.20567489166803
1.5585208740700927,157.44003400339454,62.24344195796952
1.591308830747584,157.44003400339454,62.40502595048709
1.6240967874250756,157.44003400339454,62.59360243528762
1.656884744102567,157.44003400339454,62.722159796953996
1.6896727007800583,157.44003400339454,62.80839078517946
1.7224606574575498,157.44003400339454,62.90992438779906
1.7552486141350412,157.44003400339454,63.06470016959655
1.7880365708125325,157.44003400339454,63.27457503980967
1.820824527490024,157.44003400339454,63.50060981929838
1.8536124841675155,157.44003400339454,63.72075892822584
1.886400440845007,157.44003400339454,63.918013099265636
1.9191883975224984,157.44003400339454,64.07568326066186
1.9519763541999897,157.44003400339454,64.16342586547236
1.9847643108774813,157.44003400339454,64.2038614196518
2.0175522675549726,157.44003400339454,64.35201676909115
2.050340224232464,157.44003400339454,64.6055634663157
2.0831281809099558,157.44003400339454,64.79537707799535
2.1159161375874467,157.44003400339454,64.84641201591351
2.1487040942649385,157.44003400339454,64.85517350366379
2.18149205094243,157.44003400339454,64.90222820287465
2.214280007619921,157.44003400339454,64.98761774489395
2.247067964297413,157.44003400339454,65.06801347173015
2.279855920974904,157.44003400339454,65.09064168554386
2.3126438776523957,157.44003400339454,65.15649295749233
2.3454318343298866,157.44003400339454,65.33669995994909
2.3782197910073783,157.44003400339454,65.61918536608106
2.41100774768487,157.44003400339454,65.9713290809652
2.443795704362361,157.44003400339454,66.29823069184353
2.476583661039853,157.44003400339454,66.57579386320865
2.5093716177173437,157.44003400339454,66.79551899770112
2.5421595743948355,157.44003400339454,66.97918596768059
2.5749475310723273,157.44003400339454,67.1433312826827
2.6077354877498182,157.44003400339454,67.32189289815993
2.64052344442731,157.44003400339454,67.51067215649982
2.673311401104801,157.44003400339454,67.66053260324003
2.7060993577822927,157.44003400339454,67.76266993277974
2.7388873144597845,157.44003400339454,67.88012461566622
2.7716752711372754,157.44003400339454,68.07076012892735
2.804463227814767,157.44003400339454,68.31883052447478
2.837251184492258,157.44003400339454,68.42535633145559
2.87003914116975,157.44003400339454,68.53163595567712
2.9028270978472417,157.44003400339454,68.74829198819776
2.9356150545247326,157.44003400339454,69.03
0.3453664770029097,161.64254615450199,80.72
0.37815443368040114,161.64254615450199,80.72
0.41094239035789254,161.64254615450199,82.33301082338185
0.44373034703538394,161.64254615450199,79.8030397327804
0.4765183037128754,161.64254615450199,77.58500301820362
0.5093062603903669,161.64254615450199,75.53502320288555
0.5420942170678582,161.64254615450199,73.76613890664798
0.5748821737453497,161.64254615450199,72.12083271647597
0.6076701304228411,161.64254615450199,70.65370777677848
0.6404580871003326,161.64254615450199,69.23920451349217
0.673246043777824,161.64254615450199,67.94073132676017
0.7060340004553154,161.64254615450199,66.86005502384164
0.7388219571328069,161.64254615450199,65.99625767944165
0.7716099138102983,161.64254615450199,65.18218975297717
0.8043978704877897,161.64254615450199,64.52622335891844
0.8371858271652811,161.64254615450199,64.00877305440498
0.8699737838427726,161.64254615450199,63.5828060807664
0.902761740520264,161.64254615450199,63.26728728816802
0.9355496971977555,161.64254615450199,62.98129977294498
0.9683376538752468,161.64254615450199,62.695650293245585
1.0011256105527382,161.64254615450199,62.424677474696
1.0339135672302298,161.64254615450199,62.21338988238766
1.066701523907721,161.64254615450199,62.05957227333556
1.0994894805852127,161.64254615450199,61.98744651885807
1.132277437262704,161.64254615450199,61.94665396889567
1.1650653939401954,161.64254615450199,61.79222796038466
1.197853350617687,161.64254615450199,61.79466356305438
1.2306413072951783,161.64254615450199,61.805910982055444
1.2634292639726699,161.64254615450199,61.80517617672567
1.2962172206501612,161.64254615450199,61.791675062900644
1.3290051773276526,161.64254615450199,61.82168144885469
1.3617931340051441,161.64254615450199,61.833314459785335
1.3945810906826355,161.64254615450199,61.89358141021727
1.4273690473601268,161.64254615450199,61.97620042930667
1.4601570040376184,161.64254615450199,62.12163205863513
1.4929449607151097,161.64254615450199,62.2027496019143
1.5257329173926013,161.64254615450199,62.24732400741414
1.5585208740700927,161.64254615450199,62.26230341744699
1.591308830747584,161.64254615450199,62.439065801830296
1.6240967874250756,161.64254615450199,62.628155732282764
1.656884744102567,161.64254615450199,62.75729655798449
1.6896727007800583,161.64254615450199,62.843612919084535
1.7224606574575498,161.64254615450199,62.94051792454932
1.7552486141350412,161.64254615450199,63.09109244219656
1.7880365708125325,161.64254615450199,63.29958709350055
1.820824527490024,161.64254615450199,63.50806228946282
1.8536124841675155,161.64254615450199,63.735381097246254
1.886400440845007,161.64254615450199,63.93326883682202
1.9191883975224984,161.64254615450199,64.0883098487854
1.9519763541999897,161.64254615450199,64.17828463715601
1.9847643108774813,161.64254615450199,64.21536968418238
2.0175522675549726,161.64254615450199,64.35352524898988
2.050340224232464,161.64254615450199,64.60623235833029
2.0831281809099558,161.64254615450199,64.79893027538934
2.1159161375874467,161.64254615450199,64.8527146442569
2.1487040942649385,161.64254615450199,64.86124911095533
2.18149205094243,161.64254615450199,64.91180200419775
2.214280007619921,161.64254615450199,64.99414734452618
2.247067964297413,161.64254615450199,65.07718181969183
2.279855920974904,161.64254615450199,65.09690080096784
2.3126438776523957,161.64254615450199,65.16954169745526
2.3454318343298866,161.64254615450199,65.34277613535698
2.3782197910073783,161.64254615450199,65.62163275260517
2.41100774768487,161.64254615450199,65.9733818203492
2.443795704362361,161.64254615450199,66.29510172592539
2.476583661039853,161.64254615450199,66.57135126566597
2.5093716177173437,161.64254615450199,66.78363558325823
2.5421595743948355,161.64254615450199,66.96078462941891
2.5749475310723273,161.64254615450199,67.1260944182596
2.6077354877498182,161.64254615450199,67.30417567610165
2.64052344442731,161.64254615450199,67.49151427187333
2.673311401104801,161.64254615450199,67.64626890414183
2.7060993577822927,161.64254615450199,67.74325702518054
2.7388873144597845,161.64254615450199,67.8621706696756
2.7716752711372754,161.64254615450199,68.04871612856026
2.804463227814767,161.64254615450199,68.29695744089946
2.837251184492258,161.64254615450199,68.40211647419444
2.87003914116975,161.64254615450199,68.50898376496536
2.9028270978472417,161.64254615450199,68.7189313324452
2.9356150545247326,161.64254615450199,69.03
0.3453664770029097,165.84505830560946,80.72
0.37815443368040114,165.84505830560946,91.77757705109653
0.41094239035789254,165.84505830560946,81.92022571895633
0.44373034703538394,165.84505830560946,79.74796001931516
0.4765183037128754,165.84505830560946,77.4807127386982
0.5093062603903669,165.84505830560946,75.43922548860384
0.5420942170678582,165.84505830560946,73.70261559317277
0.5748821737453497,165.84505830560946,72.0580537633261
0.6076701304228411,165.84505830560946,70.6266502407249
0.6404580871003326,165.84505830560946,69.21472199343626
0.673246043777824,165.84505830560946,67.93907018569881
0.7060340004553154,165.84505830560946,66.87390440271534
0.7388219571328069,165.84505830560946,66.00670712286325
0.7716099138102983,165.84505830560946,65.21624706375398
0.8043978704877897,165.84505830560946,64.57205403071933
0.8371858271652811,165.84505830560946,64.06525600109752
0.8699737838427726,165.84505830560946,63.61264935046245
0.902761740520264,165.84505830560946,63.322979262102294
0.9355496971977555,165.84505830560946,63.04255842295178
0.9683376538752468,165.84505830560946,62.76573624002072
1.0011256105527382,165.84505830560946,62.475191657621465
1.0339135672302298,165.84505830560946,62.2746119271786
1.066701523907721,165.84505830560946,62.133512898377866
1.0994894805852127,165.84505830560946,62.05707468418178
1.132277437262704,165.84505830560946,62.01191930814695
1.1650653939401954,165.84505830560946,61.84876866309492
1.197853350617687,165.84505830560946,61.866670427591835
1.2306413072951783,165.84505830560946,61.875649991809276
1.2634292639726699,165.84505830560946,61.871533619748355
1.2962172206501612,165.84505830560946,61.83681667003405
1.3290051773276526,165.84505830560946,61.89008371476175
1.3617931340051441,165.84505830560946,61.901988544799615
1.3945810906826355,165.84505830560946,61.96037873812581
1.4273690473601268,165.84505830560946,62.01309140172146
1.4601570040376184,165.84505830560946,62.18326107411723
1.4929449607151097,165.84505830560946,62.261199514983424
1.5257329173926013,165.84505830560946,62.30668215889556
1.5585208740700927,165.84505830560946,62.295313841535
1.591308830747584,165.84505830560946,62.48776791431069
1.6240967874250756,165.84505830560946,62.67765537493146
1.656884744102567,165.84505830560946,62.792213292523066
1.6896727007800583,165.84505830560946,62.89406606640838
1.7224606574575498,165.84505830560946,62.981757686727576
1.7552486141350412,165.84505830560946,63.130246783645745
1.7880365708125325,165.84505830560946,63.33649751168599
1.820824527490024,165.84505830560946,63.522955933193565
1.8536124841675155,165.84505830560946,63.7566893456208
1.886400440845007,165.84505830560946,63.95524225280344
1.9191883975224984,165.84505830560946,64.10637930339456
1.9519763541999897,165.84505830560946,64.19525310716108
1.9847643108774813,165.84505830560946,64.23180464002267
2.0175522675549726,165.84505830560946,64.36293708855149
2.050340224232464,165.84505830560946,64.61269745953328
2.0831281809099558,165.84505830560946,64.79972146365692
2.1159161375874467,165.84505830560946,64.86175261781325
2.1487040942649385,165.84505830560946,64.86972350030166
2.18149205094243,165.84505830560946,64.92737813090051
2.214280007619921,165.84505830560946,65.00604811033558
2.247067964297413,165.84505830560946,65.09056981697888
2.279855920974904,165.84505830560946,65.110700672394
2.3126438776523957,165.84505830560946,65.18836087627743
2.3454318343298866,165.84505830560946,65.35171839159281
2.3782197910073783,165.84505830560946,65.6256827625417
2.41100774768487,165.84505830560946,65.97345959345097
2.443795704362361,165.84505830560946,66.29059773506148
2.476583661039853,165.84505830560946,66.56464674474215
2.5093716177173437,165.84505830560946,66.7667554578226
2.5421595743948355,165.84505830560946,66.93210923644952
2.5749475310723273,165.84505830560946,67.09994320424578
2.6077354877498182,165.84505830560946,67.27672136722092
2.64052344442731,165.84505830560946,67.46089558896942
2.673311401104801,165.84505830560946,67.62517239639182
2.7060993577822927,165.84505830560946,67.71338969420529
2.7388873144597845,165.84505830560946,67.83411992197227
2.7716752711372754,165.84505830560946,68.01736882381066
2.804463227814767,165.84505830560946,68.26461224678098
2.837251184492258,165.84505830560946,68.36786287797395
2.87003914116975,165.84505830560946,68.47343244809056
2.9028270978472417,165.84505830560946,68.67253287816287
2.9356150545247326,165.84505830560946,69.03
0.3453664770029097,170.0475704567169,80.72
0.37815443368040114,170.0475704567169,88.4570925644155
0.41094239035789254,170.0475704567169,81.67346516807156
0.44373034703538394,170.0475704567169,79.65242866291555
0.4765183037128754,170.0475704567169,77.35127099298695
0.5093062603903669,170.0475704567169,75.32649843382572
0.5420942170678582,170.0475704567169,73.63871705094563
0.5748821737453497,170.0475704567169,71.98073766308688
0.6076701304228411,170.0475704567169,70.5867931488294
0.6404580871003326,170.0475704567169,69.18508487681986
0.673246043777824,170.0475704567169,67.93698591706021
0.7060340004553154,170.0475704567169,66.89135631279945
0.7388219571328069,170.0475704567169,66.0211636845223
0.7716099138102983,170.0475704567169,65.25666515761317
0.8043978704877897,170.0475704567169,64.62888385736379
0.8371858271652811,170.0475704567169,64.13512403767396
0.8699737838427726,170.0475704567169,63.64575298738573
0.902761740520264,170.0475704567169,63.38952627988843
0.9355496971977555,170.0475704567169,63.11853189449075
0.9683376538752468,170.0475704567169,62.85232432492143
1.0011256105527382,170.0475704567169,62.515588593082406
1.0339135672302298,170.0475704567169,62.34975879126506
1.066701523907721,170.0475704567169,62.22501820867878
1.0994894805852127,170.0475704567169,62.14467100888687
1.132277437262704,170.0475704567169,62.06719920633566
1.1650653939401954,170.0475704567169,61.920491698984684
1.197853350617687,170.0475704567169,61.95645436256481
1.2306413072951783,170.0475704567169,61.96215182825367
1.2634292639726699,170.0475704567169,61.93490880575358
1.2962172206501612,170.0475704567169,61.89651230404763
1.3290051773276526,170.0475704567169,61.97491408723844
1.3617931340051441,170.0475704567169,61.98716333639937
1.3945810906826355,170.0475704567169,62.032625698536215
1.4273690473601268,170.0475704567169,62.064740114767346
1.4601570040376184,170.0475704567169,62.25923723388521
1.4929449607151097,170.0475704567169,62.33368877053074
1.5257329173926013,170.0475704567169,62.3776124627479
1.5585208740700927,170.0475704567169,62.3417811077228
1.591308830747584,170.0475704567169,62.548110419496126
1.6240967874250756,170.0475704567169,62.73901988957087
1.656884744102567,170.0475704567169,62.81918167353832
1.6896727007800583,170.0475704567169,62.95666650668514
1.7224606574575498,170.0475704567169,63.03230810337457
1.7552486141350412,170.0475704567169,63.176519548951454
1.7880365708125325,170.0475704567169,63.38286372750495
1.820824527490024,170.0475704567169,63.54646818068597
1.8536124841675155,170.0475704567169,63.7831883984417
1.886400440845007,170.0475704567169,63.98136097921463
1.9191883975224984,170.0475704567169,64.12877371144127
1.9519763541999897,170.0475704567169,64.2091731685044
1.9847643108774813,170.0475704567169,64.2525753264942
2.0175522675549726,170.0475704567169,64.3786862311708
2.050340224232464,170.0475704567169,64.62368931377898
2.0831281809099558,170.0475704567169,64.80260252922234
2.1159161375874467,170.0475704567169,64.87298133619925
2.1487040942649385,170.0475704567169,64.87983526279089
2.18149205094243,170.0475704567169,64.94286667225379
2.214280007619921,170.0475704567169,65.02260555539858
2.247067964297413,170.0475704567169,65.10768298642284
2.279855920974904,170.0475704567169,65.1309507472851
2.3126438776523957,170.0475704567169,65.20787785071985
2.3454318343298866,170.0475704567169,65.3629876438126
2.3782197910073783,170.0475704567169,65.63124363523649
2.41100774768487,170.0475704567169,65.97200729971831
2.443795704362361,170.0475704567169,66.28499908642594
2.476583661039853,170.0475704567169,66.5545366168053
2.5093716177173437,170.0475704567169,66.74521451093966
2.5421595743948355,170.0475704567169,66.89435931999044
2.5749475310723273,170.0475704567169,67.06608903845587
2.6077354877498182,170.0475704567169,67.24090412158114
2.64052344442731,170.0475704567169,67.42019025785146
2.673311401104801,170.0475704567169,67.59770018754575
2.7060993577822927,170.0475704567169,67.68263339428384
2.7388873144597845,170.0475704567169,67.79694414258553
2.7716752711372754,170.0475704567169,67.97824830871095
2.804463227814767,170.0475704567169,68.22302413942558
2.837251184492258,170.0475704567169,68.32499219782831
2.87003914116975,170.0475704567169,68.42580099816753
2.9028270978472417,170.0475704567169,68.6316384347424
2.9356150545247326,170.0475704567169,69.03
0.3453664770029097,174.25008260782434,80.72
0.37815443368040114,174.25008260782434,87.67685754380244
0.41094239035789254,174.25008260782434,81.61074769293518
0.44373034703538394,174.25008260782434,79.50716644024168
0.4765183037128754,174.25008260782434,77.20303002277159
0.5093062603903669,174.25008260782434,75.19947772265837
0.5420942170678582,174.25008260782434,73.58105051679048
0.5748821737453497,174.25008260782434,71.89302753620473
0.6076701304228411,174.25008260782434,70.53707895948979
0.6404580871003326,174.25008260782434,69.15268537946031
0.673246043777824,174.25008260782434,67.9345677709533
0.7060340004553154,174.25008260782434,66.90790287487609
0.7388219571328069,174.25008260782434,66.03923261688972
0.7716099138102983,174.25008260782434,65.30219528581569
0.8043978704877897,174.25008260782434,64.69389290192939
0.8371858271652811,174.25008260782434,64.20755397499563
0.8699737838427726,174.25008260782434,63.69255423751334
0.902761740520264,174.25008260782434,63.465273651709026
0.9355496971977555,174.25008260782434,63.20545789851984
0.9683376538752468,174.25008260782434,62.9481694150364
1.0011256105527382,174.25008260782434,62.56442324745806
1.0339135672302298,174.25008260782434,62.436833028147845
1.066701523907721,174.25008260782434,62.32959907356958
1.0994894805852127,174.25008260782434,62.24534511074666
1.132277437262704,174.25008260782434,62.11176213733805
1.1650653939401954,174.25008260782434,62.00534052454212
1.197853350617687,174.25008260782434,62.05944662337575
1.2306413072951783,174.25008260782434,62.06113922494207
1.2634292639726699,174.25008260782434,61.98892983406748
1.2962172206501612,174.25008260782434,61.968894529736986
1.3290051773276526,174.25008260782434,62.071325216180234
1.3617931340051441,174.25008260782434,62.08462364377159
1.3945810906826355,174.25008260782434,62.097412657568526
1.4273690473601268,174.25008260782434,62.12933227491904
1.4601570040376184,174.25008260782434,62.34354128244085
1.4929449607151097,174.25008260782434,62.416627253147254
1.5257329173926013,174.25008260782434,62.44487727980708
1.5585208740700927,174.25008260782434,62.40007416496421
1.591308830747584,174.25008260782434,62.6152498840044
1.6240967874250756,174.25008260782434,62.807583735433134
1.656884744102567,174.25008260782434,62.851589619410525
1.6896727007800583,174.25008260782434,63.02833051944918
1.7224606574575498,174.25008260782434,63.09083360353102
1.7552486141350412,174.25008260782434,63.2201767983121
1.7880365708125325,174.25008260782434,63.4362431740964
1.820824527490024,174.25008260782434,63.57712682402316
1.8536124841675155,174.25008260782434,63.813279730811416
1.886400440845007,174.25008260782434,64.00978092571414
1.9191883975224984,174.25008260782434,64.15414610491379
1.9519763541999897,174.25008260782434,64.22102782827255
1.9847643108774813,174.25008260782434,64.27709078291844
2.0175522675549726,174.25008260782434,64.39600838930214
2.050340224232464,174.25008260782434,64.63793846492153
2.0831281809099558,174.25008260782434,64.80786579893784
2.1159161375874467,174.25008260782434,64.88585619903168
2.1487040942649385,174.25008260782434,64.8913177844111
2.18149205094243,174.25008260782434,64.95605939309331
2.214280007619921,174.25008260782434,65.04310519279163
2.247067964297413,174.25008260782434,65.12802685085526
2.279855920974904,174.25008260782434,65.15656047310397
2.3126438776523957,174.25008260782434,65.22799862104648
2.3454318343298866,174.25008260782434,65.3758876062813
2.3782197910073783,174.25008260782434,65.63811444406845
2.41100774768487,174.25008260782434,65.97004907279194
2.443795704362361,174.25008260782434,66.27858614719291
2.476583661039853,174.25008260782434,66.5397360275738
2.5093716177173437,174.25008260782434,66.71935812952687
2.5421595743948355,174.25008260782434,66.84931959595815
2.5749475310723273,174.25008260782434,67.02573748685994
2.6077354877498182,174.25008260782434,67.1982549380035
2.64052344442731,174.25008260782434,67.37230227674742
2.673311401104801,174.25008260782434,67.56430938515929
2.7060993577822927,174.25008260782434,67.65620277000097
2.7388873144597845,174.25008260782434,67.75161510154467
2.7716752711372754,174.25008260782434,67.93237362629202
2.804463227814767,174.25008260782434,68.17342231613932
2.837251184492258,174.25008260782434,68.27523805488877
2.87003914116975,174.25008260782434,68.36690840831109
2.9028270978472417,174.25008260782434,68.62536644673148
2.9356150545247326,174.25008260782434,69.03
0.3453664770029097,178.45259475893178,80.72
0.37815443368040114,178.45259475893178,87.40012206729486
0.41094239035789254,178.45259475893178,81.55953790360708
0.44373034703538394,178.45259475893178,79.3221204752855
0.4765183037128754,178.45259475893178,77.0450934496158
0.5093062603903669,178.45259475893178,75.06079903920913
0.5420942170678582,178.45259475893178,73.52949665035737
0.5748821737453497,178.45259475893178,71.79906650312607
0.6076701304228411,178.45259475893178,70.47890233936104
0.6404580871003326,178.45259475893178,69.11816529853682
0.673246043777824,178.45259475893178,67.9319049974869
0.7060340004553154,178.45259475893178,66.92221681337332
0.7388219571328069,178.45259475893178,66.06059818150335
0.7716099138102983,178.45259475893178,65.35184463358414
0.8043978704877897,178.45259475893178,64.76426122749358
0.8371858271652811,178.45259475893178,64.27424062612616
0.8699737838427726,178.45259475893178,63.75109461837347
0.902761740520264,178.45259475893178,63.548566687746785
0.9355496971977555,178.45259475893178,63.29957414599701
0.9683376538752468,178.45259475893178,63.03948619284096
1.0011256105527382,178.45259475893178,62.62956944423055
1.0339135672302298,178.45259475893178,62.533837191327805
1.066701523907721,178.45259475893178,62.44276635589663
1.0994894805852127,178.45259475893178,62.34640263878289
1.132277437262704,178.45259475893178,62.16744211155981
1.1650653939401954,178.45259475893178,62.10125859625537
1.197853350617687,178.45259475893178,62.17039182821439
1.2306413072951783,178.45259475893178,62.165111840018575
1.2634292639726699,178.45259475893178,62.03588877390289
1.2962172206501612,178.45259475893178,62.05209591189763
1.3290051773276526,178.45259475893178,62.17393200728354
1.3617931340051441,178.45259475893178,62.18953409088205
1.3945810906826355,178.45259475893178,62.152518215581914
1.4273690473601268,178.45259475893178,62.205071362082585
1.4601570040376184,178.45259475893178,62.43384611678771
1.4929449607151097,178.45259475893178,62.506424826327155
1.5257329173926013,178.45259475893178,62.504562868678434
1.5585208740700927,178.45259475893178,62.46856196221296
1.591308830747584,178.45259475893178,62.6805576055818
1.6240967874250756,178.45259475893178,62.88081461752743
1.656884744102567,178.45259475893178,62.895186623494716
1.6896727007800583,178.45259475893178,63.105929949611344
1.7224606574575498,178.45259475893178,63.15599861623771
1.7552486141350412,178.45259475893178,63.25974805882105
1.7880365708125325,178.45259475893178,63.49419328054042
1.820824527490024,178.45259475893178,63.61391143197
1.8536124841675155,178.45259475893178,63.84322347578759
1.886400440845007,178.45259475893178,64.03997022817154
1.9191883975224984,178.45259475893178,64.17912271554182
1.9519763541999897,178.45259475893178,64.23678574868089
1.9847643108774813,178.45259475893178,64.30476004861701
2.0175522675549726,178.45259475893178,64.41359850409191
2.050340224232464,178.45259475893178,64.6538718147329
2.0831281809099558,178.45259475893178,64.81500009086909
2.1159161375874467,178.45259475893178,64.89914631985022
2.1487040942649385,178.45259475893178,64.90391326781683
2.18149205094243,178.45259475893178,64.9667294405126
2.214280007619921,178.45259475893178,65.06683253559122
2.247067964297413,178.45259475893178,65.15110693310758
2.279855920974904,178.45259475893178,65.18643929731327
2.3126438776523957,178.45259475893178,65.25046911077392
2.3454318343298866,178.45259475893178,65.39025553028866
2.3782197910073783,178.45259475893178,65.6460942624164
2.41100774768487,178.45259475893178,65.96771091061099
2.443795704362361,178.45259475893178,66.27162643825105
2.476583661039853,178.45259475893178,66.5201004451527
2.5093716177173437,178.45259475893178,66.68953170050173
2.5421595743948355,178.45259475893178,66.80174382598196
2.5749475310723273,178.45259475893178,66.9799061309472
2.6077354877498182,178.45259475893178,67.150124433202
2.64052344442731,178.45259475893178,67.3220096911501
2.673311401104801,178.45259475893178,67.52545709678803
2.7060993577822927,178.45259475893178,67.62608138354541
2.7388873144597845,178.45259475893178,67.69910852121272
2.7716752711372754,178.45259475893178,67.8804003906816
2.804463227814767,178.45259475893178,68.11703597422849
2.837251184492258,178.45259475893178,68.21989279060712
2.87003914116975,178.45259475893178,68.29757367163614
2.9028270978472417,178.45259475893178,69.03
2.9356150545247326,178.45259475893178,69.03
0.3453664770029097,182.65510691003922,80.72
0.37815443368040114,182.65510691003922,86.73029286888125
0.41094239035789254,182.65510691003922,81.43361068346563
0.44373034703538394,182.65510691003922,79.11459738054113
0.4765183037128754,182.65510691003922,76.89042757359196
0.5093062603903669,182.65510691003922,74.91309806758514
0.5420942170678582,182.65510691003922,73.46261213926853
0.5748821737453497,182.65510691003922,71.70300222547816
0.6076701304228411,182.65510691003922,70.41365795509807
0.6404580871003326,182.65510691003922,69.08209195543334
0.673246043777824,182.65510691003922,67.92905327384614
0.7060340004553154,182.65510691003922,66.93366485450575
0.7388219571328069,182.65510691003922,66.08481954588048
0.7716099138102983,182.65510691003922,65.40462038614105
0.8043978704877897,182.65510691003922,64.83704766623909
0.8371858271652811,182.65510691003922,64.3331744786047
0.8699737838427726,182.65510691003922,63.819462010715014
0.902761740520264,182.65510691003922,63.63775069818426
0.9355496971977555,182.65510691003922,63.397118536416315
0.9683376538752468,182.65510691003922,63.122880669970115
1.0011256105527382,182.65510691003922,62.70855861165417
1.0339135672302298,182.65510691003922,62.63877383430574
1.066701523907721,182.65510691003922,62.55976514013043
1.0994894805852127,182.65510691003922,62.441535554398016
1.132277437262704,182.65510691003922,62.2383364423924
1.1650653939401954,182.65510691003922,62.206189370612606
1.197853350617687,182.65510691003922,62.284870464579384
1.2306413072951783,182.65510691003922,62.26475106785533
1.2634292639726699,182.65510691003922,62.09615305085546
1.2962172206501612,182.65510691003922,62.1442490153252
1.3290051773276526,182.65510691003922,62.28062786984285
1.3617931340051441,182.65510691003922,62.292934846809885
1.3945810906826355,182.65510691003922,62.20357535332776
1.4273690473601268,182.65510691003922,62.29016085616407
1.4601570040376184,182.65510691003922,62.52848522829027
1.4929449607151097,182.65510691003922,62.5975595024507
1.5257329173926013,182.65510691003922,62.55406097837324
1.5585208740700927,182.65510691003922,62.54561344842289
1.591308830747584,182.65510691003922,62.742024703278894
1.6240967874250756,182.65510691003922,62.95736514592597
1.656884744102567,182.65510691003922,62.94828841614001
1.6896727007800583,182.65510691003922,63.183858701117614
1.7224606574575498,182.65510691003922,63.22646757053537
1.7552486141350412,182.65510691003922,63.294454831057806
1.7880365708125325,182.65510691003922,63.55410078841589
1.820824527490024,182.65510691003922,63.65587646766863
1.8536124841675155,182.65510691003922,63.871395188321515
1.886400440845007,182.65510691003922,64.07139702245637
1.9191883975224984,182.65510691003922,64.20239742316203
1.9519763541999897,182.65510691003922,64.25638594912456
1.9847643108774813,182.65510691003922,64.33499216291143
2.0175522675549726,182.65510691003922,64.43143466567196
2.050340224232464,182.65510691003922,64.67022718116255
2.0831281809099558,182.65510691003922,64.82345924199562
2.1159161375874467,182.65510691003922,64.91100601737493
2.1487040942649385,182.65510691003922,64.91736391566256
2.18149205094243,182.65510691003922,64.97834781174868
2.214280007619921,182.65510691003922,65.09305253558169
2.247067964297413,182.65510691003922,65.17642875601132
2.279855920974904,182.65510691003922,65.21904721679421
2.3126438776523957,182.65510691003922,65.27527698864151
2.3454318343298866,182.65510691003922,65.40596885180035
2.3782197910073783,182.65510691003922,65.65498216365916
2.41100774768487,182.65510691003922,65.96511881111458
2.443795704362361,182.65510691003922,66.26371193146828
2.476583661039853,182.65510691003922,66.49597193054524
2.5093716177173437,182.65510691003922,66.65608061078173
2.5421595743948355,182.65510691003922,66.75384507886037
2.5749475310723273,182.65510691003922,66.92958778388768
2.6077354877498182,182.65510691003922,67.09750693771817
2.64052344442731,182.65510691003922,67.27095221210271
2.673311401104801,182.65510691003922,67.48160042998772
2.7060993577822927,182.65510691003922,67.59001470726986
2.7388873144597845,182.65510691003922,67.64231827066409
2.7716752711372754,182.65510691003922,67.82333907269343
2.804463227814767,182.65510691003922,68.05509431099918
2.837251184492258,182.65510691003922,68.15906490338233
2.87003914116975,182.65510691003922,68.22102460183405
2.9028270978472417,182.65510691003922,69.03
2.9356150545247326,182.65510691003922,69.03
0.3453664770029097,186.8576190611467,80.72
0.37815443368040114,186.8576190611467,85.76125160505163
0.41094239035789254,186.8576190611467,81.24763063066848
0.44373034703538394,186.8576190611467,78.89263980435135
0.4765183037128754,186.8576190611467,76.74245957793352
0.5093062603903669,186.8576190611467,74.75901049189369
0.5420942170678582,186.8576190611467,73.37491567996143
0.5748821737453497,186.8576190611467,71.60846308247727
0.6076701304228411,186.8576190611467,70.34274047335587
0.6404580871003326,186.8576190611467,69.0450326715336
0.673246043777824,186.8576190611467,67.92589643081685
0.7060340004553154,186.8576190611467,66.94229524282119
0.7388219571328069,186.8576190611467,66.11140030369369
0.7716099138102983,186.8576190611467,65.459529728709
0.8043978704877897,186.8576190611467,64.90897560194018
0.8371858271652811,186.8576190611467,64.3823460199705
0.8699737838427726,186.8576190611467,63.89600633888736
0.902761740520264,186.8576190611467,63.73117099320409
0.9355496971977555,186.8576190611467,63.49475980747221
0.9683376538752468,186.8576190611467,63.19587613891763
1.0011256105527382,186.8576190611467,62.798922133375754
1.0339135672302298,186.8576190611467,62.74964551058244
1.066701523907721,186.8576190611467,62.67750211040787
1.0994894805852127,186.8576190611467,62.52837789661926
1.132277437262704,186.8576190611467,62.322031240404826
1.1650653939401954,186.8576190611467,62.31807630410197
1.197853350617687,186.8576190611467,62.40087656774976
1.2306413072951783,186.8576190611467,62.357522519586354
1.2634292639726699,186.8576190611467,62.1704321868935
1.2962172206501612,186.8576190611467,62.24348640481522
1.3290051773276526,186.8576190611467,62.389545368623196
1.3617931340051441,186.8576190611467,62.39113378130975
1.3945810906826355,186.8576190611467,62.268929934139095
1.4273690473601268,186.8576190611467,62.38280423706956
1.4601570040376184,186.8576190611467,62.625792108313114
1.4929449607151097,186.8576190611467,62.68560014538152
1.5257329173926013,186.8576190611467,62.60206681843622
1.5585208740700927,186.8576190611467,62.62959757254777
1.591308830747584,186.8576190611467,62.79821404811314
1.6240967874250756,186.8576190611467,63.03588793070101
1.656884744102567,186.8576190611467,63.009210761134135
1.6896727007800583,186.8576190611467,63.258513086736855
1.7224606574575498,186.8576190611467,63.300904895464754
1.7552486141350412,186.8576190611467,63.33490677698813
1.7880365708125325,186.8576190611467,63.614355659606
1.820824527490024,186.8576190611467,63.70207639426118
1.8536124841675155,186.8576190611467,63.89734775713701
1.886400440845007,186.8576190611467,64.10352944443814
1.9191883975224984,186.8576190611467,64.22333992589397
1.9519763541999897,186.8576190611467,64.2791961235004
1.9847643108774813,186.8576190611467,64.36719616512319
2.0175522675549726,186.8576190611467,64.44974182401315
2.050340224232464,186.8576190611467,64.68676312875746
2.0831281809099558,186.8576190611467,64.83301389923572
2.1159161375874467,186.8576190611467,64.92085384034678
2.1487040942649385,186.8576190611467,64.93141193060285
2.18149205094243,186.8576190611467,64.99125162765104
2.214280007619921,186.8576190611467,65.12065304560534
2.247067964297413,186.8576190611467,65.20349784239801
2.279855920974904,186.8576190611467,65.25276130801426
2.3126438776523957,186.8576190611467,65.30223066688917
2.3454318343298866,186.8576190611467,65.42352448849152
2.3782197910073783,186.8576190611467,65.6645772211756
2.41100774768487,186.8576190611467,65.96239877224181
2.443795704362361,186.8576190611467,66.25351037639624
2.476583661039853,186.8576190611467,66.46769394695725
2.5093716177173437,186.8576190611467,66.61935024728433
2.5421595743948355,186.8576190611467,66.70731885993901
2.5749475310723273,186.8576190611467,66.8757752588514
2.6077354877498182,186.8576190611467,67.0413952647221
2.64052344442731,186.8576190611467,67.22065562860995
2.673311401104801,186.8576190611467,67.43319649231402
2.7060993577822927,186.8576190611467,67.54846352895709
2.7388873144597845,186.8576190611467,67.58607681279626
2.7716752711372754,186.8576190611467,67.76220244532563
2.804463227814767,186.8576190611467,67.98882652375764
2.837251184492258,186.8576190611467,68.09321316228444
2.87003914116975,186.8576190611467,68.15033796117834
2.9028270978472417,186.8576190611467,69.03
2.9356150545247326,186.8576190611467,69.03
0.3453664770029097,191.06013121225413,80.72
0.37815443368040114,191.06013121225413,84.58687993229631
0.41094239035789254,191.06013121225413,81.0162623433734
0.44373034703538394,191.06013121225413,78.66034901435138
0.4765183037128754,191.06013121225413,76.60399508341683
0.5093062603903669,191.06013121225413,74.601171996242
0.5420942170678582,191.06013121225413,73.26977138030473
0.5748821737453497,191.06013121225413,71.51702977281705
0.6076701304228411,191.06013121225413,70.26754456078942
0.6404580871003326,191.06013121225413,69.00755476822155
0.673246043777824,191.06013121225413,67.92226475914495
0.7060340004553154,191.06013121225413,66.95027898101931
0.7388219571328069,191.06013121225413,66.1398440486156
0.7716099138102983,191.06013121225413,65.51557984651056
0.8043978704877897,191.06013121225413,64.97818185175963
0.8371858271652811,191.06013121225413,64.42726590212062
0.8699737838427726,191.06013121225413,63.97914564847295
0.902761740520264,191.06013121225413,63.82717288298891
0.9355496971977555,191.06013121225413,63.59022463423999
0.9683376538752468,191.06013121225413,63.25599589217714
1.0011256105527382,191.06013121225413,62.898285812795905
1.0339135672302298,191.06013121225413,62.86445477365881
1.066701523907721,191.06013121225413,62.79396612890397
1.0994894805852127,191.06013121225413,62.604563704473804
1.132277437262704,191.06013121225413,62.416112616166046
1.1650653939401954,191.06013121225413,62.43486285321162
1.197853350617687,191.06013121225413,62.51644814926281
1.2306413072951783,191.06013121225413,62.44104568850394
1.2634292639726699,191.06013121225413,62.25637702933349
1.2962172206501612,191.06013121225413,62.34794064516329
1.3290051773276526,191.06013121225413,62.498817068389656
1.3617931340051441,191.06013121225413,62.48178572067239
1.3945810906826355,191.06013121225413,62.34734426999823
1.4273690473601268,191.06013121225413,62.48120498470506
1.4601570040376184,191.06013121225413,62.72410024822072
1.4929449607151097,191.06013121225413,62.76855227447498
1.5257329173926013,191.06013121225413,62.66242290013334
1.5585208740700927,191.06013121225413,62.71888328354135
1.591308830747584,191.06013121225413,62.84768851110213
1.6240967874250756,191.06013121225413,63.11503558192476
1.656884744102567,191.06013121225413,63.07634083271839
1.6896727007800583,191.06013121225413,63.32812368065211
1.7224606574575498,191.06013121225413,63.37797502006665
1.7552486141350412,191.06013121225413,63.385604583921285
1.7880365708125325,191.06013121225413,63.674015260312196
1.820824527490024,191.06013121225413,63.75156567488981
1.8536124841675155,191.06013121225413,63.920634070957846
1.886400440845007,191.06013121225413,64.1358356299864
1.9191883975224984,191.06013121225413,64.2413199218571
1.9519763541999897,191.06013121225413,64.30458396570523
1.9847643108774813,191.06013121225413,64.40078109457386
2.0175522675549726,191.06013121225413,64.4711601050502
2.050340224232464,191.06013121225413,64.70325712655297
2.0831281809099558,191.06013121225413,64.84344153162472
2.1159161375874467,191.06013121225413,64.92813901169696
2.1487040942649385,191.06013121225413,64.94579951529221
2.18149205094243,191.06013121225413,65.00524221181513
2.214280007619921,191.06013121225413,65.14848732209273
2.247067964297413,191.06013121225413,65.2318197150991
2.279855920974904,191.06013121225413,65.2868338754752
2.3126438776523957,191.06013121225413,65.33113855775686
2.3454318343298866,191.06013121225413,65.44305266977965
2.3782197910073783,191.06013121225413,65.67467850834457
2.41100774768487,191.06013121225413,65.95967679193191
2.443795704362361,191.06013121225413,66.23963137715614
2.476583661039853,191.06013121225413,66.43560995759476
2.5093716177173437,191.06013121225413,66.57968599692707
2.5421595743948355,191.06013121225413,66.66386067456358
2.5749475310723273,191.06013121225413,66.81946136900838
2.6077354877498182,191.06013121225413,66.98278222738371
2.64052344442731,191.06013121225413,67.17242576199654
2.673311401104801,191.06013121225413,67.38070239132261
2.7060993577822927,191.06013121225413,67.50188863638998
2.7388873144597845,191.06013121225413,67.53466081554409
2.7716752711372754,191.06013121225413,67.69800328157635
2.804463227814767,191.06013121225413,67.91946180980996
2.837251184492258,191.06013121225413,68.02316051890509
2.87003914116975,191.06013121225413,68.09843108507738
2.9028270978472417,191.06013121225413,69.03
2.9356150545247326,191.06013121225413,69.03
0.3453664770029097,195.26264336336158,80.72
0.37815443368040114,195.26264336336158,83.48054014702915
0.41094239035789254,195.26264336336158,80.75417041973802
0.44373034703538394,195.26264336336158,78.42182627817635
0.4765183037128754,195.26264336336158,76.47783971081822
0.5093062603903669,195.26264336336158,74.44221826473733
0.5420942170678582,195.26264336336158,73.150543348167
0.5748821737453497,195.26264336336158,71.42985530653091
0.6076701304228411,195.26264336336158,70.18946488405362
0.6404580871003326,195.26264336336158,68.97022556688097
0.673246043777824,195.26264336336158,67.91798857843385
0.7060340004553154,195.26264336336158,66.9578940069269
0.7388219571328069,195.26264336336158,66.16965437431877
0.7716099138102983,195.26264336336158,65.5717779247683
0.8043978704877897,195.26264336336158,65.04303623838315
0.8371858271652811,195.26264336336158,64.48115834979632
0.8699737838427726,195.26264336336158,64.0672961642268
0.902761740520264,195.26264336336158,63.9241016777213
0.9355496971977555,195.26264336336158,63.68137170619149
0.9683376538752468,195.26264336336158,63.31510715956163
1.0011256105527382,195.26264336336158,63.004621802319505
1.0339135672302298,195.26264336336158,62.981204177035615
1.066701523907721,195.26264336336158,62.906973987003646
1.0994894805852127,195.26264336336158,62.6681619277825
1.132277437262704,195.26264336336158,62.51817542317627
1.1650653939401954,195.26264336336158,62.55449247442974
1.197853350617687,195.26264336336158,62.62962322065584
1.2306413072951783,195.26264336336158,62.51294006790036
1.2634292639726699,195.26264336336158,62.351638425491984
1.2962172206501612,195.26264336336158,62.45574430116498
1.3290051773276526,195.26264336336158,62.60657553390724
1.3617931340051441,195.26264336336158,62.562545491188544
1.3945810906826355,195.26264336336158,62.436494075561725
1.4273690473601268,195.26264336336158,62.58356657897669
1.4601570040376184,195.26264336336158,62.82174313937765
1.4929449607151097,195.26264336336158,62.84442140908653
1.5257329173926013,195.26264336336158,62.73326069990745
1.5585208740700927,195.26264336336158,62.81183953035746
1.591308830747584,195.26264336336158,62.89900955827468
1.6240967874250756,195.26264336336158,63.193460709669445
1.656884744102567,195.26264336336158,63.14828810725129
1.6896727007800583,195.26264336336158,63.390921057046505
1.7224606574575498,195.26264336336158,63.45634237338176
1.7552486141350412,195.26264336336158,63.44485611777075
1.7880365708125325,195.26264336336158,63.73215776781555
1.820824527490024,195.26264336336158,63.80339877269666
1.8536124841675155,195.26264336336158,63.94097089163261
1.886400440845007,195.26264336336158,64.16778371497074
1.9191883975224984,195.26264336336158,64.2565720085751
1.9519763541999897,195.26264336336158,64.33194318670199
1.9847643108774813,195.26264336336158,64.43515599058495
2.0175522675549726,195.26264336336158,64.49602884952138
2.050340224232464,195.26264336336158,64.71948664358442
2.0831281809099558,195.26264336336158,64.85451960819793
2.1159161375874467,195.26264336336158,64.93231075435683
2.1487040942649385,195.26264336336158,64.96026887238511
2.18149205094243,195.26264336336158,65.02012088783654
2.214280007619921,195.26264336336158,65.17547492157058
2.247067964297413,195.26264336336158,65.26089989694614
2.279855920974904,195.26264336336158,65.32052903170718
2.3126438776523957,195.26264336336158,65.36180907348442
2.3454318343298866,195.26264336336158,65.4643362746188
2.3782197910073783,195.26264336336158,65.68508509854485
2.41100774768487,195.26264336336158,65.95707886812396
2.443795704362361,195.26264336336158,66.22075618892531
2.476583661039853,195.26264336336158,66.40006342566367
2.5093716177173437,195.26264336336158,66.53743324662737
2.5421595743948355,195.26264336336158,66.62333871394088
2.5749475310723273,195.26264336336158,66.76163892752861
2.6077354877498182,195.26264336336158,66.92266063887303
2.64052344442731,195.26264336336158,67.12306585710094
2.673311401104801,195.26264336336158,67.32457523456917
2.7060993577822927,195.26264336336158,67.45075081735119
2.7388873144597845,195.26264336336158,67.4923469468423
2.7716752711372754,195.26264336336158,67.63175435444366
2.804463227814767,195.26264336336158,67.8482293664624
2.837251184492258,195.26264336336158,67.94972992483571
2.87003914116975,195.26264336336158,68.07803430013354
2.9028270978472417,195.26264336336158,69.03
2.9356150545247326,195.26264336336158,69.03
0.3453664770029097,199.46515551446902,83.13
0.37815443368040114,199.46515551446902,82.66821654961704
0.41094239035789254,199.46515551446902,80.4798529648691
0.44373034703538394,199.46515551446902,78.18117286346136
0.4765183037128754,199.46515551446902,76.36664851568821
0.5093062603903669,199.46515551446902,74.28478498148691
0.5420942170678582,199.46515551446902,73.02059569141684
0.5748821737453497,199.46515551446902,71.34809269365219
0.6076701304228411,199.46515551446902,70.10989610980347
0.6404580871003326,199.46515551446902,68.9336123888958
0.673246043777824,199.46515551446902,67.91289820828702
0.7060340004553154,199.46515551446902,66.96520406055035
0.7388219571328069,199.46515551446902,66.20033487447581
0.7716099138102983,199.46515551446902,65.62713114870476
0.8043978704877897,199.46515551446902,65.10190858449648
0.8371858271652811,199.46515551446902,64.54289889443145
0.8699737838427726,199.46515551446902,64.15887411090405
0.902761740520264,199.46515551446902,64.02030268758395
0.9355496971977555,199.46515551446902,63.766059660120156
0.9683376538752468,199.46515551446902,63.38605486138633
1.0011256105527382,199.46515551446902,63.11597993088619
1.0339135672302298,199.46515551446902,63.09789627421368
1.066701523907721,199.46515551446902,63.01403524053863
1.0994894805852127,199.46515551446902,62.73698353098252
1.132277437262704,199.46515551446902,62.62603754400741
1.1650653939401954,199.46515551446902,62.67490862424445
1.197853350617687,199.46515551446902,62.738439580871706
1.2306413072951783,199.46515551446902,62.572687419212706
1.2634292639726699,199.46515551446902,62.45386722268549
1.2962172206501612,199.46515551446902,62.565029937615826
1.3290051773276526,199.46515551446902,62.71095332994108
1.3617931340051441,199.46515551446902,62.63106791914891
1.3945810906826355,199.46515551446902,62.534055065486086
1.4273690473601268,199.46515551446902,62.688092499790486
1.4601570040376184,199.46515551446902,62.917054273148416
1.4929449607151097,199.46515551446902,62.911213068571456
1.5257329173926013,199.46515551446902,62.81259296637579
1.5585208740700927,199.46515551446902,62.90683526194986
1.591308830747584,199.46515551446902,62.96117134301101
1.6240967874250756,199.46515551446902,63.2698159240073
1.656884744102567,199.46515551446902,63.22370519480504
1.6896727007800583,199.46515551446902,63.44513579010314
1.7224606574575498,199.46515551446902,63.53467138445087
1.7552486141350412,199.46515551446902,63.510969244450216
1.7880365708125325,199.46515551446902,63.78774121500924
1.820824527490024,199.46515551446902,63.85663015082389
1.8536124841675155,199.46515551446902,63.965338067940365
1.886400440845007,199.46515551446902,64.19884183526064
1.9191883975224984,199.46515551446902,64.27506310658103
1.9519763541999897,199.46515551446902,64.36075049454917
1.9847643108774813,199.46515551446902,64.46972989247801
2.0175522675549726,199.46515551446902,64.52386563063507
2.050340224232464,199.46515551446902,64.73532185424507
2.0831281809099558,199.46515551446902,64.86602559799073
2.1159161375874467,199.46515551446902,64.93320523091369
2.1487040942649385,199.46515551446902,64.97456220453617
2.18149205094243,199.46515551446902,65.03568897931066
2.214280007619921,199.46515551446902,65.20053540056583
2.247067964297413,199.46515551446902,65.29024391077064
2.279855920974904,199.46515551446902,65.35311088924055
2.3126438776523957,199.46515551446902,65.39405062631182
2.3454318343298866,199.46515551446902,65.48715818196312
2.3782197910073783,199.46515551446902,65.69559606515531
2.41100774768487,199.46515551446902,65.95473099875706
2.443795704362361,199.46515551446902,66.19744879255346
2.476583661039853,199.46515551446902,66.36139781436998
2.5093716177173437,199.46515551446902,66.49293738330276
2.5421595743948355,199.46515551446902,66.58173851469549
2.5749475310723273,199.46515551446902,66.70330074758212
2.6077354877498182,199.46515551446902,66.8620233123601
2.64052344442731,199.46515551446902,67.07138754381195
2.673311401104801,199.46515551446902,67.26527212960933
2.7060993577822927,199.46515551446902,67.39551085962364
2.7388873144597845,199.46515551446902,67.45546026453823
2.7716752711372754,199.46515551446902,67.5644684369257
2.804463227814767,199.46515551446902,67.7763583910211
2.837251184492258,199.46515551446902,67.8737443316679
2.87003914116975,199.46515551446902,67.3
2.9028270978472417,199.46515551446902,67.3
2.9356150545247326,199.46515551446902,67.3
0.3453664770029097,203.66766766557646,83.13
0.37815443368040114,203.66766766557646,82.15862230718555
0.41094239035789254,203.66766766557646,80.20742878645902
0.44373034703538394,203.66766766557646,77.9424900378416
0.4765183037128754,203.66766766557646,76.23913154662412
0.5093062603903669,203.66766766557646,74.13150783059797
0.5420942170678582,203.66766766557646,72.88329455375649
0.5748821737453497,203.66766766557646,71.2728949442142
0.6076701304228411,203.66766766557646,70.03023290469397
0.6404580871003326,203.66766766557646,68.89828255564979
0.673246043777824,203.66766766557646,67.90682396830783
0.7060340004553154,203.66766766557646,66.97227288189598
0.7388219571328069,203.66766766557646,66.23138914275934
0.7716099138102983,203.66766766557646,65.68064670354251
0.8043978704877897,203.66766766557646,65.15316871278534
0.8371858271652811,203.66766766557646,64.61095382844414
0.8699737838427726,203.66766766557646,64.25229571325977
0.902761740520264,203.66766766557646,64.11412122275942
0.9355496971977555,203.66766766557646,63.84214713281927
0.9683376538752468,203.66766766557646,63.46678993329894
1.0011256105527382,203.66766766557646,63.23041002743558
1.0339135672302298,203.66766766557646,63.21253361869387
1.066701523907721,203.66766766557646,63.11262773368634
1.0994894805852127,203.66766766557646,62.81955080305339
1.132277437262704,203.66766766557646,62.737749940634
1.1650653939401954,203.66766766557646,62.79405475914391
1.197853350617687,203.66766766557646,62.84074295024689
1.2306413072951783,203.66766766557646,62.64078659947116
1.2634292639726699,203.66766766557646,62.56075564261605
1.2962172206501612,203.66766766557646,62.673930119311414
1.3290051773276526,203.66766766557646,62.81008302125615
1.3617931340051441,203.66766766557646,62.689139149304424
1.3945810906826355,203.66766766557646,62.637702954427866
1.4273690473601268,203.66766766557646,62.79298622705248
1.4601570040376184,203.66766766557646,63.00836714089759
1.4929449607151097,203.66766766557646,62.966932772285205
1.5257329173926013,203.66766766557646,62.8984324481556
1.5585208740700927,203.66766766557646,63.00223942727235
1.591308830747584,203.66766766557646,63.032658222826996
1.6240967874250756,203.66766766557646,63.34275383501056
1.656884744102567,203.66766766557646,63.301244705451914
1.6896727007800583,203.66766766557646,63.48899845400507
1.7224606574575498,203.66766766557646,63.61162648231472
1.7552486141350412,203.66766766557646,63.582251829873215
1.7880365708125325,203.66766766557646,63.83968871713243
1.820824527490024,203.66766766557646,63.91031427241361
1.8536124841675155,203.66766766557646,63.996710422370704
1.886400440845007,203.66766766557646,64.22847812672569
1.9191883975224984,203.66766766557646,64.29735713461132
1.9519763541999897,203.66766766557646,64.39049766432028
1.9847643108774813,203.66766766557646,64.50391183957461
2.0175522675549726,203.66766766557646,64.55418802159987
2.050340224232464,203.66766766557646,64.7509856028287
2.0831281809099558,203.66766766557646,64.87773697003843
2.1159161375874467,203.66766766557646,64.93508327690476
2.1487040942649385,203.66766766557646,64.98842171439982
2.18149205094243,203.66766766557646,65.05178183173632
2.214280007619921,203.66766766557646,65.2225883156052
2.247067964297413,203.66766766557646,65.31935727940409
2.279855920974904,203.66766766557646,65.38384356060541
2.3126438776523957,203.66766766557646,65.42767162847898
2.3454318343298866,203.66766766557646,65.51130127076668
2.3782197910073783,203.66766766557646,65.70601048155481
2.41100774768487,203.66766766557646,65.95275918177042
2.443795704362361,203.66766766557646,66.17049120758918
2.476583661039853,203.66766766557646,66.31995658691956
2.5093716177173437,203.66766766557646,66.44654379387069
2.5421595743948355,203.66766766557646,66.53913057865867
2.5749475310723273,203.66766766557646,66.6454396423389
2.6077354877498182,203.66766766557646,66.8018630610149
2.64052344442731,203.66766766557646,67.0178479296852
2.673311401104801,203.66766766557646,67.20325018399882
2.7060993577822927,203.66766766557646,67.33662955098995
2.7388873144597845,203.66766766557646,67.4140686522555
2.7716752711372754,203.66766766557646,67.49715830202058
2.804463227814767,203.66766766557646,67.70507808079225
2.837251184492258,203.66766766557646,67.7960266909931
2.87003914116975,203.66766766557646,67.3
2.9028270978472417,203.66766766557646,67.3
2.9356150545247326,203.66766766557646,67.3
0.3453664770029097,207.87017981668393,83.13
0.37815443368040114,207.87017981668393,81.96044209984771
0.41094239035789254,207.87017981668393,79.94107646280972
0.44373034703538394,207.87017981668393,77.70987906895212
0.4765183037128754,207.87017981668393,76.0766426063282
0.5093062603903669,207.87017981668393,73.98502249617772
0.5420942170678582,207.87017981668393,72.74186100991159
0.5748821737453497,207.87017981668393,71.20541506825025
0.6076701304228411,207.87017981668393,69.95186993537999
0.6404580871003326,207.87017981668393,68.86480338852687
0.673246043777824,207.87017981668393,67.89930464356833
0.7060340004553154,207.87017981668393,66.97916421097017
0.7388219571328069,207.87017981668393,66.2623207728419
0.7716099138102983,207.87017981668393,65.73133177450413
0.8043978704877897,207.87017981668393,65.19518644593542
0.8371858271652811,207.87017981668393,64.68378944425265
0.8699737838427726,207.87017981668393,64.34597719604902
0.902761740520264,207.87017981668393,64.20390259343036
0.9355496971977555,207.87017981668393,63.90749276108224
0.9683376538752468,207.87017981668393,63.55526121480576
1.0011256105527382,207.87017981668393,63.345961920907286
1.0339135672302298,207.87017981668393,63.323118763976986
1.066701523907721,207.87017981668393,63.20022931062429
1.0994894805852127,207.87017981668393,62.91334987429506
1.132277437262704,207.87017981668393,62.851374263578535
1.1650653939401954,207.87017981668393,62.90987433561631
1.197853350617687,207.87017981668393,62.9341428889105
1.2306413072951783,207.87017981668393,62.721577116691655
1.2634292639726699,207.87017981668393,62.67028731826012
1.2962172206501612,207.87017981668393,62.780577411047375
1.3290051773276526,207.87017981668393,62.90201173218842
1.3617931340051441,207.87017981668393,62.75721990355556
1.3945810906826355,207.87017981668393,62.74511375092536
1.4273690473601268,207.87017981668393,62.89645124066875
1.4601570040376184,207.87017981668393,63.09401523398964
1.4929449607151097,207.87017981668393,63.01609738200377
1.5257329173926013,207.87017981668393,62.98879189386413
1.5585208740700927,207.87017981668393,63.09642097527871
1.591308830747584,207.87017981668393,63.111953089587224
1.6240967874250756,207.87017981668393,63.41092705275146
1.656884744102567,207.87017981668393,63.37955924926411
1.6896727007800583,207.87017981668393,63.531451629720664
1.7224606574575498,207.87017981668393,63.68587209601407
1.7552486141350412,207.87017981668393,63.657011739953425
1.7880365708125325,207.87017981668393,63.88692338942408
1.820824527490024,207.87017981668393,63.96350560060798
1.8536124841675155,207.87017981668393,64.03381628595143
1.886400440845007,207.87017981668393,64.25616072523539
1.9191883975224984,207.87017981668393,64.32260388912209
1.9519763541999897,207.87017981668393,64.4206764702364
1.9847643108774813,207.87017981668393,64.53711087119622
2.0175522675549726,207.87017981668393,64.58651359562431
2.050340224232464,207.87017981668393,64.76648663909441
2.0831281809099558,207.87017981668393,64.88943119337634
2.1159161375874467,207.87017981668393,64.93896990817073
2.1487040942649385,207.87017981668393,65.00158960463061
2.18149205094243,207.87017981668393,65.06824031808378
2.214280007619921,207.87017981668393,65.24055322321549
2.247067964297413,207.87017981668393,65.34774552567802
2.279855920974904,207.87017981668393,65.41234275723072
2.3126438776523957,207.87017981668393,65.46248049222577
2.3454318343298866,207.87017981668393,65.53654841998356
2.3782197910073783,207.87017981668393,65.71612742112218
2.41100774768487,207.87017981668393,65.94999970061097
2.443795704362361,207.87017981668393,66.14022689723834
2.476583661039853,207.87017981668393,66.27608320651844
2.5093716177173437,207.87017981668393,66.39859786524868
2.5421595743948355,207.87017981668393,66.49586029274798
2.5749475310723273,207.87017981668393,66.58904842496895
2.6077354877498182,207.87017981668393,66.74325245478688
2.64052344442731,207.87017981668393,66.9629041222764
2.673311401104801,207.87017981668393,67.13896650529331
2.7060993577822927,207.87017981668393,67.27456767923304
2.7388873144597845,207.87017981668393,67.36852300580625
2.7716752711372754,207.87017981668393,67.4310818084765
2.804463227814767,207.87017981668393,67.635617633082
2.837251184492258,207.87017981668393,67.7173999544029
2.87003914116975,207.87017981668393,67.3
2.9028270978472417,207.87017981668393,67.3
2.9356150545247326,207.87017981668393,67.3
0.3453664770029097,212.07269196779137,83.13
0.37815443368040114,212.07269196779137,81.9313110563009
0.41094239035789254,212.07269196779137,79.68489726155624
0.44373034703538394,212.07269196779137,77.48744122442814
0.4765183037128754,212.07269196779137,75.88861757791759
0.5093062603903669,212.07269196779137,73.84796466233348
0.5420942170678582,212.07269196779137,72.5990184830944
0.5748821737453497,212.07269196779137,71.14676291060553
0.6076701304228411,212.07269196779137,69.87620186851656
0.6404580871003326,212.07269196779137,68.83374220891085
0.673246043777824,212.07269196779137,67.8880763761197
0.7060340004553154,212.07269196779137,66.9859417877793
0.7388219571328069,212.07269196779137,66.29263335839616
0.7716099138102983,212.07269196779137,65.77819354681215
0.8043978704877897,212.07269196779137,65.22972490677809
0.8371858271652811,212.07269196779137,64.75987203427515
0.8699737838427726,212.07269196779137,64.43833478402692
0.902761740520264,212.07269196779137,64.28799210977938
0.9355496971977555,212.07269196779137,63.95995518170242
0.9683376538752468,212.07269196779137,63.64941754541302
1.0011256105527382,212.07269196779137,63.46068544024097
1.0339135672302298,212.07269196779137,63.42765426356381
1.066701523907721,212.07269196779137,63.274317815529905
1.0994894805852127,212.07269196779137,63.015866875007376
1.132277437262704,212.07269196779137,62.96497216336347
1.1650653939401954,212.07269196779137,63.0203108101498
1.197853350617687,212.07269196779137,63.01623833481609
1.2306413072951783,212.07269196779137,62.81258682256681
1.2634292639726699,212.07269196779137,62.78057071791698
1.2962172206501612,212.07269196779137,62.883104377619176
1.3290051773276526,212.07269196779137,62.98446426096262
1.3617931340051441,212.07269196779137,62.83646325561789
1.3945810906826355,212.07269196779137,62.85408024271984
1.4273690473601268,212.07269196779137,62.996691020545335
1.4601570040376184,212.07269196779137,63.17233341810769
1.4929449607151097,212.07269196779137,63.075598072188285
1.5257329173926013,212.07269196779137,63.081684052118646
1.5585208740700927,212.07269196779137,63.18774885492273
1.591308830747584,212.07269196779137,63.19753883515631
1.6240967874250756,212.07269196779137,63.473160987280984
1.656884744102567,212.07269196779137,63.457301436313884
1.6896727007800583,212.07269196779137,63.582691176079926
1.7224606574575498,212.07269196779137,63.75607265458965
1.7552486141350412,212.07269196779137,63.73355684730144
1.7880365708125325,212.07269196779137,63.92836834712337
1.820824527490024,212.07269196779137,64.01525859854912
1.8536124841675155,212.07269196779137,64.07538398971036
1.886400440845007,212.07269196779137,64.2813577666593
1.9191883975224984,212.07269196779137,64.34995316656969
1.9519763541999897,212.07269196779137,64.45077868651865
1.9847643108774813,212.07269196779137,64.56873602666441
2.0175522675549726,212.07269196779137,64.62035992591686
2.050340224232464,212.07269196779137,64.78180305317392
2.0831281809099558,212.07269196779137,64.90088573703983
2.1159161375874467,212.07269196779137,64.9444889766099
2.1487040942649385,212.07269196779137,65.01380807788308
2.18149205094243,212.07269196779137,65.08480930836873
2.214280007619921,212.07269196779137,65.25371268970306
2.247067964297413,212.07269196779137,65.37491417242386
2.279855920974904,212.07269196779137,65.44095732668943
2.3126438776523957,212.07269196779137,65.4982856297921
2.3454318343298866,212.07269196779137,65.56268250856778
2.3782197910073783,212.07269196779137,65.72574595723626
2.41100774768487,212.07269196779137,65.9433748626183
2.443795704362361,212.07269196779137,66.10699932470702
2.476583661039853,212.07269196779137,66.23012113637252
2.5093716177173437,212.07269196779137,66.34944498435418
2.5421595743948355,212.07269196779137,66.45227304388088
2.5749475310723273,212.07269196779137,66.53519941213581
2.6077354877498182,212.07269196779137,66.68802259194004
2.64052344442731,212.07269196779137,66.90701322914121
2.673311401104801,212.07269196779137,67.07287820104843
2.7060993577822927,212.07269196779137,67.2097860321356
2.7388873144597845,212.07269196779137,67.3192841129733
2.7716752711372754,212.07269196779137,67.37232692888861
2.804463227814767,212.07269196779137,67.56920624519658
2.837251184492258,212.07269196779137,67.64128329706364
2.87003914116975,212.07269196779137,67.3
2.9028270978472417,212.07269196779137,67.3
2.9356150545247326,212.07269196779137,67.3
0.3453664770029097,216.2752041188988,83.13
0.37815443368040114,216.2752041188988,81.81961141393947
0.41094239035789254,216.2752041188988,79.44299245033378
0.44373034703538394,216.2752041188988,77.27927777190476
0.4765183037128754,216.2752041188988,75.68449234450954
0.5093062603903669,216.2752041188988,73.72297001317241
0.5420942170678582,216.2752041188988,72.45740265741215
0.5748821737453497,216.2752041188988,71.0823438463617
0.6076701304228411,216.2752041188988,69.80462337075859
0.6404580871003326,216.2752041188988,68.80557391293428
0.673246043777824,216.2752041188988,67.87330417362938
0.7060340004553154,216.2752041188988,66.99264423012949
0.7388219571328069,216.2752041188988,66.32183049309464
0.7716099138102983,216.2752041188988,65.82023920568916
0.8043978704877897,216.2752041188988,65.26916400246797
0.8371858271652811,216.2752041188988,64.83759780116661
0.8699737838427726,216.2752041188988,64.52778470194855
0.902761740520264,216.2752041188988,64.3647350819891
0.9355496971977555,216.2752041188988,64.00578730338431
0.9683376538752468,216.2752041188988,63.74720776462699
1.0011256105527382,216.2752041188988,63.572630414376235
1.0339135672302298,216.2752041188988,63.52414267095525
1.066701523907721,216.2752041188988,63.33237109258065
1.0994894805852127,216.2752041188988,63.12458793549025
1.132277437262704,216.2752041188988,63.07660529051134
1.1650653939401954,216.2752041188988,63.12330763923252
1.197853350617687,216.2752041188988,63.084628225917285
1.2306413072951783,216.2752041188988,62.911343568789256
1.2634292639726699,216.2752041188988,62.88971476789659
1.2962172206501612,216.2752041188988,62.97964358382251
1.3290051773276526,216.2752041188988,63.05509107334711
1.3617931340051441,216.2752041188988,62.9245353435972
1.3945810906826355,216.2752041188988,62.962660588907845
1.4273690473601268,216.2752041188988,63.09190904658832
1.4601570040376184,216.2752041188988,63.24155799056487
1.4929449607151097,216.2752041188988,63.14453397435775
1.5257329173926013,216.2752041188988,63.17485916383791
1.5585208740700927,216.2752041188988,63.27459201515818
1.591308830747584,216.2752041188988,63.2878983513988
1.6240967874250756,216.2752041188988,63.52832910762151
1.656884744102567,216.2752041188988,63.53312387667345
1.6896727007800583,216.2752041188988,63.641041072238224
1.7224606574575498,216.2752041188988,63.820892587082234
1.7552486141350412,216.2752041188988,63.81010888296861
1.7880365708125325,216.2752041188988,63.96294670546923
1.820824527490024,216.2752041188988,64.06462772937924
1.8536124841675155,216.2752041188988,64.12014186467538
1.886400440845007,216.2752041188988,64.3035558994627
1.9191883975224984,216.2752041188988,64.3785547634103
1.9519763541999897,216.2752041188988,64.48029608738807
1.9847643108774813,216.2752041188988,64.59819634530068
2.0175522675549726,216.2752041188988,64.65514321842227
2.050340224232464,216.2752041188988,64.79691293519903
2.0831281809099558,216.2752041188988,64.91187807006422
2.1159161375874467,216.2752041188988,64.95126433412058
2.1487040942649385,216.2752041188988,65.0248193368117
2.18149205094243,216.2752041188988,65.10123100524562
2.214280007619921,216.2752041188988,65.26609603997659
2.247067964297413,216.2752041188988,65.40036874247322
2.279855920974904,216.2752041188988,65.4701103094776
2.3126438776523957,216.2752041188988,65.53479818560852
2.3454318343298866,216.2752041188988,65.58948641547342
2.3782197910073783,216.2752041188988,65.73466516327588
2.41100774768487,216.2752041188988,65.93145140228022
2.443795704362361,216.2752041188988,66.07115195320101
2.476583661039853,216.2752041188988,66.18241727993531
2.5093716177173437,216.2752041188988,66.2994305381047
2.5421595743948355,216.2752041188988,66.40871421897478
2.5749475310723273,216.2752041188988,66.48615436679721
2.6077354877498182,216.2752041188988,66.63781609843628
2.64052344442731,216.2752041188988,66.85063235783532
2.673311401104801,216.2752041188988,67.0054423788199
2.7060993577822927,216.2752041188988,67.1427453974805
2.7388873144597845,216.2752041188988,67.26681276153946
2.7716752711372754,216.2752041188988,67.32639587982452
2.804463227814767,216.2752041188988,67.50707311444214
2.837251184492258,216.2752041188988,67.59070756884292
2.87003914116975,216.2752041188988,67.3
2.9028270978472417,216.2752041188988,67.3
2.9356150545247326,216.2752041188988,67.3
0.3453664770029097,220.47771627000625,83.13
0.37815443368040114,220.47771627000625,81.64374972416137
0.41094239035789254,220.47771627000625,79.21946329677748
0.44373034703538394,220.47771627000625,77.0894899790171
0.4765183037128754,220.47771627000625,75.47370278922122
0.5093062603903669,220.47771627000625,73.61267423280181
0.5420942170678582,220.47771627000625,72.32025652468428
0.5748821737453497,220.47771627000625,71.00208683982999
0.6076701304228411,220.47771627000625,69.73852910876109
0.6404580871003326,220.47771627000625,68.78069085464607
0.673246043777824,220.47771627000625,67.85573847050985
0.7060340004553154,220.47771627000625,66.99910446267519
0.7388219571328069,220.47771627000625,66.34941577060998
0.7716099138102983,220.47771627000625,65.85647232939928
0.8043978704877897,220.47771627000625,65.31376857183143
0.8371858271652811,220.47771627000625,64.91329240195886
0.8699737838427726,220.47771627000625,64.61274317456896
0.902761740520264,220.47771627000625,64.43247682024216
0.9355496971977555,220.47771627000625,64.06139469937638
0.9683376538752468,220.47771627000625,63.84461968248584
1.0011256105527382,220.47771627000625,63.67984667225272
1.0339135672302298,220.47771627000625,63.610586539652054
1.066701523907721,220.47771627000625,63.38683564982474
1.0994894805852127,220.47771627000625,63.236237802457964
1.132277437262704,220.47771627000625,63.18433529554459
1.1650653939401954,220.47771627000625,63.21680827935262
1.197853350617687,220.47771627000625,63.13720707897251
1.2306413072951783,220.47771627000625,63.015375207051726
1.2634292639726699,220.47771627000625,62.99562898534736
1.2962172206501612,220.47771627000625,63.06832759445287
1.3290051773276526,220.47771627000625,63.111542642344325
1.3617931340051441,220.47771627000625,63.01910230559916
1.3945810906826355,220.47771627000625,63.06767404444351
1.4273690473601268,220.47771627000625,63.18030879870375
1.4601570040376184,220.47771627000625,63.29966481378737
1.4929449607151097,220.47771627000625,63.22079370881221
1.5257329173926013,220.47771627000625,63.26489275994075
1.5585208740700927,220.47771627000625,63.35531940493885
1.591308830747584,220.47771627000625,63.379570994024235
1.6240967874250756,220.47771627000625,63.574997937159324
1.656884744102567,220.47771627000625,63.605679180415024
1.6896727007800583,220.47771627000625,63.70481704854467
1.7224606574575498,220.47771627000625,63.87899632253257
1.7552486141350412,220.47771627000625,63.884086681841104
1.7880365708125325,220.47771627000625,63.997521209943166
1.820824527490024,220.47771627000625,64.11066745624039
1.8536124841675155,220.47771627000625,64.16650750011598
1.886400440845007,220.47771627000625,64.32271114461811
1.9191883975224984,220.47771627000625,64.4072449484771
1.9519763541999897,220.47771627000625,64.5087204470658
1.9847643108774813,220.47771627000625,64.62490086642661
2.0175522675549726,220.47771627000625,64.689388209734
2.050340224232464,220.47771627000625,64.81182520789471
2.0831281809099558,220.47771627000625,64.92218566148487
2.1159161375874467,220.47771627000625,64.95891983260108
2.1487040942649385,220.47771627000625,65.03436558407104
2.18149205094243,220.47771627000625,65.11721329993843
2.214280007619921,220.47771627000625,65.27895637069608
2.247067964297413,220.47771627000625,65.42361475865752
2.279855920974904,220.47771627000625,65.49961011783518
2.3126438776523957,220.47771627000625,65.57053988020228
2.3454318343298866,220.47771627000625,65.61674301965458
2.3782197910073783,220.47771627000625,65.7426841126199
2.41100774768487,220.47771627000625,65.91415374170725
2.443795704362361,220.47771627000625,66.03302824592636
2.476583661039853,220.47771627000625,66.13473908485845
2.5093716177173437,220.47771627000625,66.24919820689436
2.5421595743948355,220.47771627000625,66.36552920494728
2.5749475310723273,220.47771627000625,66.44388843261338
2.6077354877498182,220.47771627000625,66.59415876328038
2.64052344442731,220.47771627000625,66.79421861591437
2.673311401104801,220.47771627000625,66.93776158524471
2.7060993577822927,220.47771627000625,67.07550892949348
2.7388873144597845,220.47771627000625,67.21156973928747
2.7716752711372754,220.47771627000625,67.2955826567722
2.804463227814767,220.47771627000625,67.4504474381248
2.837251184492258,220.47771627000625,67.58125989412957
2.87003914116975,220.47771627000625,67.3
2.9028270978472417,220.47771627000625,67.3
2.9356150545247326,220.47771627000625,67.3
0.3453664770029097,224.68022842111372,83.13
0.37815443368040114,224.68022842111372,81.41839058512427
0.41094239035789254,224.68022842111372,79.01853606000903
0.44373034703538394,224.68022842111372,76.92217911340033
0.4765183037128754,224.68022842111372,75.2737159036616
0.5093062603903669,224.68022842111372,73.51971162268912
0.5420942170678582,224.68022842111372,72.19339406472977
0.5748821737453497,224.68022842111372,70.90935599887912
0.6076701304228411,224.68022842111372,69.67931374917904
0.6404580871003326,224.68022842111372,68.75970740765108
0.673246043777824,224.68022842111372,67.83613305199603
0.7060340004553154,224.68022842111372,67.0050691888065
0.7388219571328069,224.68022842111372,66.37489278461479
0.7716099138102983,224.68022842111372,65.88558650464871
0.8043978704877897,224.68022842111372,65.36233743910091
0.8371858271652811,224.68022842111372,64.9833198607615
0.8699737838427726,224.68022842111372,64.69162642664327
0.902761740520264,224.68022842111372,64.48956263472115
0.9355496971977555,224.68022842111372,64.12535172728235
0.9683376538752468,224.68022842111372,63.934822902772645
1.0011256105527382,224.68022842111372,63.780384042810056
1.0339135672302298,224.68022842111372,63.68498842315506
1.066701523907721,224.68022842111372,63.452835014056504
1.0994894805852127,224.68022842111372,63.34091045421401
1.132277437262704,224.68022842111372,63.285561019229355
1.1650653939401954,224.68022842111372,63.29875618699827
1.197853350617687,224.68022842111372,63.19137650672061
1.2306413072951783,224.68022842111372,63.11644677152484
1.2634292639726699,224.68022842111372,63.09388413663227
1.2962172206501612,224.68022842111372,63.14728897430584
1.3290051773276526,224.68022842111372,63.152970681377916
1.3617931340051441,224.68022842111372,63.11555860700502
1.3945810906826355,224.68022842111372,63.16484455923685
1.4273690473601268,224.68022842111372,63.260093756797694
1.4601570040376184,224.68022842111372,63.34459446497479
1.4929449607151097,224.68022842111372,63.302056260237364
1.5257329173926013,224.68022842111372,63.34816528439788
1.5585208740700927,224.68022842111372,63.42829997321855
1.591308830747584,224.68022842111372,63.465853486052794
1.6240967874250756,224.68022842111372,63.6117303469119
1.656884744102567,224.68022842111372,63.67361995761086
1.6896727007800583,224.68022842111372,63.77182030582438
1.7224606574575498,224.68022842111372,63.92904828998141
1.7552486141350412,224.68022842111372,63.9525400975521
1.7880365708125325,224.68022842111372,64.03997192154473
1.820824527490024,224.68022842111372,64.15243224227476
1.8536124841675155,224.68022842111372,64.21026860813078
1.886400440845007,224.68022842111372,64.33857088509457
1.9191883975224984,224.68022842111372,64.43354724929151
1.9519763541999897,224.68022842111372,64.53549035768604
1.9847643108774813,224.68022842111372,64.64825862936371
2.0175522675549726,224.68022842111372,64.7215027717191
2.050340224232464,224.68022842111372,64.82848790868806
2.0831281809099558,224.68022842111372,64.93158598033708
2.1159161375874467,224.68022842111372,64.96685001699362
2.1487040942649385,224.68022842111372,65.04205840360719
2.18149205094243,224.68022842111372,65.13206965096803
2.214280007619921,224.68022842111372,65.29209500545716
2.247067964297413,224.68022842111372,65.44415774380833
2.279855920974904,224.68022842111372,65.52926516400207
2.3126438776523957,224.68022842111372,65.60362604521167
2.3454318343298866,224.68022842111372,65.6442352000653
2.3782197910073783,224.68022842111372,65.74960187864716
2.41100774768487,224.68022842111372,65.8939526708576
2.443795704362361,224.68022842111372,65.992971746505
2.476583661039853,224.68022842111372,66.09000166792627
2.5093716177173437,224.68022842111372,66.2020226247647
2.5421595743948355,224.68022842111372,66.3230633887158
2.5749475310723273,224.68022842111372,66.41009711493002
2.6077354877498182,224.68022842111372,66.55857033963575
2.64052344442731,224.68022842111372,66.73822911093407
2.673311401104801,224.68022842111372,66.87404357888528
2.7060993577822927,224.68022842111372,67.01232810980143
2.7388873144597845,224.68022842111372,67.15401583400012
2.7716752711372754,224.68022842111372,67.26537804429594
2.804463227814767,224.68022842111372,67.40055841355081
2.837251184492258,224.68022842111372,67.3
2.87003914116975,224.68022842111372,67.3
2.9028270978472417,224.68022842111372,67.3
2.9356150545247326,224.68022842111372,67.3
0.3453664770029097,228.88274057222117,83.13
0.37815443368040114,228.88274057222117,81.18028796664237
0.41094239035789254,228.88274057222117,78.8456397569074
0.44373034703538394,228.88274057222117,76.78144644268957
0.4765183037128754,228.88274057222117,75.1045215655817
0.5093062603903669,228.88274057222117,73.4457814100579
0.5420942170678582,228.88274057222117,72.08232311444026
0.5748821737453497,228.88274057222117,70.80908080075945
0.6076701304228411,228.88274057222117,69.62837195866732
0.6404580871003326,228.88274057222117,68.74286373041075
0.673246043777824,228.88274057222117,67.81765398168825
0.7060340004553154,228.88274057222117,67.01028613953746
0.7388219571328069,228.88274057222117,66.39776512878161
0.7716099138102983,228.88274057222117,65.90615128145866
0.8043978704877897,228.88274057222117,65.41156484987904
0.8371858271652811,228.88274057222117,65.0446668841604
0.8699737838427726,228.88274057222117,64.76285068292655
0.902761740520264,228.88274057222117,64.53433924813494
0.9355496971977555,228.88274057222117,64.19514527692347
0.9683376538752468,228.88274057222117,64.01384974154024
1.0011256105527382,228.88274057222117,63.870729619331854
1.0339135672302298,228.88274057222117,63.74535087496511
1.066701523907721,228.88274057222117,63.52790218645114
1.0994894805852127,228.88274057222117,63.43262760695537
1.132277437262704,228.88274057222117,63.37446322557723
1.1650653939401954,228.88274057222117,63.36709481865765
1.197853350617687,228.88274057222117,63.256594751478566
1.2306413072951783,228.88274057222117,63.205027551932396
1.2634292639726699,228.88274057222117,63.179969352850115
1.2962172206501612,228.88274057222117,63.21466028817699
1.3290051773276526,228.88274057222117,63.198897181378726
1.3617931340051441,228.88274057222117,63.20101120305508
1.3945810906826355,228.88274057222117,63.249983690495675
1.4273690473601268,228.88274057222117,63.32946740077618
1.4601570040376184,228.88274057222117,63.37765540940346
1.4929449607151097,228.88274057222117,63.37713752146508
1.5257329173926013,228.88274057222117,63.42106493409748
1.5585208740700927,228.88274057222117,63.491902668951006
1.591308830747584,228.88274057222117,63.5425197290763
1.6240967874250756,228.88274057222117,63.643469551824516
1.656884744102567,228.88274057222117,63.73455422991188
1.6896727007800583,228.88274057222117,63.83248355057913
1.7224606574575498,228.88274057222117,63.96971291846951
1.7552486141350412,228.88274057222117,64.01251825489152
1.7880365708125325,228.88274057222117,64.08862220849878
1.820824527490024,228.88274057222117,64.1889765506245
1.8536124841675155,228.88274057222117,64.24895610603726
1.886400440845007,228.88274057222117,64.35068800961595
1.9191883975224984,228.88274057222117,64.45625606259364
1.9519763541999897,228.88274057222117,64.55913332149774
1.9847643108774813,228.88274057222117,64.66767867343354
2.0175522675549726,228.88274057222117,64.74994836676908
2.050340224232464,228.88274057222117,64.84772810745861
2.0831281809099558,228.88274057222117,64.9398564956562
2.1159161375874467,228.88274057222117,64.97456091327328
2.1487040942649385,228.88274057222117,65.0469549766683
2.18149205094243,228.88274057222117,65.14511413754983
2.214280007619921,228.88274057222117,65.30504393280413
2.247067964297413,228.88274057222117,65.4615032207571
2.279855920974904,228.88274057222117,65.55880035657
2.3126438776523957,228.88274057222117,65.63223394393067
2.3454318343298866,228.88274057222117,65.67152818149513
2.3782197910073783,228.88274057222117,65.75504916507224
2.41100774768487,228.88274057222117,65.87128761821539
2.443795704362361,228.88274057222117,65.95493036379999
2.476583661039853,228.88274057222117,66.0505982528461
2.5093716177173437,228.88274057222117,66.16064295295682
2.5421595743948355,228.88274057222117,66.28169732484336
2.5749475310723273,228.88274057222117,66.38537587351237
2.6077354877498182,228.88274057222117,66.52817185474603
2.64052344442731,228.88274057222117,66.68340762260267
2.673311401104801,228.88274057222117,66.8176253147304
2.7060993577822927,228.88274057222117,66.95634369707751
2.7388873144597845,228.88274057222117,67.09840443389768
2.7716752711372754,228.88274057222117,67.2323498655239
2.804463227814767,228.88274057222117,67.35863523802632
2.837251184492258,228.88274057222117,67.3
2.87003914116975,228.88274057222117,67.3
2.9028270978472417,228.88274057222117,67.3
2.9356150545247326,228.88274057222117,67.3
0.3453664770029097,233.0852527233286,83.13
0.37815443368040114,233.0852527233286,80.99092430527288
0.41094239035789254,233.0852527233286,78.70681051034833
0.44373034703538394,233.0852527233286,76.67102224273206
0.4765183037128754,233.0852527233286,74.97084560739277
0.5093062603903669,233.0852527233286,73.39283292510869
0.5420942170678582,233.0852527233286,71.9924681144246
0.5748821737453497,233.0852527233286,70.72346226296958
0.6076701304228411,233.0852527233286,69.58709840388093
0.6404580871003326,233.0852527233286,68.72035167731073
0.673246043777824,233.0852527233286,67.80340349953339
0.7060340004553154,233.0852527233286,67.01450304588214
0.7388219571328069,233.0852527233286,66.417519008067
0.7716099138102983,233.0852527233286,65.917881341533
0.8043978704877897,233.0852527233286,65.45189635421922
0.8371858271652811,233.0852527233286,65.09432017874157
0.8699737838427726,233.0852527233286,64.82239838801196
0.902761740520264,233.0852527233286,64.56501603378592
0.9355496971977555,233.0852527233286,64.25629711114225
0.9683376538752468,233.0852527233286,64.07781611801526
1.0011256105527382,233.0852527233286,63.94399464537058
1.0339135672302298,233.0852527233286,63.789676448583066
1.066701523907721,233.0852527233286,63.601452404830454
1.0994894805852127,233.0852527233286,63.506875271630015
1.132277437262704,233.0852527233286,63.446396028194975
1.1650653939401954,233.0852527233286,63.419767630818875
1.197853350617687,233.0852527233286,63.32810839411349
1.2306413072951783,233.0852527233286,63.276748629056016
1.2634292639726699,233.0852527233286,63.24965167423313
1.2962172206501612,233.0852527233286,63.2685741008619
1.3290051773276526,233.0852527233286,63.25418323238042
1.3617931340051441,233.0852527233286,63.270189530317516
1.3945810906826355,233.0852527233286,63.31890299542785
1.4273690473601268,233.0852527233286,63.3866332105453
1.4601570040376184,233.0852527233286,63.417658709248265
1.4929449607151097,233.0852527233286,63.437933947172674
1.5257329173926013,233.0852527233286,63.479979905927806
1.5585208740700927,233.0852527233286,63.544496441090075
1.591308830747584,233.0852527233286,63.60542210846102
1.6240967874250756,233.0852527233286,63.683551944646815
1.656884744102567,233.0852527233286,63.78383453751672
1.6896727007800583,233.0852527233286,63.88141016230309
1.7224606574575498,233.0852527233286,63.9996546370376
1.7552486141350412,233.0852527233286,64.06107027864924
1.7880365708125325,233.0852527233286,64.13646440920252
1.820824527490024,233.0852527233286,64.21935484443172
1.8536124841675155,233.0852527233286,64.28071177960692
1.886400440845007,233.0852527233286,64.36328256267552
1.9191883975224984,233.0852527233286,64.47437623818541
1.9519763541999897,233.0852527233286,64.57827824596313
1.9847643108774813,233.0852527233286,64.6825700379576
2.0175522675549726,233.0852527233286,64.7731864572754
2.050340224232464,233.0852527233286,64.86846745993078
2.0831281809099558,233.0852527233286,64.94678497428578
2.1159161375874467,233.0852527233286,64.98184577943202
2.1487040942649385,233.0852527233286,65.04849167179422
2.18149205094243,233.0852527233286,65.15571004367031
2.214280007619921,233.0852527233286,65.31576694034867
2.247067964297413,233.0852527233286,65.47515671233536
2.279855920974904,233.0852527233286,65.58361771685473
2.3126438776523957,233.0852527233286,65.65454083965342
2.3454318343298866,233.0852527233286,65.69420263229586
2.3782197910073783,233.0852527233286,65.7576355710354
2.41100774768487,233.0852527233286,65.84650204698663
2.443795704362361,233.0852527233286,65.9241542981846
2.476583661039853,233.0852527233286,66.01892206332538
2.5093716177173437,233.0852527233286,66.12745241517817
2.5421595743948355,233.0852527233286,66.24637821445423
2.5749475310723273,233.0852527233286,66.3640779102633
2.6077354877498182,233.0852527233286,66.49996936172127
2.64052344442731,233.0852527233286,66.63695012800805
2.673311401104801,233.0852527233286,66.7716392033659
2.7060993577822927,233.0852527233286,66.91068810190755
2.7388873144597845,233.0852527233286,67.05293848788679
2.7716752711372754,233.0852527233286,67.19695890823893
2.804463227814767,233.0852527233286,67.32590710885752
2.837251184492258,233.0852527233286,67.3
2.87003914116975,233.0852527233286,67.3
2.9028270978472417,233.0852527233286,67.3
2.9356150545247326,233.0852527233286,67.3
0.3453664770029097,237.28776487443605,83.13
0.37815443368040114,237.28776487443605,80.85849987646472
0.41094239035789254,237.28776487443605,78.60808740802084
0.44373034703538394,237.28776487443605,76.59399683097902
0.4765183037128754,237.28776487443605,74.87719052083145
0.5093062603903669,237.28776487443605,73.34556428130294
0.5420942170678582,237.28776487443605,71.92925350529173
0.5748821737453497,237.28776487443605,70.66299572929069
0.6076701304228411,237.28776487443605,69.55702140857784
0.6404580871003326,237.28776487443605,68.69157091444782
0.673246043777824,237.28776487443605,67.79453423058914
0.7060340004553154,237.28776487443605,67.01746763885455
0.7388219571328069,237.28776487443605,66.43203852273422
0.7716099138102983,237.28776487443605,65.9295653817911
0.8043978704877897,237.28776487443605,65.48023043951729
0.8371858271652811,237.28776487443605,65.12926645109088
0.8699737838427726,237.28776487443605,64.86436724743695
0.902761740520264,237.28776487443605,64.58385712994969
0.9355496971977555,237.28776487443605,64.29982051245005
0.9683376538752468,237.28776487443605,64.12283795142432
1.0011256105527382,237.28776487443605,63.995582684401086
1.0339135672302298,237.28776487443605,63.815932988836096
1.066701523907721,237.28776487443605,63.65354526786547
1.0994894805852127,237.28776487443605,63.559139459185914
1.132277437262704,237.28776487443605,63.496970998511486
1.1650653939401954,237.28776487443605,63.4547180799701
1.197853350617687,237.28776487443605,63.38196412074869
1.2306413072951783,237.28776487443605,63.32724109486579
1.2634292639726699,237.28776487443605,63.298698141013645
1.2962172206501612,237.28776487443605,63.30716297715616
1.3290051773276526,237.28776487443605,63.30287190446088
1.3617931340051441,237.28776487443605,63.318890563075335
1.3945810906826355,237.28776487443605,63.36741403124119
1.4273690473601268,237.28776487443605,63.42979240425525
1.4601570040376184,237.28776487443605,63.461248429874544
1.4929449607151097,237.28776487443605,63.480738521363755
1.5257329173926013,237.28776487443605,63.521298396777055
1.5585208740700927,237.28776487443605,63.58445023858951
1.591308830747584,237.28776487443605,63.650413009573164
1.6240967874250756,237.28776487443605,63.72466376009343
1.656884744102567,237.28776487443605,63.818346417796505
1.6896727007800583,237.28776487443605,63.915568610392576
1.7224606574575498,237.28776487443605,64.01737857522436
1.7552486141350412,237.28776487443605,64.09524529361522
1.7880365708125325,237.28776487443605,64.17037409631652
1.820824527490024,237.28776487443605,64.24213329944193
1.8536124841675155,237.28776487443605,64.30367741461143
1.886400440845007,237.28776487443605,64.38058752995022
1.9191883975224984,237.28776487443605,64.48691262586867
1.9519763541999897,237.28776487443605,64.5917576194816
1.9847643108774813,237.28776487443605,64.69234176225746
2.0175522675549726,237.28776487443605,64.7896785056296
2.050340224232464,237.28776487443605,64.88422737082
2.0831281809099558,237.28776487443605,64.95225170465807
2.1159161375874467,237.28776487443605,64.98849787397671
2.1487040942649385,237.28776487443605,65.04976076847024
2.18149205094243,237.28776487443605,65.16322065331566
2.214280007619921,237.28776487443605,65.32335691134278
2.247067964297413,237.28776487443605,65.48462374137463
2.279855920974904,237.28776487443605,65.59985562392302
2.3126438776523957,237.28776487443605,65.6687239956739
2.3454318343298866,237.28776487443605,65.7092090569085
2.3782197910073783,237.28776487443605,65.75739858027009
2.41100774768487,237.28776487443605,65.82522272530915
2.443795704362361,237.28776487443605,65.90303677336611
2.476583661039853,237.28776487443605,65.99736632307136
2.5093716177173437,237.28776487443605,66.10484423513604
2.5421595743948355,237.28776487443605,66.22210337027138
2.5749475310723273,237.28776487443605,66.34542529487877
2.6077354877498182,237.28776487443605,66.47441996811709
2.64052344442731,237.28776487443605,66.60416053202603
2.673311401104801,237.28776487443605,66.73921765537756
2.7060993577822927,237.28776487443605,66.87849373487734
2.7388873144597845,237.28776487443605,67.02083043477917
2.7716752711372754,237.28776487443605,67.16506941933679
2.804463227814767,237.28776487443605,67.30363732072287
2.837251184492258,237.28776487443605,67.3
2.87003914116975,237.28776487443605,67.3
2.9028270978472417,237.28776487443605,67.3
2.9356150545247326,237.28776487443605,67.3
0.3453664770029097,241.4902770255435,83.13
0.37815443368040114,241.4902770255435,80.78905376790694
0.41094239035789254,241.4902770255435,78.55550953761394
0.44373034703538394,241.4902770255435,76.55477431871465
0.4765183037128754,241.4902770255435,74.82805879763436
0.5093062603903669,241.4902770255435,73.29811076153511
0.5420942170678582,241.4902770255435,71.89810372765056
0.5748821737453497,241.4902770255435,70.63310564033159
0.6076701304228411,241.4902770255435,69.54195925626162
0.6404580871003326,241.4902770255435,68.67575632168946
0.673246043777824,241.4902770255435,67.79219879991342
0.7060340004553154,241.4902770255435,67.01892764946882
0.7388219571328069,241.4902770255435,66.43919821441479
0.7716099138102983,241.4902770255435,65.93758941333544
0.8043978704877897,241.4902770255435,65.49417617039785
0.8371858271652811,241.4902770255435,65.14649240779423
0.8699737838427726,241.4902770255435,64.8851222226915
0.902761740520264,241.4902770255435,64.60261318649431
0.9355496971977555,241.4902770255435,64.32206202642307
0.9683376538752468,241.4902770255435,64.14503116099395
1.0011256105527382,241.4902770255435,64.02102137011376
1.0339135672302298,241.4902770255435,63.83013692410797
1.066701523907721,241.4902770255435,63.679226502879274
1.0994894805852127,241.4902770255435,63.58490618057109
1.132277437262704,241.4902770255435,63.52179970795565
1.1650653939401954,241.4902770255435,63.469880367839046
1.197853350617687,241.4902770255435,63.40851031579449
1.2306413072951783,241.4902770255435,63.35213604133167
1.2634292639726699,241.4902770255435,63.322875793423876
1.2962172206501612,241.4902770255435,63.32836616829881
1.3290051773276526,241.4902770255435,63.3268747621303
1.3617931340051441,241.4902770255435,63.3429112756115
1.3945810906826355,241.4902770255435,63.39132835514358
1.4273690473601268,241.4902770255435,63.4527089295701
1.4601570040376184,241.4902770255435,63.48401480440424
1.4929449607151097,241.4902770255435,63.50184422804187
1.5257329173926013,241.4902770255435,63.54140860353348
1.5585208740700927,241.4902770255435,63.6072229720661
1.591308830747584,241.4902770255435,63.67334481777905
1.6240967874250756,241.4902770255435,63.74605135857778
1.656884744102567,241.4902770255435,63.835058340147576
1.6896727007800583,241.4902770255435,63.931927364243904
1.7224606574575498,241.4902770255435,64.02671934163618
1.7552486141350412,241.4902770255435,64.11209242457927
1.7880365708125325,241.4902770255435,64.187099601413
1.820824527490024,241.4902770255435,64.25377024737462
1.8536124841675155,241.4902770255435,64.31599479682234
1.886400440845007,241.4902770255435,64.39134820254313
1.9191883975224984,241.4902770255435,64.49287007544528
1.9519763541999897,241.4902770255435,64.59840393045238
1.9847643108774813,241.4902770255435,64.69624843691525
2.0175522675549726,241.4902770255435,64.79788597422312
2.050340224232464,241.4902770255435,64.89213192977019
2.0831281809099558,241.4902770255435,64.9560732060595
2.1159161375874467,241.4902770255435,64.99431045541405
2.1487040942649385,241.4902770255435,65.05203539810805
2.18149205094243,241.4902770255435,65.16700925047232
2.214280007619921,241.4902770255435,65.32717712977274
2.247067964297413,241.4902770255435,65.48934582723417
2.279855920974904,241.4902770255435,65.60569134106888
2.3126438776523957,241.4902770255435,65.67296067528622
2.3454318343298866,241.4902770255435,65.71472471862722
2.3782197910073783,241.4902770255435,65.75624691827088
2.41100774768487,241.4902770255435,65.81551904760815
2.443795704362361,241.4902770255435,65.89397101305197
2.476583661039853,241.4902770255435,65.98832425579148
2.5093716177173437,241.4902770255435,66.0952116365378
2.5421595743948355,241.4902770255435,66.21126601600223
2.5749475310723273,241.4902770255435,66.33312025489596
2.6077354877498182,241.4902770255435,66.45808583399274
2.64052344442731,241.4902770255435,66.58817124524239
2.673311401104801,241.4902770255435,66.72349308135114
2.7060993577822927,241.4902770255435,66.86289300657269
2.7388873144597845,241.4902770255435,67.00521268516074
2.7716752711372754,241.4902770255435,67.14929378136904
2.804463227814767,241.4902770255435,67.29340251584468
2.837251184492258,241.4902770255435,67.3
2.87003914116975,241.4902770255435,67.3
2.9028270978472417,241.4902770255435,67.3
2.9356150545247326,241.4902770255435,67.3
0.3453664770029097,245.69278917665096,83.13
0.37815443368040114,245.69278917665096,80.76583769643688
0.41094239035789254,245.69278917665096,78.53806177861225
0.44373034703538394,245.69278917665096,76.54532268674984
0.4765183037128754,245.69278917665096,74.81954104603
0.5093062603903669,245.69278917665096,73.28877008397237
0.5420942170678582,245.69278917665096,71.87790536677205
0.5748821737453497,245.69278917665096,70.59428271969456
0.6076701304228411,245.69278917665096,69.54743036354105
0.6404580871003326,245.69278917665096,68.67826395297139
0.673246043777824,245.69278917665096,67.79490747303981
0.7060340004553154,245.69278917665096,67.0213692276007
0.7388219571328069,245.69278917665096,66.44249124369135
0.7716099138102983,245.69278917665096,65.94146975990488
0.8043978704877897,245.69278917665096,65.49115268877443
0.8371858271652811,245.69278917665096,65.15853718694275
0.8699737838427726,245.69278917665096,64.88948959128831
0.902761740520264,245.69278917665096,64.60747802667791
0.9355496971977555,245.69278917665096,64.32860764874972
0.9683376538752468,245.69278917665096,64.15475560486091
1.0011256105527382,245.69278917665096,64.02172779603683
1.0339135672302298,245.69278917665096,63.83535895863784
1.066701523907721,245.69278917665096,63.687295119202524
1.0994894805852127,245.69278917665096,63.58867380410655
1.132277437262704,245.69278917665096,63.52638374880257
1.1650653939401954,245.69278917665096,63.47404986915645
1.197853350617687,245.69278917665096,63.41393483571394
1.2306413072951783,245.69278917665096,63.355353654612244
1.2634292639726699,245.69278917665096,63.331631259506004
1.2962172206501612,245.69278917665096,63.331944738878896
1.3290051773276526,245.69278917665096,63.33150820185005
1.3617931340051441,245.69278917665096,63.34766614856984
1.3945810906826355,245.69278917665096,63.396883607009876
1.4273690473601268,245.69278917665096,63.456388980882465
1.4601570040376184,245.69278917665096,63.48825345446573
1.4929449607151097,245.69278917665096,63.50582240069976
1.5257329173926013,245.69278917665096,63.54467879846039
1.5585208740700927,245.69278917665096,63.611651147977234
1.591308830747584,245.69278917665096,63.68084929537434
1.6240967874250756,245.69278917665096,63.75304056219753
1.656884744102567,245.69278917665096,63.83438225669414
1.6896727007800583,245.69278917665096,63.930832702058915
1.7224606574575498,245.69278917665096,64.02908662082187
1.7552486141350412,245.69278917665096,64.11470101477732
1.7880365708125325,245.69278917665096,64.18927484868365
1.820824527490024,245.69278917665096,64.25646082249132
1.8536124841675155,245.69278917665096,64.32259055970698
1.886400440845007,245.69278917665096,64.39673981047785
1.9191883975224984,245.69278917665096,64.49171295555733
1.9519763541999897,245.69278917665096,64.59949279863216
1.9847643108774813,245.69278917665096,64.69716000053901
2.0175522675549726,245.69278917665096,64.8002571897467
2.050340224232464,245.69278917665096,64.89362496248359
2.0831281809099558,245.69278917665096,-464.5297143151588
2.1159161375874467,245.69278917665096,-371.2483444641825
2.1487040942649385,245.69278917665096,-277.95085290637587
2.18149205094243,245.69278917665096,-288.21047421100815
2.214280007619921,245.69278917665096,-341.32407109783395
2.247067964297413,245.69278917665096,44.62344878205161
2.279855920974904,245.69278917665096,65.58112210017988
2.3126438776523957,245.69278917665096,65.64563070253799
2.3454318343298866,245.69278917665096,65.69845902311519
2.3782197910073783,245.69278917665096,65.75739749731373
2.41100774768487,245.69278917665096,65.82826025790969
2.443795704362361,245.69278917665096,65.90954864482737
2.476583661039853,245.69278917665096,66.00061146608977
2.5093716177173437,245.69278917665096,66.10126702989976
2.5421595743948355,245.69278917665096,66.21133364446015
2.5749475310723273,245.69278917665096,66.33062961797378
2.6077354877498182,245.69278917665096,66.45810517136384
2.64052344442731,245.69278917665096,66.59064390955645
2.673311401104801,245.69278917665096,66.72660696547707
2.7060993577822927,245.69278917665096,66.86528847719387
2.7388873144597845,245.69278917665096,67.00598258277488
2.7716752711372754,245.69278917665096,67.14798342028817
2.804463227814767,245.69278917665096,67.3
2.837251184492258,245.69278917665096,67.3
2.87003914116975,245.69278917665096,67.3
2.9028270978472417,245.69278917665096,67.3
2.9356150545247326,245.69278917665096,67.3
0.3453664770029097,249.8953013277584,83.13
0.37815443368040114,249.8953013277584,80.69035975585348
0.41094239035789254,249.8953013277584,78.48384594505039
0.44373034703538394,249.8953013277584,76.51229482347888
0.4765183037128754,249.8953013277584,74.78406902905208
0.5093062603903669,249.8953013277584,73.25639839262244
0.5420942170678582,249.8953013277584,71.87119986040847
0.5748821737453497,249.8953013277584,70.58678936498661
0.6076701304228411,249.8953013277584,69.54507969568489
0.6404580871003326,249.8953013277584,68.67595192889755
0.673246043777824,249.8953013277584,67.8037834607101
0.7060340004553154,249.8953013277584,67.03218230549696
0.7388219571328069,249.8953013277584,66.4549438594442
0.7716099138102983,249.8953013277584,65.95558753289295
0.8043978704877897,249.8953013277584,65.5081072774443
0.8371858271652811,249.8953013277584,65.17580939378279
0.8699737838427726,249.8953013277584,64.90733694163131
0.902761740520264,249.8953013277584,64.6255431558146
0.9355496971977555,249.8953013277584,64.34931049826307
0.9683376538752468,249.8953013277584,64.17264762851626
1.0011256105527382,249.8953013277584,64.04044108211933
1.0339135672302298,249.8953013277584,63.853360088223766
1.066701523907721,249.8953013277584,63.70642941257048
1.0994894805852127,249.8953013277584,63.60688487124779
1.132277437262704,249.8953013277584,63.54414906088101
1.1650653939401954,249.8953013277584,63.487680306047324
1.197853350617687,249.8953013277584,63.431835695721
1.2306413072951783,249.8953013277584,63.372791838356754
1.2634292639726699,249.8953013277584,63.35261881351837
1.2962172206501612,249.8953013277584,63.34259568757038
1.3290051773276526,249.8953013277584,63.34799845623645
1.3617931340051441,249.8953013277584,63.3630020339574
1.3945810906826355,249.8953013277584,63.41104659223267
1.4273690473601268,249.8953013277584,63.46327978594507
1.4601570040376184,249.8953013277584,63.50166383756494
1.4929449607151097,249.8953013277584,63.5189611732989
1.5257329173926013,249.8953013277584,63.55650269293971
1.5585208740700927,249.8953013277584,63.61985366257507
1.591308830747584,249.8953013277584,63.692693104778776
1.6240967874250756,249.8953013277584,63.76454864381443
1.656884744102567,249.8953013277584,63.84168231434807
1.6896727007800583,249.8953013277584,63.937208871568956
1.7224606574575498,249.8953013277584,64.0360722578981
1.7552486141350412,249.8953013277584,64.1209132057078
1.7880365708125325,249.8953013277584,64.19543919258024
1.820824527490024,249.8953013277584,64.26064307353484
1.8536124841675155,249.8953013277584,64.32908917501457
1.886400440845007,249.8953013277584,64.40289437470645
1.9191883975224984,249.8953013277584,64.4950879988268
1.9519763541999897,249.8953013277584,64.60277782645986
1.9847643108774813,249.8953013277584,64.69961714593063
2.0175522675549726,249.8953013277584,64.8009471061438
2.050340224232464,249.8953013277584,64.89426704082567
2.0831281809099558,249.8953013277584,-3052.4676546209803
2.1159161375874467,249.8953013277584,-2605.8643437050346
2.1487040942649385,249.8953013277584,-2009.0950258085873
2.18149205094243,249.8953013277584,-2085.7852082944796
2.214280007619921,249.8953013277584,-2426.599753681571
2.247067964297413,249.8953013277584,-334.05185007779073
2.279855920974904,249.8953013277584,65.5791832739344
2.3126438776523957,249.8953013277584,65.6435668831269
2.3454318343298866,249.8953013277584,65.69627021043244
2.3782197910073783,249.8953013277584,65.75608821578491
2.41100774768487,249.8953013277584,65.82453028532403
2.443795704362361,249.8953013277584,65.90593813970294
2.476583661039853,249.8953013277584,65.99712042846679
2.5093716177173437,249.8953013277584,66.09789545981835
2.5421595743948355,249.8953013277584,66.20808154196051
2.5749475310723273,249.8953013277584,66.32749279320271
2.6077354877498182,249.8953013277584,66.45314211737546
2.64052344442731,249.8953013277584,66.58506365576316
2.673311401104801,249.8953013277584,66.72019490933825
2.7060993577822927,249.8953013277584,66.85783001616886
2.7388873144597845,249.8953013277584,66.99726311432302
2.7716752711372754,249.8953013277584,67.13778834186881
2.804463227814767,249.8953013277584,67.3
2.837251184492258,249.8953013277584,67.3
2.87003914116975,249.8953013277584,67.3
2.9028270978472417,249.8953013277584,67.3
2.9356150545247326,249.8953013277584,67.3
0.3453664770029097,254.09781347886585,83.13
0.37815443368040114,254.09781347886585,80.55577047720026
0.41094239035789254,254.09781347886585,78.38894893708874
0.44373034703538394,254.09781347886585,76.45351858260052
0.4765183037128754,254.09781347886585,74.72073004114127
0.5093062603903669,254.09781347886585,73.22561119835056
0.5420942170678582,254.09781347886585,71.85977953315657
0.5748821737453497,254.09781347886585,70.57389829756636
0.6076701304228411,254.09781347886585,69.54068715391146
0.6404580871003326,254.09781347886585,68.67199102863968
0.673246043777824,254.09781347886585,67.81646415220607
0.7060340004553154,254.09781347886585,67.05086093182892
0.7388219571328069,254.09781347886585,66.46572374734167
0.7716099138102983,254.09781347886585,65.9801156506025
0.8043978704877897,254.09781347886585,65.53744276717308
0.8371858271652811,254.09781347886585,65.20568653711192
0.8699737838427726,254.09781347886585,64.92941174548963
0.902761740520264,254.09781347886585,64.65576065832451
0.9355496971977555,254.09781347886585,64.3838470546392
0.9683376538752468,254.09781347886585,64.2035939717811
1.0011256105527382,254.09781347886585,64.06976726907622
1.0339135672302298,254.09781347886585,63.88134688230682
1.066701523907721,254.09781347886585,63.73969883658996
1.0994894805852127,254.09781347886585,63.63886628165902
1.132277437262704,254.09781347886585,63.57485214245973
1.1650653939401954,254.09781347886585,63.510709077258184
1.197853350617687,254.09781347886585,63.46280685988461
1.2306413072951783,254.09781347886585,63.40295662778436
1.2634292639726699,254.09781347886585,63.38895160769333
1.2962172206501612,254.09781347886585,63.36459132531197
1.3290051773276526,254.09781347886585,63.37651976991842
1.3617931340051441,254.09781347886585,63.38946280466098
1.3945810906826355,254.09781347886585,63.43555598035841
1.4273690473601268,254.09781347886585,63.475115838790444
1.4601570040376184,254.09781347886585,63.52486539073091
1.4929449607151097,254.09781347886585,63.54169632886025
1.5257329173926013,254.09781347886585,63.577293809569554
1.5585208740700927,254.09781347886585,63.62948574088179
1.591308830747584,254.09781347886585,63.71284037588915
1.6240967874250756,254.09781347886585,63.78417341353983
1.656884744102567,254.09781347886585,63.853846270553994
1.6896727007800583,254.09781347886585,63.94941710341938
1.7224606574575498,254.09781347886585,64.04686256173335
1.7552486141350412,254.09781347886585,64.13166736090915
1.7880365708125325,254.09781347886585,64.20610402599549
1.820824527490024,254.09781347886585,64.26491749686683
1.8536124841675155,254.09781347886585,64.3394182284707
1.886400440845007,254.09781347886585,64.41306447045528
1.9191883975224984,254.09781347886585,64.50148639461682
1.9519763541999897,254.09781347886585,64.60838303463176
1.9847643108774813,254.09781347886585,64.70366817867264
2.0175522675549726,254.09781347886585,64.80222046325619
2.050340224232464,254.09781347886585,64.89555572137562
2.0831281809099558,254.09781347886585,-4897.09912586247
2.1159161375874467,254.09781347886585,-6501.2286020392585
2.1487040942649385,254.09781347886585,-4964.644946966524
2.18149205094243,254.09781347886585,-5188.961963162455
2.214280007619921,254.09781347886585,-6066.849309307153
2.247067964297413,254.09781347886585,-1141.1644604588332
2.279855920974904,254.09781347886585,65.57601239112297
2.3126438776523957,254.09781347886585,65.6400964883544
2.3454318343298866,254.09781347886585,65.69250030359281
2.3782197910073783,254.09781347886585,65.75344468288483
2.41100774768487,254.09781347886585,65.81931896058913
2.443795704362361,254.09781347886585,65.89946599502552
2.476583661039853,254.09781347886585,65.99087130260308
2.5093716177173437,254.09781347886585,66.09186935280857
2.5421595743948355,254.09781347886585,66.20227845384481
2.5749475310723273,254.09781347886585,66.32156045450624
2.6077354877498182,254.09781347886585,66.44461043629556
2.64052344442731,254.09781347886585,66.57471333267546
2.673311401104801,254.09781347886585,66.70805773846979
2.7060993577822927,254.09781347886585,66.84369139497899
2.7388873144597845,254.09781347886585,66.98090844027115
2.7716752711372754,254.09781347886585,67.12603244672421
2.804463227814767,254.09781347886585,67.3
2.837251184492258,254.09781347886585,67.3
2.87003914116975,254.09781347886585,67.3
2.9028270978472417,254.09781347886585,67.3
2.9356150545247326,254.09781347886585,67.3
0.3453664770029097,258.3003256299733,83.13
0.37815443368040114,258.3003256299733,80.36813626733334
0.41094239035789254,258.3003256299733,78.25943716158342
0.44373034703538394,258.3003256299733,76.37121546170545
0.4765183037128754,258.3003256299733,74.63229171774786
0.5093062603903669,258.3003256299733,73.18922870836116
0.5420942170678582,258.3003256299733,71.84464030278944
0.5748821737453497,258.3003256299733,70.55666408904818
0.6076701304228411,258.3003256299733,69.53217801125136
0.6404580871003326,258.3003256299733,68.66672500662453
0.673246043777824,258.3003256299733,67.83223795197017
0.7060340004553154,258.3003256299733,67.0759567705975
0.7388219571328069,258.3003256299733,66.47910307690526
0.7716099138102983,258.3003256299733,66.01221065375287
0.8043978704877897,258.3003256299733,65.57693440318876
0.8371858271652811,258.3003256299733,65.24589461340305
0.8699737838427726,258.3003256299733,64.94673972691609
0.902761740520264,258.3003256299733,64.69379940991175
0.9355496971977555,258.3003256299733,64.42973149313045
0.9683376538752468,258.3003256299733,64.24523625096742
1.0011256105527382,258.3003256299733,64.09506000999693
1.0339135672302298,258.3003256299733,63.91771490606711
1.066701523907721,258.3003256299733,63.78456221339683
1.0994894805852127,258.3003256299733,63.68215444753198
1.132277437262704,258.3003256299733,63.60667891350771
1.1650653939401954,258.3003256299733,63.54209609556971
1.197853350617687,258.3003256299733,63.50449805366735
1.2306413072951783,258.3003256299733,63.44355285789501
1.2634292639726699,258.3003256299733,63.433271334209884
1.2962172206501612,258.3003256299733,63.396670751821766
1.3290051773276526,258.3003256299733,63.4148981912341
1.3617931340051441,258.3003256299733,63.42504976135281
1.3945810906826355,258.3003256299733,63.467930990015084
1.4273690473601268,258.3003256299733,63.494242821226415
1.4601570040376184,258.3003256299733,63.55609709888885
1.4929449607151097,258.3003256299733,63.572305904099274
1.5257329173926013,258.3003256299733,63.6054610698028
1.5585208740700927,258.3003256299733,63.64384127669747
1.591308830747584,258.3003256299733,63.739674211449724
1.6240967874250756,258.3003256299733,63.80794478172515
1.656884744102567,258.3003256299733,63.86488133203494
1.6896727007800583,258.3003256299733,63.96642238074936
1.7224606574575498,258.3003256299733,64.0608070839241
1.7552486141350412,258.3003256299733,64.14613747232819
1.7880365708125325,258.3003256299733,64.22045968992646
1.820824527490024,258.3003256299733,64.27235587727907
1.8536124841675155,258.3003256299733,64.35280805663294
1.886400440845007,258.3003256299733,64.42640602901965
1.9191883975224984,258.3003256299733,64.51037868228497
1.9519763541999897,258.3003256299733,64.61392717715272
1.9847643108774813,258.3003256299733,64.70913581101722
2.0175522675549726,258.3003256299733,64.80396608786326
2.050340224232464,258.3003256299733,64.89737983091273
2.0831281809099558,258.3003256299733,-5403.854085011872
2.1159161375874467,258.3003256299733,-11791.984990126484
2.1487040942649385,258.3003256299733,-8893.857910158109
2.18149205094243,258.3003256299733,-9355.129251259545
2.214280007619921,258.3003256299733,-11019.461250419195
2.247067964297413,258.3003256299733,-2316.9780077773066
2.279855920974904,258.3003256299733,65.57174761426354
2.3126438776523957,258.3003256299733,65.63546708468003
2.3454318343298866,258.3003256299733,65.68739686905582
2.3782197910073783,258.3003256299733,65.74960793907216
2.41100774768487,258.3003256299733,65.81606947691137
2.443795704362361,258.3003256299733,65.89043449938396
2.476583661039853,258.3003256299733,65.98212145160888
2.5093716177173437,258.3003256299733,66.08344607198057
2.5421595743948355,258.3003256299733,66.19418174322323
2.5749475310723273,258.3003256299733,66.31292332686552
2.6077354877498182,258.3003256299733,66.43337017356329
2.64052344442731,258.3003256299733,66.56034904933105
2.673311401104801,258.3003256299733,66.69095156190949
2.7060993577822927,258.3003256299733,66.82362872266212
2.7388873144597845,258.3003256299733,66.9581284410454
2.7716752711372754,258.3003256299733,67.3
2.804463227814767,258.3003256299733,67.3
2.837251184492258,258.3003256299733,67.3
2.87003914116975,258.3003256299733,67.3
2.9028270978472417,258.3003256299733,67.3
2.9356150545247326,258.3003256299733,67.3
0.3453664770029097,262.50283778108076,83.13
0.37815443368040114,262.50283778108076,80.14477216029209
0.41094239035789254,262.50283778108076,78.10137702539049
0.44373034703538394,262.50283778108076,76.26637467617532
0.4765183037128754,262.50283778108076,74.52152169432203
0.5093062603903669,262.50283778108076,73.14524866320782
0.5420942170678582,262.50283778108076,71.82602119845008
0.5748821737453497,262.50283778108076,70.53614131104639
0.6076701304228411,262.50283778108076,69.5205959186411
0.6404580871003326,262.50283778108076,68.66079105364904
0.673246043777824,262.50283778108076,67.85039326444486
0.7060340004553154,262.50283778108076,67.10401372179182
0.7388219571328069,262.50283778108076,66.49819636384231
0.7716099138102983,262.50283778108076,66.04925394378944
0.8043978704877897,262.50283778108076,65.62435743071933
0.8371858271652811,262.50283778108076,65.29344672763689
0.8699737838427726,262.50283778108076,64.97038884716704
0.902761740520264,262.50283778108076,64.73844795952105
0.9355496971977555,262.50283778108076,64.48447798898884
0.9683376538752468,262.50283778108076,64.29521608238731
1.0011256105527382,262.50283778108076,64.11611996218909
1.0339135672302298,262.50283778108076,63.961364976322656
1.066701523907721,262.50283778108076,63.83847836512693
1.0994894805852127,262.50283778108076,63.73428578105838
1.132277437262704,262.50283778108076,63.63329653727847
1.1650653939401954,262.50283778108076,63.58080127376251
1.197853350617687,262.50283778108076,63.55455900253179
1.2306413072951783,262.50283778108076,63.49228536368859
1.2634292639726699,262.50283778108076,63.47315425142084
1.2962172206501612,262.50283778108076,63.437640229503465
1.3290051773276526,262.50283778108076,63.460959768521654
1.3617931340051441,262.50283778108076,63.467764204704984
1.3945810906826355,262.50283778108076,63.49968708417059
1.4273690473601268,262.50283778108076,63.51977866311212
1.4601570040376184,262.50283778108076,63.59302377335346
1.4929449607151097,262.50283778108076,63.60906793573148
1.5257329173926013,262.50283778108076,63.63613038390508
1.5585208740700927,262.50283778108076,63.66308110908412
1.591308830747584,262.50283778108076,63.77157771420457
1.6240967874250756,262.50283778108076,63.831800764071275
1.656884744102567,262.50283778108076,63.87523088696416
1.6896727007800583,262.50283778108076,63.987189686698
1.7224606574575498,262.50283778108076,64.07749215335382
1.7552486141350412,262.50283778108076,64.16125763747912
1.7880365708125325,262.50283778108076,64.23769652537017
1.820824527490024,262.50283778108076,64.28270775674594
1.8536124841675155,262.50283778108076,64.36848899605877
1.886400440845007,262.50283778108076,64.44147720304632
1.9191883975224984,262.50283778108076,64.52123540118895
1.9519763541999897,262.50283778108076,64.6184726509952
1.9847643108774813,262.50283778108076,64.71584275521643
2.0175522675549726,262.50283778108076,64.80604146665014
2.050340224232464,262.50283778108076,64.8996281962163
2.0831281809099558,262.50283778108076,-5569.102596789812
2.1159161375874467,262.50283778108076,-18212.77737862621
2.1487040942649385,262.50283778108076,-13579.692841977569
2.18149205094243,262.50283778108076,-14341.67558503027
2.214280007619921,262.50283778108076,-16620.89965526478
2.247067964297413,262.50283778108076,-3799.211425249428
2.279855920974904,262.50283778108076,65.56622451358534
2.3126438776523957,262.50283778108076,65.62992623856331
2.3454318343298866,262.50283778108076,65.68120747328099
2.3782197910073783,262.50283778108076,65.74471981441212
2.41100774768487,262.50283778108076,65.81355260658256
2.443795704362361,262.50283778108076,65.88116344562192
2.476583661039853,262.50283778108076,65.97112823859423
2.5093716177173437,262.50283778108076,66.07288298044449
2.5421595743948355,262.50283778108076,66.18404877320587
2.5749475310723273,262.50283778108076,66.30191234718835
2.6077354877498182,262.50283778108076,66.41975605885725
2.64052344442731,262.50283778108076,66.54272691476777
2.673311401104801,262.50283778108076,66.66963248869509
2.7060993577822927,262.50283778108076,66.79839810825592
2.7388873144597845,262.50283778108076,66.9378502723984
2.7716752711372754,262.50283778108076,67.3
2.804463227814767,262.50283778108076,67.3
2.837251184492258,262.50283778108076,67.3
2.87003914116975,262.50283778108076,67.3
2.9028270978472417,262.50283778108076,67.3
2.9356150545247326,262.50283778108076,67.3
0.3453664770029097,266.7053499321882,83.13
0.37815443368040114,266.7053499321882,79.95151284740986
0.41094239035789254,266.7053499321882,77.92092347186808
0.44373034703538394,266.7053499321882,76.14198013970272
0.4765183037128754,266.7053499321882,74.39238464726716
0.5093062603903669,266.7053499321882,73.0942838002982
0.5420942170678582,266.7053499321882,71.80363476754366
0.5748821737453497,266.7053499321882,70.51338453517535
0.6076701304228411,266.7053499321882,69.50647172612396
0.6404580871003326,266.7053499321882,68.65454567222005
0.673246043777824,266.7053499321882,67.87021849407267
0.7060340004553154,266.7053499321882,67.13001461457391
0.7388219571328069,266.7053499321882,66.52223134393147
0.7716099138102983,266.7053499321882,66.09038422040025
0.8043978704877897,266.7053499321882,65.67748709499283
0.8371858271652811,266.7053499321882,65.33997172729845
0.8699737838427726,266.7053499321882,65.00249897013573
0.902761740520264,266.7053499321882,64.78864258162305
0.9355496971977555,266.7053499321882,64.54560071746666
0.9683376538752468,266.7053499321882,64.34759794717708
1.0011256105527382,266.7053499321882,64.1449159685817
1.0339135672302298,266.7053499321882,64.01119790989138
1.066701523907721,266.7053499321882,63.89890611391625
1.0994894805852127,266.7053499321882,63.791636014706526
1.132277437262704,266.7053499321882,63.65786758144539
1.1650653939401954,266.7053499321882,63.62578452461727
1.197853350617687,266.7053499321882,63.610620414360845
1.2306413072951783,266.7053499321882,63.54678050905835
1.2634292639726699,266.7053499321882,63.50674210871644
1.2962172206501612,266.7053499321882,63.48630602076077
1.3290051773276526,266.7053499321882,63.51178833504098
1.3617931340051441,266.7053499321882,63.51560743538956
1.3945810906826355,266.7053499321882,63.527872295554566
1.4273690473601268,266.7053499321882,63.55090767525963
1.4601570040376184,266.7053499321882,63.63330378834239
1.4929449607151097,266.7053499321882,63.650260460472325
1.5257329173926013,266.7053499321882,63.664254912849835
1.5585208740700927,266.7053499321882,63.68709812686354
1.591308830747584,266.7053499321882,63.806933986897974
1.6240967874250756,266.7053499321882,63.85546192228906
1.656884744102567,266.7053499321882,63.8917748146536
1.6896727007800583,266.7053499321882,64.01068400440451
1.7224606574575498,266.7053499321882,64.0965040989059
1.7552486141350412,266.7053499321882,64.17487617636324
1.7880365708125325,266.7053499321882,64.2570048733236
1.820824527490024,266.7053499321882,64.29558885986401
1.8536124841675155,266.7053499321882,64.38538149276637
1.886400440845007,266.7053499321882,64.45772449184838
1.9191883975224984,266.7053499321882,64.53312663345517
1.9519763541999897,266.7053499321882,64.62337404380412
1.9847643108774813,266.7053499321882,64.72361172352241
2.0175522675549726,266.7053499321882,64.8082827491742
2.050340224232464,266.7053499321882,64.90218862325219
2.0831281809099558,266.7053499321882,-5456.259594014669
2.1159161375874467,266.7053499321882,-25481.762333942854
2.1487040942649385,266.7053499321882,-18809.864959749913
2.18149205094243,266.7053499321882,-19905.98947691921
2.214280007619921,266.7053499321882,-21740.840522091654
2.247067964297413,266.7053499321882,-5525.028333198218
2.279855920974904,266.7053499321882,65.55942661576691
2.3126438776523957,266.7053499321882,65.62372151646375
2.3454318343298866,266.7053499321882,65.67423624672891
2.3782197910073783,266.7053499321882,65.73892213896983
2.41100774768487,266.7053499321882,65.80987545112238
2.443795704362361,266.7053499321882,65.87342537427573
2.476583661039853,266.7053499321882,65.95839525151563
2.5093716177173437,266.7053499321882,66.0604374413105
2.5421595743948355,266.7053499321882,66.17205736900196
2.5749475310723273,266.7053499321882,66.2888584523825
2.6077354877498182,266.7053499321882,66.40409902908524
2.64052344442731,266.7053499321882,66.52264152571878
2.673311401104801,266.7053499321882,66.64485662786436
2.7060993577822927,266.7053499321882,66.7701012531299
2.7388873144597845,266.7053499321882,66.92433135692559
2.7716752711372754,266.7053499321882,67.3
2.804463227814767,266.7053499321882,67.3
2.837251184492258,266.7053499321882,67.3
2.87003914116975,266.7053499321882,67.3
2.9028270978472417,266.7053499321882,67.3
2.9356150545247326,266.7053499321882,67.3
0.3453664770029097,270.90786208329564,83.13
0.37815443368040114,270.90786208329564,79.80855735089989
0.41094239035789254,270.90786208329564,77.72379851563706
0.44373034703538394,270.90786208329564,76.00119939114795
0.4765183037128754,270.90786208329564,74.25792229210644
0.5093062603903669,270.90786208329564,73.03694685703975
0.5420942170678582,270.90786208329564,71.77656013975611
0.5748821737453497,270.90786208329564,70.48944833304938
0.6076701304228411,270.90786208329564,69.49018364605978
0.6404580871003326,270.90786208329564,68.64805977801964
0.673246043777824,270.90786208329564,67.89098550718091
0.7060340004553154,270.90786208329564,67.15303843036679
0.7388219571328069,270.90786208329564,66.55057782079622
0.7716099138102983,270.90786208329564,66.13475050290391
0.8043978704877897,270.90786208329564,65.73409864123718
0.8371858271652811,270.90786208329564,65.38262760912211
0.8699737838427726,270.90786208329564,65.0417951325277
0.902761740520264,270.90786208329564,64.84331955068829
0.9355496971977555,270.90786208329564,64.61061385381605
0.9683376538752468,270.90786208329564,64.39710570855132
1.0011256105527382,270.90786208329564,64.18199771517483
1.0339135672302298,270.90786208329564,64.06611452359132
1.066701523907721,270.90786208329564,63.96326684051158
1.0994894805852127,270.90786208329564,63.84713756540286
1.132277437262704,270.90786208329564,63.69113608570864
1.1650653939401954,270.90786208329564,63.676005760914656
1.197853350617687,270.90786208329564,63.66980362461377
1.2306413072951783,270.90786208329564,63.6015458870935
1.2634292639726699,270.90786208329564,63.5393126576408
1.2962172206501612,270.90786208329564,63.54147438799739
1.3290051773276526,270.90786208329564,63.56527178803219
1.3617931340051441,270.90786208329564,63.56562495020182
1.3945810906826355,270.90786208329564,63.55153549306228
1.4273690473601268,270.90786208329564,63.58681433476856
1.4601570040376184,270.90786208329564,63.676122497439735
1.4929449607151097,270.90786208329564,63.69403751311021
1.5257329173926013,270.90786208329564,63.688985870636586
1.5585208740700927,270.90786208329564,63.71541298117541
1.591308830747584,270.90786208329564,63.84401206676851
1.6240967874250756,270.90786208329564,63.87867206218292
1.656884744102567,270.90786208329564,63.91435074363634
1.6896727007800583,270.90786208329564,64.03570932145477
1.7224606574575498,270.90786208329564,64.11742924946373
1.7552486141350412,270.90786208329564,64.18654511375381
1.7880365708125325,270.90786208329564,64.27756309484394
1.820824527490024,270.90786208329564,64.31064438670789
1.8536124841675155,270.90786208329564,64.40156953492644
1.886400440845007,270.90786208329564,64.47485241588863
1.9191883975224984,270.90786208329564,64.54457706531916
1.9519763541999897,270.90786208329564,64.63003905487315
1.9847643108774813,270.90786208329564,64.73226542818732
2.0175522675549726,270.90786208329564,64.81066553014094
2.050340224232464,270.90786208329564,64.9049191834631
2.0831281809099558,270.90786208329564,-5256.898071266339
2.1159161375874467,270.90786208329564,-32567.151032250244
2.1487040942649385,270.90786208329564,-24372.089480800132
2.18149205094243,270.90786208329564,-25809.11541368239
2.214280007619921,270.90786208329564,-25994.745256900558
2.247067964297413,270.90786208329564,-7431.592351946677
2.279855920974904,270.90786208329564,-74.75913179441889
2.3126438776523957,270.90786208329564,65.61699804648647
2.3454318343298866,270.90786208329564,65.66678517702212
2.3782197910073783,270.90786208329564,65.7323567428105
2.41100774768487,270.90786208329564,65.80518776621777
2.443795704362361,270.90786208329564,65.86802380402935
2.476583661039853,270.90786208329564,65.94571536730119
2.5093716177173437,270.90786208329564,66.04636681768874
2.5421595743948355,270.90786208329564,66.1583576982791
2.5749475310723273,270.90786208329564,66.27409257935578
2.6077354877498182,270.90786208329564,66.3867300211551
2.64052344442731,270.90786208329564,66.50081770843904
2.673311401104801,270.90786208329564,66.61738008845508
2.7060993577822927,270.90786208329564,66.74460970406021
2.7388873144597845,270.90786208329564,66.91895000465793
2.7716752711372754,270.90786208329564,67.3
2.804463227814767,270.90786208329564,67.3
2.837251184492258,270.90786208329564,67.3
2.87003914116975,270.90786208329564,67.3
2.9028270978472417,270.90786208329564,67.3
2.9356150545247326,270.90786208329564,67.3
0.3453664770029097,275.1103742344031,83.13
0.37815443368040114,275.1103742344031,79.72830715527323
0.41094239035789254,275.1103742344031,77.51345488454525
0.44373034703538394,275.1103742344031,75.8471999693712
0.4765183037128754,275.1103742344031,74.1262253213834
0.5093062603903669,275.1103742344031,72.97385057084001
0.5420942170678582,275.1103742344031,71.74254555107014
0.5748821737453497,275.1103742344031,70.4653542532368
0.6076701304228411,275.1103742344031,69.47210989080877
0.6404580871003326,275.1103742344031,68.6414042867298
0.673246043777824,275.1103742344031,67.91150579675666
0.7060340004553154,275.1103742344031,67.17226937414574
0.7388219571328069,275.1103742344031,66.58256668650849
0.7716099138102983,275.1103742344031,66.18150181061905
0.8043978704877897,275.1103742344031,65.79168906741717
0.8371858271652811,275.1103742344031,65.4201696010043
0.8699737838427726,275.1103742344031,65.0870461322667
0.902761740520264,275.1103742344031,64.90141514118741
0.9355496971977555,275.1103742344031,64.67705343547007
0.9683376538752468,275.1103742344031,64.4425058118523
1.0011256105527382,275.1103742344031,64.22604965959239
1.0339135672302298,275.1103742344031,64.12501563424048
1.066701523907721,275.1103742344031,64.02900382123093
1.0994894805852127,275.1103742344031,63.898833290432265
1.132277437262704,275.1103742344031,63.73242971883229
1.1650653939401954,275.1103742344031,63.73042489543529
1.197853350617687,275.1103742344031,63.73047642683695
1.2306413072951783,275.1103742344031,63.65331302717875
1.2634292639726699,275.1103742344031,63.5794872267243
1.2962172206501612,275.1103742344031,63.60195159361707
1.3290051773276526,275.1103742344031,63.62047637934917
1.3617931340051441,275.1103742344031,63.61402505359736
1.3945810906826355,275.1103742344031,63.57746239587357
1.4273690473601268,275.1103742344031,63.626683118738626
1.4601570040376184,275.1103742344031,63.72069983518678
1.4929449607151097,275.1103742344031,63.737433941267724
1.5257329173926013,275.1103742344031,63.70985646257915
1.5585208740700927,275.1103742344031,63.74734015996156
1.591308830747584,275.1103742344031,63.88078951043115
1.6240967874250756,275.1103742344031,63.901174989557276
1.656884744102567,275.1103742344031,63.94169468432646
1.6896727007800583,275.1103742344031,64.06041413701531
1.7224606574575498,275.1103742344031,64.1398539339107
1.7552486141350412,275.1103742344031,64.19670636996904
1.7880365708125325,275.1103742344031,64.29855695640565
1.820824527490024,275.1103742344031,64.32751976200666
1.8536124841675155,275.1103742344031,64.41661118703202
1.886400440845007,275.1103742344031,64.49256549562985
1.9191883975224984,275.1103742344031,64.55527343629888
1.9519763541999897,275.1103742344031,64.63820622989768
1.9847643108774813,275.1103742344031,64.7416265814632
2.0175522675549726,275.1103742344031,64.8131740249313
2.050340224232464,275.1103742344031,64.90773795637342
2.0831281809099558,275.1103742344031,-5057.536249205966
2.1159161375874467,275.1103742344031,-38632.214219111054
2.1487040942649385,275.1103742344031,-30054.08162245317
2.18149205094243,275.1103742344031,-31832.01428674818
2.214280007619921,275.1103742344031,-29018.697286498376
2.247067964297413,275.1103742344031,-9456.067101817824
2.279855920974904,275.1103742344031,-604.7853922915169
2.3126438776523957,275.1103742344031,65.60973014741457
2.3454318343298866,275.1103742344031,65.65899978059736
2.3782197910073783,275.1103742344031,65.7251654559993
2.41100774768487,275.1103742344031,65.7996370226973
2.443795704362361,275.1103742344031,65.86462384516943
2.476583661039853,275.1103742344031,65.93406845396964
2.5093716177173437,275.1103742344031,66.03113068818945
2.5421595743948355,275.1103742344031,66.14327698618045
2.5749475310723273,275.1103742344031,66.257945665016
2.6077354877498182,275.1103742344031,66.36797997197455
2.64052344442731,275.1103742344031,66.4776128499716
2.673311401104801,275.1103742344031,66.58887005164357
2.7060993577822927,275.1103742344031,66.72372237011962
2.7388873144597845,275.1103742344031,67.3
2.7716752711372754,275.1103742344031,67.3
2.804463227814767,275.1103742344031,67.3
2.837251184492258,275.1103742344031,67.3
2.87003914116975,275.1103742344031,67.3
2.9028270978472417,275.1103742344031,67.3
2.9356150545247326,275.1103742344031,67.3
0.3453664770029097,279.3128863855105,83.13
0.37815443368040114,279.3128863855105,83.13
0.41094239035789254,279.3128863855105,77.29306011745288
0.44373034703538394,279.3128863855105,75.68314941323285
0.4765183037128754,279.3128863855105,74.0037221474082
0.5093062603903669,279.3128863855105,72.90560767910648
0.5420942170678582,279.3128863855105,71.70195520187642
0.5748821737453497,279.3128863855105,70.44145300261349
0.6076701304228411,279.3128863855105,69.45262867273078
0.6404580871003326,279.3128863855105,68.63465011403251
0.673246043777824,279.3128863855105,67.93088564215647
0.7060340004553154,279.3128863855105,67.1909898258296
0.7388219571328069,279.3128863855105,66.61752424837691
0.7716099138102983,279.3128863855105,66.22978716286428
0.8043978704877897,279.3128863855105,65.84796828400447
0.8371858271652811,279.3128863855105,65.45154781823717
0.8699737838427726,279.3128863855105,65.13719411973645
0.902761740520264,279.3128863855105,64.96186562759095
0.9355496971977555,279.3128863855105,64.74298226242246
0.9683376538752468,279.3128863855105,64.48256483831223
1.0011256105527382,279.3128863855105,64.27575937341133
1.0339135672302298,279.3128863855105,64.18680205865678
1.066701523907721,279.3128863855105,64.09476442439741
1.0994894805852127,279.3128863855105,63.94539329603314
1.132277437262704,279.3128863855105,63.78040110763443
1.1650653939401954,279.3128863855105,63.78800184095984
1.197853350617687,279.3128863855105,63.791598733445284
1.2306413072951783,279.3128863855105,63.70074850718095
1.2634292639726699,279.3128863855105,63.626196139859026
1.2962172206501612,279.3128863855105,63.666543900023505
1.3290051773276526,279.3128863855105,63.67646839490997
1.3617931340051441,279.3128863855105,63.65959789162701
1.3945810906826355,279.3128863855105,63.61040569998721
1.4273690473601268,279.3128863855105,63.66969850426942
1.4601570040376184,279.3128863855105,63.76625573612478
1.4929449607151097,279.3128863855105,63.779014305597485
1.5257329173926013,279.3128863855105,63.73404187864175
1.5585208740700927,279.3128863855105,63.782194151163765
1.591308830747584,279.3128863855105,63.916755684053626
1.6240967874250756,279.3128863855105,63.92325677566113
1.656884744102567,279.3128863855105,63.97242793179812
1.6896727007800583,279.3128863855105,64.08411248301488
1.7224606574575498,279.3128863855105,64.16336448113022
1.7552486141350412,279.3128863855105,64.20967990106692
1.7880365708125325,279.3128863855105,64.31955827112543
1.820824527490024,279.3128863855105,64.34586041048912
1.8536124841675155,279.3128863855105,64.43023770660139
1.886400440845007,279.3128863855105,64.51056825153483
1.9191883975224984,279.3128863855105,64.56496674345826
1.9519763541999897,279.3128863855105,64.64761405605044
1.9847643108774813,279.3128863855105,64.7515178956022
2.0175522675549726,279.3128863855105,64.81615271995665
2.050340224232464,279.3128863855105,64.91059359778077
2.0831281809099558,279.3128863855105,-4858.174179177752
2.1159161375874467,279.3128863855105,-43199.3111837492
2.1487040942649385,279.3128863855105,-35643.55660203404
2.18149205094243,279.3128863855105,-37762.395895094196
2.214280007619921,279.3128863855105,-31149.50518638395
2.247067964297413,279.3128863855105,-11535.616203134645
2.279855920974904,279.3128863855105,-1470.776099438798
2.3126438776523957,279.3128863855105,65.60191324088777
2.3454318343298866,279.3128863855105,65.65102188751979
2.3782197910073783,279.3128863855105,65.71749010860145
2.41100774768487,279.3128863855105,65.79332537337058
2.443795704362361,279.3128863855105,65.86032271198567
2.476583661039853,279.3128863855105,65.92425803020511
2.5093716177173437,279.3128863855105,66.01562171920574
2.5421595743948355,279.3128863855105,66.12714616961381
2.5749475310723273,279.3128863855105,66.24074864627093
2.6077354877498182,279.3128863855105,66.34817981845143
2.64052344442731,279.3128863855105,66.45335788722429
2.673311401104801,279.3128863855105,66.56143084340343
2.7060993577822927,279.3128863855105,66.70881756133912
2.7388873144597845,279.3128863855105,67.3
2.7716752711372754,279.3128863855105,67.3
2.804463227814767,279.3128863855105,67.3
2.837251184492258,279.3128863855105,67.3
2.87003914116975,279.3128863855105,67.3
2.9028270978472417,279.3128863855105,67.3
2.9356150545247326,279.3128863855105,67.3
0.3453664770029097,283.51539853661797,83.13
0.37815443368040114,283.51539853661797,83.13
0.41094239035789254,283.51539853661797,77.06578175322028
0.44373034703538394,283.51539853661797,75.51221526159321
0.4765183037128754,283.51539853661797,73.89684118249106
0.5093062603903669,283.51539853661797,72.83283091924673
0.5420942170678582,283.51539853661797,71.65540182958246
0.5748821737453497,283.51539853661797,70.417470304969
0.6076701304228411,283.51539853661797,69.432118204186
0.6404580871003326,283.51539853661797,68.62786817560989
0.673246043777824,283.51539853661797,67.94846398165087
0.7060340004553154,283.51539853661797,67.2130179271183
0.7388219571328069,283.51539853661797,66.65477681371021
0.7716099138102983,283.51539853661797,66.27875557895814
0.8043978704877897,283.51539853661797,65.90162421398692
0.8371858271652811,283.51539853661797,65.48556189681952
0.8699737838427726,283.51539853661797,65.19122264595015
0.902761740520264,283.51539853661797,65.02360728436955
0.9355496971977555,283.51539853661797,64.80694830279856
0.9683376538752468,283.51539853661797,64.51700033236817
1.0011256105527382,283.51539853661797,64.32992627347625
1.0339135672302298,283.51539853661797,64.25037461365824
1.066701523907721,283.51539853661797,64.15941631022689
1.0994894805852127,283.51539853661797,63.98548768844386
1.132277437262704,283.51539853661797,63.83370287893325
1.1650653939401954,283.51539853661797,63.84769651026895
1.197853350617687,283.51539853661797,63.85213045685364
1.2306413072951783,283.51539853661797,63.742518904966815
1.2634292639726699,283.51539853661797,63.678282639974114
1.2962172206501612,283.51539853661797,63.73405756962039
1.3290051773276526,283.51539853661797,63.732314120632715
1.3617931340051441,283.51539853661797,63.701236820274204
1.3945810906826355,283.51539853661797,63.649246213275134
1.4273690473601268,283.51539853661797,63.71504496846061
1.4601570040376184,283.51539853661797,63.81201013479506
1.4929449607151097,283.51539853661797,63.81782723824081
1.5257329173926013,283.51539853661797,63.763859080841506
1.5585208740700927,283.51539853661797,63.81928944272391
1.591308830747584,283.51539853661797,63.95165439344034
1.6240967874250756,283.51539853661797,63.94876231844363
1.656884744102567,283.51539853661797,64.00460690723719
1.6896727007800583,283.51539853661797,64.1063220228451
1.7224606574575498,283.51539853661797,64.1875472200057
1.7552486141350412,283.51539853661797,64.22565817898362
1.7880365708125325,283.51539853661797,64.34020870453195
1.820824527490024,283.51539853661797,64.36531175688435
1.8536124841675155,283.51539853661797,64.44218035115279
1.886400440845007,283.51539853661797,64.52856520406638
1.9191883975224984,283.51539853661797,64.57340798386126
1.9519763541999897,283.51539853661797,64.65800195642407
1.9847643108774813,283.51539853661797,64.76176208285645
2.0175522675549726,283.51539853661797,64.82052587524967
2.050340224232464,283.51539853661797,64.9134347634827
2.0831281809099558,283.51539853661797,-4658.811912525901
2.1159161375874467,283.51539853661797,-45790.80121538853
2.1487040942649385,283.51539853661797,-40928.2296368677
2.18149205094243,283.51539853661797,-43387.975456045366
2.214280007619921,283.51539853661797,-32980.984807491746
2.247067964297413,283.51539853661797,-13607.403276220166
2.279855920974904,283.51539853661797,-2610.501401600605
2.3126438776523957,283.51539853661797,65.5935427560869
2.3454318343298866,283.51539853661797,65.64299332785458
2.3782197910073783,283.51539853661797,65.70947253068209
2.41100774768487,283.51539853661797,65.78637992958852
2.443795704362361,283.51539853661797,65.85505499321108
2.476583661039853,283.51539853661797,65.9170876146915
2.5093716177173437,283.51539853661797,66.00064570957208
2.5421595743948355,283.51539853661797,66.11029618548697
2.5749475310723273,283.51539853661797,66.22283246002836
2.6077354877498182,283.51539853661797,66.32766049749351
2.64052344442731,283.51539853661797,66.42838375710488
2.673311401104801,283.51539853661797,66.53644081224733
2.7060993577822927,283.51539853661797,66.70127358774978
2.7388873144597845,283.51539853661797,67.3
2.7716752711372754,283.51539853661797,67.3
2.804463227814767,283.51539853661797,67.3
2.837251184492258,283.51539853661797,67.3
2.87003914116975,283.51539853661797,67.3
2.9028270978472417,283.51539853661797,67.3
2.9356150545247326,283.51539853661797,67.3
0.3453664770029097,287.7179106877254,83.13
0.37815443368040114,287.7179106877254,83.13
0.41094239035789254,287.7179106877254,76.83478733070767
0.44373034703538394,287.7179106877254,75.33756505331249
0.4765183037128754,287.7179106877254,73.81117732252206
0.5093062603903669,287.7179106877254,72.75613302866822
0.5420942170678582,287.7179106877254,71.60349817159582
0.5748821737453497,287.7179106877254,70.39310804718612
0.6076701304228411,287.7179106877254,69.4109566975343
0.6404580871003326,287.7179106877254,68.62112938714381
0.673246043777824,287.7179106877254,67.9635797535105
0.7060340004553154,287.7179106877254,67.23781768520442
0.7388219571328069,287.7179106877254,66.69365068981708
0.7716099138102983,287.7179106877254,66.32755607821933
0.8043978704877897,287.7179106877254,65.95136806384502
0.8371858271652811,287.7179106877254,65.52663733323887
0.8699737838427726,287.7179106877254,65.24811526192103
0.902761740520264,287.7179106877254,65.08557638599376
0.9355496971977555,287.7179106877254,64.86751088201433
0.9683376538752468,287.7179106877254,64.55681546514923
1.0011256105527382,287.7179106877254,64.38748965381114
1.0339135672302298,287.7179106877254,64.31463411606286
1.066701523907721,287.7179106877254,64.22167979185339
1.0994894805852127,287.7179106877254,64.02011761173974
1.132277437262704,287.7179106877254,63.89100662172116
1.1650653939401954,287.7179106877254,63.90846881614331
1.197853350617687,287.7179106877254,63.91103150947691
1.2306413072951783,287.7179106877254,63.7772907984032
1.2634292639726699,287.7179106877254,63.73458996999871
1.2962172206501612,287.7179106877254,63.80329886481143
1.3290051773276526,287.7179106877254,63.78707984243548
1.3617931340051441,287.7179106877254,63.73783519552247
1.3945810906826355,287.7179106877254,63.6928647436093
1.4273690473601268,287.7179106877254,63.761906988411916
1.4601570040376184,287.7179106877254,63.85718296573881
1.4929449607151097,287.7179106877254,63.85292137133909
1.5257329173926013,287.7179106877254,63.79835809064227
1.5585208740700927,287.7179106877254,63.85794052258375
1.591308830747584,287.7179106877254,63.985229444395664
1.6240967874250756,287.7179106877254,63.97767782879251
1.656884744102567,287.7179106877254,64.03743756201379
1.6896727007800583,287.7179106877254,64.12656041989764
1.7224606574575498,287.7179106877254,64.21198847942053
1.7552486141350412,287.7179106877254,64.24411488556972
1.7880365708125325,287.7179106877254,64.36009841639233
1.820824527490024,287.7179106877254,64.38551922592117
1.8536124841675155,287.7179106877254,64.45282657480759
1.886400440845007,287.7179106877254,64.54626087368732
1.9191883975224984,287.7179106877254,64.58170340111471
1.9519763541999897,287.7179106877254,64.66913498640211
1.9847643108774813,287.7179106877254,64.77218185547808
2.0175522675549726,287.7179106877254,64.82616446836118
2.050340224232464,287.7179106877254,64.91621010927678
2.0831281809099558,287.7179106877254,-4459.4495005946155
2.1159161375874467,287.7179106877254,-45929.04360325288
2.1487040942649385,287.7179106877254,-45695.81594427914
2.18149205094243,287.7179106877254,-48475.6339107784
2.214280007619921,287.7179106877254,-34450.600423132964
2.247067964297413,287.7179106877254,-15608.59194139741
2.279855920974904,287.7179106877254,-3961.7314471412624
2.3126438776523957,287.7179106877254,65.58461412219306
2.3454318343298866,287.7179106877254,65.63505593166694
2.3782197910073783,287.7179106877254,65.70125455230644
2.41100774768487,287.7179106877254,65.77894252141631
2.443795704362361,287.7179106877254,65.8489712102284
2.476583661039853,287.7179106877254,65.91294401161483
2.5093716177173437,287.7179106877254,65.98700617797245
2.5421595743948355,287.7179106877254,66.09305797070775
2.5749475310723273,287.7179106877254,66.20452804319609
2.6077354877498182,287.7179106877254,66.3067529460086
2.64052344442731,287.7179106877254,66.40302139652118
2.673311401104801,287.7179106877254,66.51527826820626
2.7060993577822927,287.7179106877254,67.3
2.7388873144597845,287.7179106877254,67.3
2.7716752711372754,287.7179106877254,67.3
2.804463227814767,287.7179106877254,67.3
2.837251184492258,287.7179106877254,67.3
2.87003914116975,287.7179106877254,67.3
2.9028270978472417,287.7179106877254,67.3
2.9356150545247326,287.7179106877254,67.3
0.3453664770029097,291.9204228388329,74.57
0.37815443368040114,291.9204228388329,74.57
0.41094239035789254,291.9204228388329,76.60429424545676
0.44373034703538394,291.9204228388329,75.16236632725102
0.4765183037128754,291.9204228388329,73.73161769717052
0.5093062603903669,291.9204228388329,72.67612674477849
0.5420942170678582,291.9204228388329,71.54685696532401
0.5748821737453497,291.9204228388329,70.36806811614763
0.6076701304228411,291.9204228388329,69.38952236513583
0.6404580871003326,291.9204228388329,68.61450466431643
0.673246043777824,291.9204228388329,67.97557189600573
0.7060340004553154,291.9204228388329,67.264851233226
0.7388219571328069,291.9204228388329,66.73347218400616
0.7716099138102983,291.9204228388329,66.37533767996644
0.8043978704877897,291.9204228388329,65.99591104005933
0.8371858271652811,291.9204228388329,65.5735553571842
0.8699737838427726,291.9204228388329,65.30685551866235
0.902761740520264,291.9204228388329,65.1467092069342
0.9355496971977555,291.9204228388329,64.92322932548575
0.9683376538752468,291.9204228388329,64.60437421261493
1.0011256105527382,291.9204228388329,64.44739760835661
1.0339135672302298,291.9204228388329,64.37848138268859
1.066701523907721,291.9204228388329,64.28015938980991
1.0994894805852127,291.9204228388329,64.0612541517695
1.132277437262704,291.9204228388329,63.951150498568985
1.1650653939401954,291.9204228388329,63.96927867136354
1.197853350617687,291.9204228388329,63.967222363073404
1.2306413072951783,291.9204228388329,63.80798662677486
1.2634292639726699,291.9204228388329,63.79396352924243
1.2962172206501612,291.9204228388329,63.87307404800037
1.3290051773276526,291.9204228388329,63.839831846236386
1.3617931340051441,291.9204228388329,63.76828637335523
1.3945810906826355,291.9204228388329,63.74014209886163
1.4273690473601268,291.9204228388329,63.80946904122288
1.4601570040376184,291.9204228388329,63.90099416349732
1.4929449607151097,291.9204228388329,63.88334533703371
1.5257329173926013,291.9204228388329,63.836588929507926
1.5585208740700927,291.9204228388329,63.89746187868519
1.591308830747584,291.9204228388329,64.01722464272393
1.6240967874250756,291.9204228388329,64.00900253072405
1.656884744102567,291.9204228388329,64.070364394882
1.6896727007800583,291.9204228388329,64.14434533756405
1.7224606574575498,291.9204228388329,64.23627458825811
1.7552486141350412,291.9204228388329,64.26452370267587
1.7880365708125325,291.9204228388329,64.37878026131153
1.820824527490024,291.9204228388329,64.40612824232863
1.8536124841675155,291.9204228388329,64.4655930501794
1.886400440845007,291.9204228388329,64.5633597808604
1.9191883975224984,291.9204228388329,64.59240814884684
1.9519763541999897,291.9204228388329,64.68080050809539
1.9847643108774813,291.9204228388329,64.78259992571918
2.0175522675549726,291.9204228388329,64.83287373023161
2.050340224232464,291.9204228388329,64.91889755371722
2.0831281809099558,291.9204228388329,-4260.086994728094
2.1159161375874467,291.9204228388329,-43806.87985618193
2.1487040942649385,291.9204228388329,-49734.030741593364
2.18149205094243,291.9204228388329,-52636.16420079366
2.214280007619921,291.9204228388329,-35495.51565363063
2.247067964297413,291.9204228388329,-17476.34581898937
2.279855920974904,291.9204228388329,-5462.23638442513
2.3126438776523957,291.9204228388329,45.490879324722385
2.3454318343298866,291.9204228388329,65.62735152902202
2.3782197910073783,291.9204228388329,65.69297800353966
2.41100774768487,291.9204228388329,65.77115497891909
2.443795704362361,291.9204228388329,65.84222188442034
2.476583661039853,291.9204228388329,65.90860685548098
2.5093716177173437,291.9204228388329,65.97550664309087
2.5421595743948355,291.9204228388329,66.07576246218387
2.5749475310723273,291.9204228388329,66.1861663326819
2.6077354877498182,291.9204228388329,66.28578810090448
2.64052344442731,291.9204228388329,66.37760678500263
2.673311401104801,291.9204228388329,66.49932152131124
2.7060993577822927,291.9204228388329,66.11
2.7388873144597845,291.9204228388329,66.11
2.7716752711372754,291.9204228388329,66.11
2.804463227814767,291.9204228388329,66.11
2.837251184492258,291.9204228388329,66.11
2.87003914116975,291.9204228388329,66.11
2.9028270978472417,291.9204228388329,66.11
2.9356150545247326,291.9204228388329,66.11
0.3453664770029097,296.12293498994035,74.57
0.37815443368040114,296.12293498994035,74.57
0.41094239035789254,296.12293498994035,76.38958168108765
0.44373034703538394,296.12293498994035,74.9897866222691
0.4765183037128754,296.12293498994035,73.65079157088925
0.5093062603903669,296.12293498994035,72.59342480498505
0.5420942170678582,296.12293498994035,71.4860909481745
0.5748821737453497,296.12293498994035,70.34205239873629
0.6076701304228411,296.12293498994035,69.36819341935055
0.6404580871003326,296.12293498994035,68.6080649228097
0.673246043777824,296.12293498994035,67.98377934740729
0.7060340004553154,296.12293498994035,67.29358070432107
0.7388219571328069,296.12293498994035,66.77356760358619
0.7716099138102983,296.12293498994035,66.42124940351802
0.8043978704877897,296.12293498994035,66.03396434911039
0.8371858271652811,296.12293498994035,65.62509719834445
0.8699737838427726,296.12293498994035,65.36642696718727
0.902761740520264,296.12293498994035,65.20594202166143
0.9355496971977555,296.12293498994035,64.97266295862882
0.9683376538752468,296.12293498994035,64.65825861232827
1.0011256105527382,296.12293498994035,64.50859823105323
1.0339135672302298,296.12293498994035,64.44081723035342
1.066701523907721,296.12293498994035,64.33345652009328
1.0994894805852127,296.12293498994035,64.10960782190574
1.132277437262704,296.12293498994035,64.01305829598722
1.1650653939401954,296.12293498994035,64.02908598871029
1.197853350617687,296.12293498994035,64.01944875970268
1.2306413072951783,296.12293498994035,63.846019662736914
1.2634292639726699,296.12293498994035,63.855405577702896
1.2962172206501612,296.12293498994035,63.94218938159088
1.3290051773276526,296.12293498994035,63.88963766770475
1.3617931340051441,296.12293498994035,63.79685783243531
1.3945810906826355,296.12293498994035,63.789959086904105
1.4273690473601268,296.12293498994035,63.85691560399328
1.4601570040376184,296.12293498994035,63.942663662611885
1.4929449607151097,296.12293498994035,63.90816059456154
1.5257329173926013,296.12293498994035,63.8776016189023
1.5585208740700927,296.12293498994035,63.937167998969976
1.591308830747584,296.12293498994035,64.04738379422957
1.6240967874250756,296.12293498994035,64.04173564825471
1.656884744102567,296.12293498994035,64.10283190459589
1.6896727007800583,296.12293498994035,64.15964711097129
1.7224606574575498,296.12293498994035,64.25999187540188
1.7552486141350412,296.12293498994035,64.28635831215267
1.7880365708125325,296.12293498994035,64.3958062640628
1.820824527490024,296.12293498994035,64.42678423083562
1.8536124841675155,296.12293498994035,64.4806376695856
1.886400440845007,296.12293498994035,64.57956644604842
1.9191883975224984,296.12293498994035,64.60513934566748
1.9519763541999897,296.12293498994035,64.69278577659509
1.9847643108774813,296.12293498994035,64.7928390058319
2.0175522675549726,296.12293498994035,64.84045889180152
2.050340224232464,296.12293498994035,64.92150229658228
2.0831281809099558,296.12293498994035,-4060.724446270545
2.1159161375874467,296.12293498994035,-41211.21266933091
2.1487040942649385,296.12293498994035,-52830.58924613527
2.18149205094243,296.12293498994035,-55492.7557583854
2.214280007619921,296.12293498994035,-36052.89411930767
2.247067964297413,296.12293498994035,-19147.828529319027
2.279855920974904,296.12293498994035,-7049.786361816503
2.3126438776523957,296.12293498994035,-251.06255683645668
2.3454318343298866,296.12293498994035,65.61995578619879
2.3782197910073783,296.12293498994035,65.68478471444693
2.41100774768487,296.12293498994035,65.76315913216207
2.443795704362361,296.12293498994035,65.83495753716954
2.476583661039853,296.12293498994035,65.90334705760985
2.5093716177173437,296.12293498994035,65.96695062361137
2.5421595743948355,296.12293498994035,66.0589152409103
2.5749475310723273,296.12293498994035,66.16807826539362
2.6077354877498182,296.12293498994035,66.26509689908896
2.64052344442731,296.12293498994035,66.3534522269532
2.673311401104801,296.12293498994035,66.4899488815932
2.7060993577822927,296.12293498994035,66.11
2.7388873144597845,296.12293498994035,66.11
2.7716752711372754,296.12293498994035,66.11
2.804463227814767,296.12293498994035,66.11
2.837251184492258,296.12293498994035,66.11
2.87003914116975,296.12293498994035,66.11
2.9028270978472417,296.12293498994035,66.11
2.9356150545247326,296.12293498994035,66.11
0.3453664770029097,300.3254471410478,74.57
0.37815443368040114,300.3254471410478,74.57
0.41094239035789254,300.3254471410478,76.20460008132711
0.44373034703538394,300.3254471410478,74.82299347722702
0.4765183037128754,300.3254471410478,73.56931168108576
0.5093062603903669,300.3254471410478,72.50863994669547
0.5420942170678582,300.3254471410478,71.42181285755484
0.5748821737453497,300.3254471410478,70.31476278183483
0.6076701304228411,300.3254471410478,69.3473480725385
0.6404580871003326,300.3254471410478,68.60188107830567
0.673246043777824,300.3254471410478,67.98860699312904
0.7060340004553154,300.3254471410478,67.32346823162769
0.7388219571328069,300.3254471410478,66.81326325586583
0.7716099138102983,300.3254471410478,66.4644402681927
0.8043978704877897,300.3254471410478,66.0642391974788
0.8371858271652811,300.3254471410478,65.68004408640864
0.8699737838427726,300.3254471410478,65.42581315850907
0.902761740520264,300.3254471410478,65.26221110464606
0.9355496971977555,300.3254471410478,65.01437110685951
0.9683376538752468,300.3254471410478,64.71705070185233
1.0011256105527382,300.3254471410478,64.57003961584157
1.0339135672302298,300.3254471410478,64.50054247587535
1.066701523907721,300.3254471410478,64.38017259870033
1.0994894805852127,300.3254471410478,64.1637699096276
1.132277437262704,300.3254471410478,64.07565446912858
1.1650653939401954,300.3254471410478,64.08685068096428
1.197853350617687,300.3254471410478,64.0664080725193
1.2306413072951783,300.3254471410478,63.89086530228345
1.2634292639726699,300.3254471410478,63.91794093474145
1.2962172206501612,300.3254471410478,64.00945112798672
1.3290051773276526,300.3254471410478,63.935517879917775
1.3617931340051441,300.3254471410478,63.83121769333566
1.3945810906826355,300.3254471410478,63.84120039843634
1.4273690473601268,300.3254471410478,63.903431153822694
1.4601570040376184,300.3254471410478,63.98141139762374
1.4929449607151097,300.3254471410478,63.933222941059455
1.5257329173926013,300.3254471410478,63.920446180289254
1.5585208740700927,300.3254471410478,63.976373371379964
1.591308830747584,300.3254471410478,64.07545070471697
1.6240967874250756,300.3254471410478,64.07487640540081
1.656884744102567,300.3254471410478,64.13428458990957
1.6896727007800583,300.3254471410478,64.17812562439052
1.7224606574575498,300.3254471410478,64.28272666973515
1.7552486141350412,300.3254471410478,64.30909239585081
1.7880365708125325,300.3254471410478,64.41072844941941
1.820824527490024,300.3254471410478,64.44713261617106
1.8536124841675155,300.3254471410478,64.49751574142297
1.886400440845007,300.3254471410478,64.59458538971418
1.9191883975224984,300.3254471410478,64.61941209792569
1.9519763541999897,300.3254471410478,64.70487804699233
1.9847643108774813,300.3254471410478,64.80272180806831
2.0175522675549726,300.3254471410478,64.84872518401134
2.050340224232464,300.3254471410478,64.92400858653926
2.0831281809099558,300.3254471410478,-3861.361906566168
2.1159161375874467,300.3254471410478,-38322.16407435499
2.1487040942649385,300.3254471410478,-54773.20667522985
2.18149205094243,300.3254471410478,-56681.49201036067
2.214280007619921,300.3254471410478,-36059.89944048719
2.247067964297413,300.3254471410478,-20560.203692709416
2.279855920974904,300.3254471410478,-8662.15152767973
2.3126438776523957,300.3254471410478,-853.7219342500873
2.3454318343298866,300.3254471410478,65.61273927686418
2.3782197910073783,300.3254471410478,65.67681651509349
2.41100774768487,300.3254471410478,65.75509681121045
2.443795704362361,300.3254471410478,65.82732868985879
2.476583661039853,300.3254471410478,65.8973151393842
2.5093716177173437,300.3254471410478,65.96210613274204
2.5421595743948355,300.3254471410478,66.0436663323439
2.5749475310723273,300.3254471410478,66.15059477823897
2.6077354877498182,300.3254471410478,66.2450102774698
2.64052344442731,300.3254471410478,66.33234842800469
2.673311401104801,300.3254471410478,66.11
2.7060993577822927,300.3254471410478,66.11
2.7388873144597845,300.3254471410478,66.11
2.7716752711372754,300.3254471410478,66.11
2.804463227814767,300.3254471410478,66.11
2.837251184492258,300.3254471410478,66.11
2.87003914116975,300.3254471410478,66.11
2.9028270978472417,300.3254471410478,66.11
2.9356150545247326,300.3254471410478,66.11
0.3453664770029097,304.52795929215523,74.57
0.37815443368040114,304.52795929215523,74.57
0.41094239035789254,304.52795929215523,76.06175093068623
0.44373034703538394,304.52795929215523,74.66515443098506
0.4765183037128754,304.52795929215523,73.48779076516759
0.5093062603903669,304.52795929215523,72.42238490731715
0.5420942170678582,304.52795929215523,71.35463543087259
0.5748821737453497,304.52795929215523,70.2857335218118
0.6076701304228411,304.52795929215523,69.32736453705976
0.6404580871003326,304.52795929215523,68.59602343388902
0.673246043777824,304.52795929215523,67.99225618625766
0.7060340004553154,304.52795929215523,67.35397594828389
0.7388219571328069,304.52795929215523,66.8518854481538
0.7716099138102983,304.52795929215523,66.50405929330913
0.8043978704877897,304.52795929215523,66.09237210473896
0.8371858271652811,304.52795929215523,65.73717725106566
0.8699737838427726,304.52795929215523,65.48399764364099
0.902761740520264,304.52795929215523,65.31445273035871
0.9355496971977555,304.52795929215523,65.04705671579163
0.9683376538752468,304.52795929215523,64.77933251875007
1.0011256105527382,304.52795929215523,64.63066985666217
1.0339135672302298,304.52795929215523,64.55655793607238
1.066701523907721,304.52795929215523,64.41890904162787
1.0994894805852127,304.52795929215523,64.22233170241437
1.132277437262704,304.52795929215523,64.13786347314588
1.1650653939401954,304.52795929215523,64.14153266090604
1.197853350617687,304.52795929215523,64.10679767297506
1.2306413072951783,304.52795929215523,63.941137473689764
1.2634292639726699,304.52795929215523,63.98052951416836
1.2962172206501612,304.52795929215523,64.07366554959158
1.3290051773276526,304.52795929215523,63.97634310538344
1.3617931340051441,304.52795929215523,63.87037165612106
1.3945810906826355,304.52795929215523,63.892857354597815
1.4273690473601268,304.52795929215523,63.948200167810796
1.4601570040376184,304.52795929215523,64.01644784719738
1.4929449607151097,304.52795929215523,63.96327414039774
1.5257329173926013,304.52795929215523,63.96417074670978
1.5585208740700927,304.52795929215523,64.01439248385697
1.591308830747584,304.52795929215523,64.1011691799905
1.6240967874250756,304.52795929215523,64.10742402617876
1.656884744102567,304.52795929215523,64.1641669495771
1.6896727007800583,304.52795929215523,64.20063397554232
1.7224606574575498,304.52795929215523,64.30406530014145
1.7552486141350412,304.52795929215523,64.3322003947383
1.7880365708125325,304.52795929215523,64.42309884215476
1.820824527490024,304.52795929215523,64.46681882306395
1.8536124841675155,304.52795929215523,64.51578257408832
1.886400440845007,304.52795929215523,64.60812113232049
1.9191883975224984,304.52795929215523,64.63474151197045
1.9519763541999897,304.52795929215523,64.71686457437825
1.9847643108774813,304.52795929215523,64.81207104468061
2.0175522675549726,304.52795929215523,64.85747783780172
2.050340224232464,304.52795929215523,64.9264006389693
2.0831281809099558,304.52795929215523,-3661.9994269591657
2.1159161375874467,304.52795929215523,-35192.805345503126
2.1487040942649385,304.52795929215523,-55349.598246202135
2.18149205094243,304.52795929215523,-55838.45638352633
2.214280007619921,304.52795929215523,-35453.695237492175
2.247067964297413,304.52795929215523,-21650.634929483545
2.279855920974904,304.52795929215523,-10237.102030379152
2.3126438776523957,304.52795929215523,-1700.2574012804998
2.3454318343298866,304.52795929215523,65.60568583730269
2.3782197910073783,304.52795929215523,65.66921523554443
2.41100774768487,304.52795929215523,65.74710984612936
2.443795704362361,304.52795929215523,65.81948408248397
2.476583661039853,304.52795929215523,65.89066162218674
2.5093716177173437,304.52795929215523,65.95832090843142
2.5421595743948355,304.52795929215523,66.03086092764666
2.5749475310723273,304.52795929215523,66.13404680812582
2.6077354877498182,304.52795929215523,66.22585917295483
2.64052344442731,304.52795929215523,66.31567369818818
2.673311401104801,304.52795929215523,66.11
2.7060993577822927,304.52795929215523,66.11
2.7388873144597845,304.52795929215523,66.11
2.7716752711372754,304.52795929215523,66.11
2.804463227814767,304.52795929215523,66.11
2.837251184492258,304.52795929215523,66.11
2.87003914116975,304.52795929215523,66.11
2.9028270978472417,304.52795929215523,66.11
2.9356150545247326,304.52795929215523,66.11
0.3453664770029097,308.7304714432627,74.57
0.37815443368040114,308.7304714432627,74.57
0.41094239035789254,308.7304714432627,75.97343571367635
0.44373034703538394,308.7304714432627,74.51944102174582
0.4765183037128754,308.7304714432627,73.40684156054222
0.5093062603903669,308.7304714432627,72.33556208765208
0.5420942170678582,308.7304714432627,71.28517140553514
0.5748821737453497,308.7304714432627,70.2534182708961
0.6076701304228411,308.7304714432627,69.30862102527422
0.6404580871003326,308.7304714432627,68.59052045203973
0.673246043777824,308.7304714432627,67.99498817753661
0.7060340004553154,308.7304714432627,67.38428271102364
0.7388219571328069,308.7304714432627,66.88876048775873
0.7716099138102983,308.7304714432627,66.53925549818584
0.8043978704877897,308.7304714432627,66.1256671477963
0.8371858271652811,308.7304714432627,65.79492789896527
0.8699737838427726,308.7304714432627,65.53996397359622
0.902761740520264,308.7304714432627,65.36160317326994
0.9355496971977555,308.7304714432627,65.08025935339512
0.9683376538752468,308.7304714432627,64.84363553918197
1.0011256105527382,308.7304714432627,64.68943704745563
1.0339135672302298,308.7304714432627,64.60776442776243
1.066701523907721,308.7304714432627,64.449098512905
1.0994894805852127,308.7304714432627,64.2838844877452
1.132277437262704,308.7304714432627,64.19860976319197
1.1650653939401954,308.7304714432627,64.19209184131633
1.197853350617687,308.7304714432627,64.13931493252171
1.2306413072951783,308.7304714432627,63.9954501052311
1.2634292639726699,308.7304714432627,64.04213122979388
1.2962172206501612,308.7304714432627,64.13363890880913
1.3290051773276526,308.7304714432627,64.01096143896771
1.3617931340051441,308.7304714432627,63.91320004488969
1.3945810906826355,308.7304714432627,63.94393430263543
1.4273690473601268,308.7304714432627,63.99040712305726
1.4601570040376184,308.7304714432627,64.0468718663074
1.4929449607151097,308.7304714432627,63.997335667263506
1.5257329173926013,308.7304714432627,64.007526093287
1.5585208740700927,308.7304714432627,64.0505398243428
1.591308830747584,308.7304714432627,64.12428302585454
1.6240967874250756,308.7304714432627,64.13825588787394
1.656884744102567,308.7304714432627,64.19192348235252
1.6896727007800583,308.7304714432627,64.22590817484075
1.7224606574575498,308.7304714432627,64.32359409550406
1.7552486141350412,308.7304714432627,64.35507490686314
1.7880365708125325,308.7304714432627,64.43275859117075
1.820824527490024,308.7304714432627,64.48548827624319
1.8536124841675155,308.7304714432627,64.53499347597842
1.886400440845007,308.7304714432627,64.61992898426914
1.9191883975224984,308.7304714432627,64.6506426941507
1.9519763541999897,308.7304714432627,64.72853261384398
1.9847643108774813,308.7304714432627,64.82070942792079
2.0175522675549726,308.7304714432627,64.86645140459407
2.050340224232464,308.7304714432627,64.92866266925327
2.0831281809099558,308.7304714432627,-3462.6370587937404
2.1159161375874467,308.7304714432627,-31876.207757024345
2.1487040942649385,308.7304714432627,-54347.47917637708
2.18149205094243,308.7304714432627,-52599.73230468922
2.214280007619921,308.7304714432627,-34171.445130645574
2.247067964297413,308.7304714432627,-22342.298991355092
2.279855920974904,308.7304714432627,-11712.408018279097
2.3126438776523957,308.7304714432627,-2728.4391062920367
2.3454318343298866,308.7304714432627,65.59879089669533
2.3782197910073783,308.7304714432627,65.66212270586499
2.41100774768487,308.7304714432627,65.73934006698406
2.443795704362361,308.7304714432627,65.81160662844889
2.476583661039853,308.7304714432627,65.88353702740021
2.5093716177173437,308.7304714432627,65.95365698623723
2.5421595743948355,308.7304714432627,66.02130254550259
2.5749475310723273,308.7304714432627,66.11876529196194
2.6077354877498182,308.7304714432627,66.2079745224518
2.64052344442731,308.7304714432627,66.30480634753461
2.673311401104801,308.7304714432627,66.11
2.7060993577822927,308.7304714432627,66.11
2.7388873144597845,308.7304714432627,66.11
2.7716752711372754,308.7304714432627,66.11
2.804463227814767,308.7304714432627,66.11
2.837251184492258,308.7304714432627,66.11
2.87003914116975,308.7304714432627,66.11
2.9028270978472417,308.7304714432627,66.11
2.9356150545247326,308.7304714432627,66.11
0.3453664770029097,312.9329835943701,74.57
0.37815443368040114,312.9329835943701,74.57
0.41094239035789254,312.9329835943701,74.57
0.44373034703538394,312.9329835943701,74.39425914422993
0.4765183037128754,312.9329835943701,73.32707680461716
0.5093062603903669,312.9329835943701,72.25156177712897
0.5420942170678582,312.9329835943701,71.2141398202238
0.5748821737453497,312.9329835943701,70.21800000375879
0.6076701304228411,312.9329835943701,69.29149574954204
0.6404580871003326,312.9329835943701,68.58543148161695
0.673246043777824,312.9329835943701,67.99697759271575
0.7060340004553154,312.9329835943701,67.41313802673291
0.7388219571328069,312.9329835943701,66.92321468198939
0.7716099138102983,312.9329835943701,66.5691631969808
0.8043978704877897,312.9329835943701,66.16309760409911
0.8371858271652811,312.9329835943701,65.85009303961476
0.8699737838427726,312.9329835943701,65.592695699388
0.902761740520264,312.9329835943701,65.40259870785034
0.9355496971977555,312.9329835943701,65.11949415582815
0.9683376538752468,312.9329835943701,64.90597394374349
1.0011256105527382,312.9329835943701,64.74528928216255
1.0339135672302298,312.9329835943701,64.65306276776354
1.066701523907721,312.9329835943701,64.48213434102455
1.0994894805852127,312.9329835943701,64.3455414630886
1.132277437262704,312.9329835943701,64.25681779441956
1.1650653939401954,312.9329835943701,64.23748813497579
1.197853350617687,312.9329835943701,64.16460170111499
1.2306413072951783,312.9329835943701,64.05204206989046
1.2634292639726699,312.9329835943701,64.10113566196966
1.2962172206501612,312.9329835943701,64.18817746804315
1.3290051773276526,312.9329835943701,64.03822097553632
1.3617931340051441,312.9329835943701,63.95858318373968
1.3945810906826355,312.9329835943701,63.99263883411057
1.4273690473601268,312.9329835943701,64.02923649666171
1.4601570040376184,312.9329835943701,64.07170954863412
1.4929449607151097,312.9329835943701,64.03442899634392
1.5257329173926013,312.9329835943701,64.04883157995631
1.5585208740700927,312.9329835943701,64.08412988077929
1.591308830747584,312.9329835943701,64.14453604811355
1.6240967874250756,312.9329835943701,64.16620140838657
1.656884744102567,312.9329835943701,64.21699868698998
1.6896727007800583,312.9329835943701,64.2526842326999
1.7224606574575498,312.9329835943701,64.34089938470646
1.7552486141350412,312.9329835943701,64.37686654345961
1.7880365708125325,312.9329835943701,64.44368280699709
1.820824527490024,312.9329835943701,64.50278640043777
1.8536124841675155,312.9329835943701,64.55423664356984
1.886400440845007,312.9329835943701,64.62995045758122
1.9191883975224984,312.9329835943701,64.66616257489514
1.9519763541999897,312.9329835943701,64.73966942048067
1.9847643108774813,312.9329835943701,64.82845967004111
2.0175522675549726,312.9329835943701,64.87523418465257
2.050340224232464,312.9329835943701,64.9309507688565
2.0831281809099558,312.9329835943701,-3263.274853414094
2.1159161375874467,312.9329835943701,-28400.337367626573
2.1487040942649385,312.9329835943701,-51554.564683079625
2.18149205094243,312.9329835943701,-47138.407751470346
2.214280007619921,312.9329835943701,-32150.312740270463
2.247067964297413,312.9329835943701,-22323.407177838595
2.279855920974904,312.9329835943701,-12840.984640027764
2.3126438776523957,312.9329835943701,-3876.037197649029
2.3454318343298866,312.9329835943701,65.59204988422304
2.3782197910073783,312.9329835943701,65.65568075612033
2.41100774768487,312.9329835943701,65.73192930383968
2.443795704362361,312.9329835943701,65.80400577328402
2.476583661039853,312.9329835943701,65.87624781629798
2.5093716177173437,312.9329835943701,65.948264887542
2.5421595743948355,312.9329835943701,66.01579470459569
2.5749475310723273,312.9329835943701,66.10508116665508
2.6077354877498182,312.9329835943701,66.19168726286854
2.64052344442731,312.9329835943701,66.11
2.673311401104801,312.9329835943701,66.11
2.7060993577822927,312.9329835943701,66.11
2.7388873144597845,312.9329835943701,66.11
2.7716752711372754,312.9329835943701,66.11
2.804463227814767,312.9329835943701,66.11
2.837251184492258,312.9329835943701,66.11
2.87003914116975,312.9329835943701,66.11
2.9028270978472417,312.9329835943701,66.11
2.9356150545247326,312.9329835943701,66.11
0.3453664770029097,317.13549574547756,74.57
0.37815443368040114,317.13549574547756,74.57
0.41094239035789254,317.13549574547756,74.57
0.44373034703538394,317.13549574547756,74.29966875067844
0.4765183037128754,317.13549574547756,73.24910923480002
0.5093062603903669,317.13549574547756,72.17377188822158
0.5420942170678582,317.13549574547756,71.14604840274245
0.5748821737453497,317.13549574547756,70.18009145780748
0.6076701304228411,317.13549574547756,69.27636692222318
0.6404580871003326,317.13549574547756,68.5808476359188
0.673246043777824,317.13549574547756,67.99840926274926
0.7060340004553154,317.13549574547756,67.43937146720724
0.7388219571328069,317.13549574547756,66.9545743381544
0.7716099138102983,317.13549574547756,66.59275131857846
0.8043978704877897,317.13549574547756,66.20361670730857
0.8371858271652811,317.13549574547756,65.90026910464341
0.8699737838427726,317.13549574547756,65.64117637202956
0.902761740520264,317.13549574547756,65.43637560857051
0.9355496971977555,317.13549574547756,65.16344876547855
0.9683376538752468,317.13549574547756,64.96268037484816
1.0011256105527382,317.13549574547756,64.79715922256528
1.0339135672302298,317.13549574547756,64.69135377289369
1.066701523907721,317.13549574547756,64.52099744059713
1.0994894805852127,317.13549574547756,64.4017878545879
1.132277437262704,317.13549574547756,64.31044177469289
1.1650653939401954,317.13549574547756,64.276681454665
1.197853350617687,317.13549574547756,64.19391294969743
1.2306413072951783,317.13549574547756,64.10466000311125
1.2634292639726699,317.13549574547756,64.1542477182993
1.2962172206501612,317.13549574547756,64.23608748969734
1.3290051773276526,317.13549574547756,64.0607424992319
1.3617931340051441,317.13549574547756,64.00275557949018
1.3945810906826355,317.13549574547756,64.03698679005755
1.4273690473601268,317.13549574547756,64.06387276572383
1.4601570040376184,317.13549574547756,64.08998574538853
1.4929449607151097,317.13549574547756,64.07270102542444
1.5257329173926013,317.13549574547756,64.0864031917578
1.5585208740700927,317.13549574547756,64.11447714110825
1.591308830747584,317.13549574547756,64.16167205257176
1.6240967874250756,317.13549574547756,64.19057284014224
1.656884744102567,317.13549574547756,64.23883758481482
1.6896727007800583,317.13549574547756,64.27883120697668
1.7224606574575498,317.13549574547756,64.35556749663203
1.7552486141350412,317.13549574547756,64.3966873026059
1.7880365708125325,317.13549574547756,64.45686320544173
1.820824527490024,317.13549574547756,64.51835862037659
1.8536124841675155,317.13549574547756,64.5717696310483
1.886400440845007,317.13549574547756,64.63794301074239
1.9191883975224984,317.13549574547756,64.68008279861394
1.9519763541999897,317.13549574547756,64.7499551530696
1.9847643108774813,317.13549574547756,64.8351444832936
2.0175522675549726,317.13549574547756,64.88346343726225
2.050340224232464,317.13549574547756,64.93429297273487
2.0831281809099558,317.13549574547756,-3063.9128621644304
2.1159161375874467,317.13549574547756,-24447.902953884743
2.1487040942649385,317.13549574547756,-46392.77509678997
2.18149205094243,317.13549574547756,-40531.19264157096
2.214280007619921,317.13549574547756,-29327.461686689847
2.247067964297413,317.13549574547756,-21242.772957180583
2.279855920974904,317.13549574547756,-13158.098014001982
2.3126438776523957,317.13549574547756,-5080.8218237158035
2.3454318343298866,317.13549574547756,-44.838760502466776
2.3782197910073783,317.13549574547756,65.65003121637571
2.41100774768487,317.13549574547756,65.72501938676139
2.443795704362361,317.13549574547756,65.79701003774497
2.476583661039853,317.13549574547756,65.86948032868571
2.5093716177173437,317.13549574547756,65.94229712308386
2.5421595743948355,317.13549574547756,66.01305789766027
2.5749475310723273,317.13549574547756,66.09332536911306
2.6077354877498182,317.13549574547756,66.17732833111283
2.64052344442731,317.13549574547756,66.11
2.673311401104801,317.13549574547756,66.11
2.7060993577822927,317.13549574547756,66.11
2.7388873144597845,317.13549574547756,66.11
2.7716752711372754,317.13549574547756,66.11
2.804463227814767,317.13549574547756,66.11
2.837251184492258,317.13549574547756,66.11
2.87003914116975,317.13549574547756,66.11
2.9028270978472417,317.13549574547756,66.11
2.9356150545247326,317.13549574547756,66.11
0.3453664770029097,321.338007896585,74.57
0.37815443368040114,321.338007896585,74.57
0.41094239035789254,321.338007896585,74.57
0.44373034703538394,321.338007896585,74.24209383331927
0.4765183037128754,321.338007896585,73.17640756452795
0.5093062603903669,321.338007896585,72.10537139564224
0.5420942170678582,321.338007896585,71.08535186836724
0.5748821737453497,321.338007896585,70.14030537044962
0.6076701304228411,321.338007896585,69.26361275567768
0.6404580871003326,321.338007896585,68.57634308440193
0.673246043777824,321.338007896585,67.99950168092126
0.7060340004553154,321.338007896585,67.46181262460283
0.7388219571328069,321.338007896585,66.98216576356249
0.7716099138102983,321.338007896585,66.60892962030873
0.8043978704877897,321.338007896585,66.24200049467417
0.8371858271652811,321.338007896585,65.94320809231247
0.8699737838427726,321.338007896585,65.68426068765656
0.902761740520264,321.338007896585,65.46181926168471
0.9355496971977555,321.338007896585,65.20891041280841
0.9683376538752468,321.338007896585,65.01121190514029
1.0011256105527382,321.338007896585,64.84223780330478
1.0339135672302298,321.338007896585,64.72153825997084
1.066701523907721,321.338007896585,64.56416672524279
1.0994894805852127,321.338007896585,64.4499699192352
1.132277437262704,321.338007896585,64.3563302229437
1.1650653939401954,321.338007896585,64.30863171316471
1.197853350617687,321.338007896585,64.2282092491163
1.2306413072951783,321.338007896585,64.14967193315658
1.2634292639726699,321.338007896585,64.19865493908245
1.2962172206501612,321.338007896585,64.27617523617536
1.3290051773276526,321.338007896585,64.08973692752231
1.3617931340051441,321.338007896585,64.04062963666415
1.3945810906826355,321.338007896585,64.07501711548203
1.4273690473601268,321.338007896585,64.09350040734326
1.4601570040376184,321.338007896585,64.10525065721568
1.4929449607151097,321.338007896585,64.10607750988946
1.5257329173926013,321.338007896585,64.1185569137316
1.5585208740700927,321.338007896585,64.14089609327152
1.591308830747584,321.338007896585,64.17543538955722
1.6240967874250756,321.338007896585,64.21070626482093
1.656884744102567,321.338007896585,64.25691516980444
1.6896727007800583,321.338007896585,64.30047938184762
1.7224606574575498,321.338007896585,64.36718476016416
1.7552486141350412,321.338007896585,64.41364918238041
1.7880365708125325,321.338007896585,64.47171800954996
1.820824527490024,321.338007896585,64.53185036078861
1.8536124841675155,321.338007896585,64.58675389890752
1.886400440845007,321.338007896585,64.64383416942955
1.9191883975224984,321.338007896585,64.69185415655194
1.9519763541999897,321.338007896585,64.75869230465476
1.9847643108774813,321.338007896585,64.84058657993042
2.0175522675549726,321.338007896585,64.89077793493176
2.050340224232464,321.338007896585,64.9387010600306
2.0831281809099558,321.338007896585,-2864.5511363889505
2.1159161375874467,321.338007896585,-19784.326588598044
2.1487040942649385,321.338007896585,-38013.05439807793
2.18149205094243,321.338007896585,-32768.156891230756
2.214280007619921,321.338007896585,-25219.52516777464
2.247067964297413,321.338007896585,-18781.968579287524
2.279855920974904,321.338007896585,-12344.412295892422
2.3126438776523957,321.338007896585,-5906.857064121531
2.3454318343298866,321.338007896585,-427.39582589295384
2.3782197910073783,321.338007896585,65.64531591669619
2.41100774768487,321.338007896585,65.71885440254226
2.443795704362361,321.338007896585,65.79094792305044
2.476583661039853,321.338007896585,65.86358871843082
2.5093716177173437,321.338007896585,65.9366228262422
2.5421595743948355,321.338007896585,66.00957780591627
2.5749475310723273,321.338007896585,66.08383309507882
2.6077354877498182,321.338007896585,66.16567644692024
2.64052344442731,321.338007896585,66.11
2.673311401104801,321.338007896585,66.11
2.7060993577822927,321.338007896585,66.11
2.7388873144597845,321.338007896585,66.11
2.7716752711372754,321.338007896585,66.11
2.804463227814767,321.338007896585,66.11
2.837251184492258,321.338007896585,66.11
2.87003914116975,321.338007896585,66.11
2.9028270978472417,321.338007896585,66.11
2.9356150545247326,321.338007896585,66.11
0.3453664770029097,325.54052004769244,74.57
0.37815443368040114,325.54052004769244,74.57
0.41094239035789254,325.54052004769244,74.57
0.44373034703538394,325.54052004769244,74.20691719729612
0.4765183037128754,325.54052004769244,73.11796526108714
0.5093062603903669,325.54052004769244,72.04953927410327
0.5420942170678582,325.54052004769244,71.0352291918105
0.5748821737453497,325.54052004769244,70.10051998497265
0.6076701304228411,325.54052004769244,69.25361146226557
0.6404580871003326,325.54052004769244,68.56979755051104
0.673246043777824,325.54052004769244,68.00028754434497
0.7060340004553154,325.54052004769244,67.47929109107591
0.7388219571328069,325.54052004769244,67.00500960885276
0.7716099138102983,325.54052004769244,66.62011505977723
0.8043978704877897,325.54052004769244,66.2719864154213
0.8371858271652811,325.54052004769244,65.9766620008833
0.8699737838427726,325.54052004769244,65.71840947378426
0.902761740520264,325.54052004769244,65.47761681966878
0.9355496971977555,325.54052004769244,65.24517666283822
0.9683376538752468,325.54052004769244,65.04902560726416
1.0011256105527382,325.54052004769244,64.8773574352263
1.0339135672302298,325.54052004769244,64.74251361125154
1.066701523907721,325.54052004769244,64.60144723491689
1.0994894805852127,325.54052004769244,64.48757686472311
1.132277437262704,325.54052004769244,64.39207913897773
1.1650653939401954,325.54052004769244,64.33229882325551
1.197853350617687,325.54052004769244,64.26235425536213
1.2306413072951783,325.54052004769244,64.18473004543527
1.2634292639726699,325.54052004769244,64.23158707840595
1.2962172206501612,325.54052004769244,64.30724696988096
1.3290051773276526,325.54052004769244,64.1237734263364
1.3617931340051441,325.54052004769244,64.07017747787818
1.3945810906826355,325.54052004769244,64.10476875538976
1.4273690473601268,325.54052004769244,64.11730389861968
1.4601570040376184,325.54052004769244,64.12471237355511
1.4929449607151097,325.54052004769244,64.13211306720318
1.5257329173926013,325.54052004769244,64.14360873091779
1.5585208740700927,325.54052004769244,64.16265446965105
1.591308830747584,325.54052004769244,64.18797072044387
1.6240967874250756,325.54052004769244,64.22593776410237
1.656884744102567,325.54052004769244,64.27062529445472
1.6896727007800583,325.54052004769244,64.31673417661978
1.7224606574575498,325.54052004769244,64.3753413764183
1.7552486141350412,325.54052004769244,64.42686418086153
1.7880365708125325,325.54052004769244,64.48462710465677
1.820824527490024,325.54052004769244,64.54290704640277
1.8536124841675155,325.54052004769244,64.59839607032852
1.886400440845007,325.54052004769244,64.65061792717138
1.9191883975224984,325.54052004769244,64.70093403462154
1.9519763541999897,325.54052004769244,64.76536583218818
1.9847643108774813,325.54052004769244,64.84460867220365
2.0175522675549726,325.54052004769244,64.89681645016981
2.050340224232464,325.54052004769244,64.94347383042442
2.0831281809099558,325.54052004769244,-2523.93043858878
2.1159161375874467,325.54052004769244,-14250.394733463636
2.1487040942649385,325.54052004769244,-26334.13116052802
2.18149205094243,325.54052004769244,-23786.464120772765
2.214280007619921,325.54052004769244,-19163.633347076477
2.247067964297413,325.54052004769244,-14622.566294065844
2.279855920974904,325.54052004769244,-10081.499735605554
2.3126438776523957,325.54052004769244,-5540.4344182278655
2.3454318343298866,325.54052004769244,-1023.9704755024832
2.3782197910073783,325.54052004769244,65.64167668714701
2.41100774768487,325.54052004769244,65.71398845793227
2.443795704362361,325.54052004769244,65.78614793041922
2.476583661039853,325.54052004769244,65.85890148675195
2.5093716177173437,325.54052004769244,65.93209516448938
2.5421595743948355,325.54052004769244,66.00557500119021
2.5749475310723273,325.54052004769244,66.07800963995983
2.6077354877498182,325.54052004769244,66.16005730170411
2.64052344442731,325.54052004769244,66.11
2.673311401104801,325.54052004769244,66.11
2.7060993577822927,325.54052004769244,66.11
2.7388873144597845,325.54052004769244,66.11
2.7716752711372754,325.54052004769244,66.11
2.804463227814767,325.54052004769244,66.11
2.837251184492258,325.54052004769244,66.11
2.87003914116975,325.54052004769244,66.11
2.9028270978472417,325.54052004769244,66.11
2.9356150545247326,325.54052004769244,66.11
0.3453664770029097,329.74303219879994,74.57
0.37815443368040114,329.74303219879994,74.57
0.41094239035789254,329.74303219879994,74.57
0.44373034703538394,329.74303219879994,74.1768053319323
0.4765183037128754,329.74303219879994,73.077264816621
0.5093062603903669,329.74303219879994,72.00945449831713
0.5420942170678582,329.74303219879994,70.99885934778457
0.5748821737453497,329.74303219879994,70.07096433578725
0.6076701304228411,329.74303219879994,69.24689853923844
0.6404580871003326,329.74303219879994,68.56318848422987
0.673246043777824,329.74303219879994,68.00076236074051
0.7060340004553154,329.74303219879994,67.49063645878265
0.7388219571328069,329.74303219879994,67.02000042747805
0.7716099138102983,329.74303219879994,66.63332137904277
0.8043978704877897,329.74303219879994,66.2916061046826
0.8371858271652811,329.74303219879994,65.99838282861722
0.8699737838427726,329.74303219879994,65.7406761340215
0.902761740520264,329.74303219879994,65.48965844305786
0.9355496971977555,329.74303219879994,65.2687150053118
0.9683376538752468,329.74303219879994,65.07357855386407
1.0011256105527382,329.74303219879994,64.9001590847336
1.0339135672302298,329.74303219879994,64.75306752466665
1.066701523907721,329.74303219879994,64.62556788545062
1.0994894805852127,329.74303219879994,64.51209789874426
1.132277437262704,329.74303219879994,64.41528843618632
1.1650653939401954,329.74303219879994,64.34664269771811
1.197853350617687,329.74303219879994,64.28482716218444
1.2306413072951783,329.74303219879994,64.20748652535605
1.2634292639726699,329.74303219879994,64.25027389035668
1.2962172206501612,329.74303219879994,64.32810895321785
1.3290051773276526,329.74303219879994,64.14966421485012
1.3617931340051441,329.74303219879994,64.08938388149531
1.3945810906826355,329.74303219879994,64.12428065478646
1.4273690473601268,329.74303219879994,64.13422014007865
1.4601570040376184,329.74303219879994,64.14202809165498
1.4929449607151097,329.74303219879994,64.14906288052615
1.5257329173926013,329.74303219879994,64.15987462835646
1.5585208740700927,329.74303219879994,64.17723534193226
1.591308830747584,329.74303219879994,64.20002655388036
1.6240967874250756,329.74303219879994,64.23560341966642
1.656884744102567,329.74303219879994,64.27931591750345
1.6896727007800583,329.74303219879994,64.3269435500309
1.7224606574575498,329.74303219879994,64.37977885245888
1.7552486141350412,329.74303219879994,64.43544429612746
1.7880365708125325,329.74303219879994,64.49302367817306
1.820824527490024,329.74303219879994,64.55052926087353
1.8536124841675155,329.74303219879994,64.60590276849229
1.886400440845007,329.74303219879994,64.65780956596926
1.9191883975224984,329.74303219879994,64.70677981873519
1.9519763541999897,329.74303219879994,64.76948380469966
1.9847643108774813,329.74303219879994,64.84703214076252
2.0175522675549726,329.74303219879994,64.90121775548494
2.050340224232464,329.74303219879994,64.94705611199717
2.0831281809099558,329.74303219879994,-1605.6166322358174
2.1159161375874467,329.74303219879994,-7686.893850178531
2.1487040942649385,329.74303219879994,-13768.158512937953
2.18149205094243,329.74303219879994,-13236.551193663487
2.214280007619921,329.74303219879994,-10841.344803804712
2.247067964297413,329.74303219879994,-8446.138351421918
2.279855920974904,329.74303219879994,-6050.932583047751
2.3126438776523957,329.74303219879994,-3655.728245214599
2.3454318343298866,329.74303219879994,-1260.526084455128
2.3782197910073783,329.74303219879994,65.63925535779339
2.41100774768487,329.74303219879994,65.71077088009156
2.443795704362361,329.74303219879994,65.78293856107001
2.476583661039853,329.74303219879994,65.85574713486793
2.5093716177173437,329.74303219879994,65.92904263904413
2.5421595743948355,329.74303219879994,66.00267111115743
2.5749475310723273,329.74303219879994,66.07641084999061
2.6077354877498182,329.74303219879994,66.11
2.64052344442731,329.74303219879994,66.11
2.673311401104801,329.74303219879994,66.11
2.7060993577822927,329.74303219879994,66.11
2.7388873144597845,329.74303219879994,66.11
2.7716752711372754,329.74303219879994,66.11
2.804463227814767,329.74303219879994,66.11
2.837251184492258,329.74303219879994,66.11
2.87003914116975,329.74303219879994,66.11
2.9028270978472417,329.74303219879994,66.11
2.9356150545247326,329.74303219879994,66.11
0.3453664770029097,333.9455443499074,74.57
0.37815443368040114,333.9455443499074,74.57
0.41094239035789254,333.9455443499074,74.57
0.44373034703538394,333.9455443499074,74.57
0.4765183037128754,333.9455443499074,74.57
0.5093062603903669,333.9455443499074,74.57
0.5420942170678582,333.9455443499074,69.32
0.5748821737453497,333.9455443499074,69.32
0.6076701304228411,333.9455443499074,69.32
0.6404580871003326,333.9455443499074,68.43
0.673246043777824,333.9455443499074,67.73
0.7060340004553154,333.9455443499074,67.73
0.7388219571328069,333.9455443499074,67.09
0.7716099138102983,333.9455443499074,66.58
0.8043978704877897,333.9455443499074,66.15
0.8371858271652811,333.9455443499074,66.15
0.8699737838427726,333.9455443499074,65.8
0.902761740520264,333.9455443499074,65.47
0.9355496971977555,333.9455443499074,65.19
0.9683376538752468,333.9455443499074,65.19
1.0011256105527382,333.9455443499074,64.95
1.0339135672302298,333.9455443499074,64.75
1.066701523907721,333.9455443499074,64.59
1.0994894805852127,333.9455443499074,64.59
1.132277437262704,333.9455443499074,64.45
1.1650653939401954,333.9455443499074,64.35
1.197853350617687,333.9455443499074,64.27
1.2306413072951783,333.9455443499074,64.21
1.2634292639726699,333.9455443499074,64.21
1.2962172206501612,333.9455443499074,64.34
1.3290051773276526,333.9455443499074,64.12
1.3617931340051441,333.9455443499074,64.12
1.3945810906826355,333.9455443499074,64.12
1.4273690473601268,333.9455443499074,64.14
1.4601570040376184,333.9455443499074,64.15
1.4929449607151097,333.9455443499074,64.16
1.5257329173926013,333.9455443499074,64.16
1.5585208740700927,333.9455443499074,64.18
1.591308830747584,333.9455443499074,64.21
1.6240967874250756,333.9455443499074,64.26
1.656884744102567,333.9455443499074,64.26
1.6896727007800583,333.9455443499074,64.39
1.7224606574575498,333.9455443499074,64.39
1.7552486141350412,333.9455443499074,64.39
1.7880365708125325,333.9455443499074,64.54
1.820824527490024,333.9455443499074,64.54
1.8536124841675155,333.9455443499074,64.54
1.886400440845007,333.9455443499074,64.68
1.9191883975224984,333.9455443499074,64.68
1.9519763541999897,333.9455443499074,64.75
1.9847643108774813,333.9455443499074,64.85
2.0175522675549726,333.9455443499074,64.85
2.050340224232464,333.9455443499074,64.98
2.0831281809099558,333.9455443499074,64.98
2.1159161375874467,333.9455443499074,65.15
2.1487040942649385,333.9455443499074,65.15
2.18149205094243,333.9455443499074,65.15
2.214280007619921,333.9455443499074,65.15
2.247067964297413,333.9455443499074,65.15
2.279855920974904,333.9455443499074,65.63
2.3126438776523957,333.9455443499074,65.63
2.3454318343298866,333.9455443499074,65.63
2.3782197910073783,333.9455443499074,65.63
2.41100774768487,333.9455443499074,65.63
2.443795704362361,333.9455443499074,65.63
2.476583661039853,333.9455443499074,65.63
2.5093716177173437,333.9455443499074,66.11
2.5421595743948355,333.9455443499074,66.11
2.5749475310723273,333.9455443499074,66.11
2.6077354877498182,333.9455443499074,66.11
2.64052344442731,333.9455443499074,66.11
2.673311401104801,333.9455443499074,66.11
2.7060993577822927,333.9455443499074,66.11
2.7388873144597845,333.9455443499074,66.11
2.7716752711372754,333.9455443499074,66.11
2.804463227814767,333.9455443499074,66.11
2.837251184492258,333.9455443499074,66.11
2.87003914116975,333.9455443499074,66.11
2.9028270978472417,333.9455443499074,66.11
2.9356150545247326,333.9455443499074,66.11
